Graph Name,Graph Type,Graph Size,Algorithm,Success,Path Length,Longest Path Length,Time (seconds),Generations,GBS Used
Random_n20_1,Random,20,SourceResolved-GA,1,20,20,0.03151512145996094,17,True
Random_n20_1,Random,20,SourceResolved-GA,1,20,20,0.03486943244934082,19,True
Random_n20_1,Random,20,SourceResolved-GA,1,20,20,0.001917123794555664,0,True
Random_n20_1,Random,20,SourceResolved-GA,1,20,20,0.032546043395996094,18,True
Random_n20_1,Random,20,SourceResolved-GA,1,20,20,0.04553341865539551,25,True
Random_n20_1,Random,20,SourceResolved-GA,0,19,19,0.343425989151001,200,True
Random_n20_1,Random,20,SourceResolved-GA,1,20,20,0.08286142349243164,47,True
Random_n20_1,Random,20,SourceResolved-GA,1,20,20,0.07052779197692871,35,True
Random_n20_1,Random,20,SourceResolved-GA,0,18,18,0.34722137451171875,200,True
Random_n20_1,Random,20,SourceResolved-GA,1,20,20,0.024178504943847656,13,True
Random_n20_1,Random,20,MS-SourceResolved-GA,1,20,20,0.029118776321411133,42,True
Random_n20_1,Random,20,MS-SourceResolved-GA,1,20,20,0.04426884651184082,64,True
Random_n20_1,Random,20,MS-SourceResolved-GA,1,20,20,0.07168221473693848,0,True
Random_n20_1,Random,20,MS-SourceResolved-GA,1,20,20,0.025733232498168945,37,True
Random_n20_1,Random,20,MS-SourceResolved-GA,1,20,20,0.12436223030090332,30,True
Random_n20_1,Random,20,MS-SourceResolved-GA,1,20,20,0.018123626708984375,26,True
Random_n20_1,Random,20,MS-SourceResolved-GA,1,20,20,0.09519243240356445,14,True
Random_n20_1,Random,20,MS-SourceResolved-GA,1,20,20,0.12195086479187012,29,True
Random_n20_1,Random,20,MS-SourceResolved-GA,1,20,20,0.07102251052856445,0,True
Random_n20_1,Random,20,MS-SourceResolved-GA,1,20,20,0.01633620262145996,23,True
Random_n20_2,Random,20,SourceResolved-GA,1,20,20,0.027660608291625977,15,True
Random_n20_2,Random,20,SourceResolved-GA,1,20,20,0.0019156932830810547,0,True
Random_n20_2,Random,20,SourceResolved-GA,1,20,20,0.05488157272338867,31,True
Random_n20_2,Random,20,SourceResolved-GA,1,20,20,0.00884389877319336,4,True
Random_n20_2,Random,20,SourceResolved-GA,1,20,20,0.0018835067749023438,0,True
Random_n20_2,Random,20,SourceResolved-GA,1,20,20,0.0019080638885498047,0,True
Random_n20_2,Random,20,SourceResolved-GA,1,20,20,0.001855611801147461,0,True
Random_n20_2,Random,20,SourceResolved-GA,1,20,20,0.0018529891967773438,0,True
Random_n20_2,Random,20,SourceResolved-GA,1,20,20,0.0018880367279052734,0,True
Random_n20_2,Random,20,SourceResolved-GA,1,20,20,0.015563249588012695,8,True
Random_n20_2,Random,20,MS-SourceResolved-GA,1,20,20,0.020694732666015625,30,True
Random_n20_2,Random,20,MS-SourceResolved-GA,1,20,20,0.014586687088012695,21,True
Random_n20_2,Random,20,MS-SourceResolved-GA,1,20,20,0.1053781509399414,20,True
Random_n20_2,Random,20,MS-SourceResolved-GA,1,20,20,0.021984577178955078,32,True
Random_n20_2,Random,20,MS-SourceResolved-GA,1,20,20,0.01610279083251953,23,True
Random_n20_2,Random,20,MS-SourceResolved-GA,1,20,20,0.0709235668182373,0,True
Random_n20_2,Random,20,MS-SourceResolved-GA,1,20,20,0.029977083206176758,43,True
Random_n20_2,Random,20,MS-SourceResolved-GA,1,20,20,0.025745153427124023,38,True
Random_n20_2,Random,20,MS-SourceResolved-GA,1,20,20,0.026139497756958008,38,True
Random_n20_2,Random,20,MS-SourceResolved-GA,1,20,20,0.017393112182617188,25,True
Random_n20_3,Random,20,SourceResolved-GA,1,20,20,0.03253293037414551,17,True
Random_n20_3,Random,20,SourceResolved-GA,1,20,20,0.03962564468383789,22,True
Random_n20_3,Random,20,SourceResolved-GA,1,20,20,0.026210784912109375,14,True
Random_n20_3,Random,20,SourceResolved-GA,1,20,20,0.010583162307739258,5,True
Random_n20_3,Random,20,SourceResolved-GA,1,20,20,0.0018191337585449219,0,True
Random_n20_3,Random,20,SourceResolved-GA,1,20,20,0.07422065734863281,42,True
Random_n20_3,Random,20,SourceResolved-GA,1,20,20,0.0018107891082763672,0,True
Random_n20_3,Random,20,SourceResolved-GA,1,20,20,0.0018270015716552734,0,True
Random_n20_3,Random,20,SourceResolved-GA,1,20,20,0.032889366149902344,18,True
Random_n20_3,Random,20,SourceResolved-GA,1,20,20,0.029539108276367188,16,True
Random_n20_3,Random,20,MS-SourceResolved-GA,1,20,20,0.07066202163696289,0,True
Random_n20_3,Random,20,MS-SourceResolved-GA,1,20,20,0.020360946655273438,29,True
Random_n20_3,Random,20,MS-SourceResolved-GA,1,20,20,0.026599884033203125,39,True
Random_n20_3,Random,20,MS-SourceResolved-GA,1,20,20,0.0174100399017334,25,True
Random_n20_3,Random,20,MS-SourceResolved-GA,1,20,20,0.08000445365905762,5,True
Random_n20_3,Random,20,MS-SourceResolved-GA,1,20,20,0.02282261848449707,33,True
Random_n20_3,Random,20,MS-SourceResolved-GA,1,20,20,0.07074093818664551,0,True
Random_n20_3,Random,20,MS-SourceResolved-GA,1,20,20,0.09337854385375977,13,True
Random_n20_3,Random,20,MS-SourceResolved-GA,1,20,20,0.12528038024902344,31,True
Random_n20_3,Random,20,MS-SourceResolved-GA,0,20,20,0.3276653289794922,150,True
Random_n20_4,Random,20,SourceResolved-GA,1,20,20,0.025771141052246094,14,True
Random_n20_4,Random,20,SourceResolved-GA,1,20,20,0.05181097984313965,29,True
Random_n20_4,Random,20,SourceResolved-GA,1,20,20,0.0019214153289794922,0,True
Random_n20_4,Random,20,SourceResolved-GA,1,20,20,0.00188446044921875,0,True
Random_n20_4,Random,20,SourceResolved-GA,1,20,20,0.0019216537475585938,0,True
Random_n20_4,Random,20,SourceResolved-GA,1,20,20,0.0018439292907714844,0,True
Random_n20_4,Random,20,SourceResolved-GA,1,20,20,0.0018398761749267578,0,True
Random_n20_4,Random,20,SourceResolved-GA,1,20,20,0.0019032955169677734,0,True
Random_n20_4,Random,20,SourceResolved-GA,1,20,20,0.029519081115722656,16,True
Random_n20_4,Random,20,SourceResolved-GA,1,20,20,0.003649473190307617,1,True
Random_n20_4,Random,20,MS-SourceResolved-GA,1,20,20,0.07044720649719238,0,True
Random_n20_4,Random,20,MS-SourceResolved-GA,1,20,20,0.0159912109375,23,True
Random_n20_4,Random,20,MS-SourceResolved-GA,1,20,20,0.014839887619018555,21,True
Random_n20_4,Random,20,MS-SourceResolved-GA,1,20,20,0.07005476951599121,0,True
Random_n20_4,Random,20,MS-SourceResolved-GA,1,20,20,0.026355266571044922,38,True
Random_n20_4,Random,20,MS-SourceResolved-GA,1,20,20,0.0704958438873291,0,True
Random_n20_4,Random,20,MS-SourceResolved-GA,1,20,20,0.028460979461669922,41,True
Random_n20_4,Random,20,MS-SourceResolved-GA,1,20,20,0.02033400535583496,29,True
Random_n20_4,Random,20,MS-SourceResolved-GA,1,20,20,0.08585453033447266,8,True
Random_n20_4,Random,20,MS-SourceResolved-GA,1,20,20,0.02490377426147461,36,True
Random_n15_21,Random,15,SourceResolved-GA,1,15,15,0.01644444465637207,10,True
Random_n15_21,Random,15,SourceResolved-GA,1,15,15,0.0014317035675048828,0,True
Random_n15_21,Random,15,SourceResolved-GA,1,15,15,0.0687253475189209,46,True
Random_n15_21,Random,15,SourceResolved-GA,1,15,15,0.044150352478027344,29,True
Random_n15_21,Random,15,SourceResolved-GA,1,15,15,0.017716407775878906,11,True
Random_n15_21,Random,15,SourceResolved-GA,1,15,15,0.0013885498046875,0,True
Random_n15_21,Random,15,SourceResolved-GA,1,15,15,0.008803367614746094,5,True
Random_n15_21,Random,15,SourceResolved-GA,1,15,15,0.0014405250549316406,0,True
Random_n15_21,Random,15,SourceResolved-GA,1,15,15,0.03221607208251953,21,True
Random_n15_21,Random,15,SourceResolved-GA,1,15,15,0.001415252685546875,0,True
Random_n15_21,Random,15,MS-SourceResolved-GA,1,15,15,0.06047773361206055,0,True
Random_n15_21,Random,15,MS-SourceResolved-GA,1,15,15,0.011298656463623047,19,True
Random_n15_21,Random,15,MS-SourceResolved-GA,1,15,15,0.006724357604980469,11,True
Random_n15_21,Random,15,MS-SourceResolved-GA,1,15,15,0.019037485122680664,32,True
Random_n15_21,Random,15,MS-SourceResolved-GA,1,15,15,0.06030774116516113,0,True
Random_n15_21,Random,15,MS-SourceResolved-GA,1,15,15,0.06008625030517578,0,True
Random_n15_21,Random,15,MS-SourceResolved-GA,1,15,15,0.01815652847290039,31,True
Random_n15_21,Random,15,MS-SourceResolved-GA,1,15,15,0.007822990417480469,13,True
Random_n15_21,Random,15,MS-SourceResolved-GA,1,15,15,0.06013822555541992,0,True
Random_n15_21,Random,15,MS-SourceResolved-GA,1,15,15,0.060248613357543945,0,True
Random_n15_22,Random,15,SourceResolved-GA,1,15,15,0.0425114631652832,28,True
Random_n15_22,Random,15,SourceResolved-GA,1,15,15,0.0014181137084960938,0,True
Random_n15_22,Random,15,SourceResolved-GA,1,15,15,0.014708280563354492,9,True
Random_n15_22,Random,15,SourceResolved-GA,1,15,15,0.043502092361450195,29,True
Random_n15_22,Random,15,SourceResolved-GA,1,15,15,0.03690791130065918,24,True
Random_n15_22,Random,15,SourceResolved-GA,1,15,15,0.024828195571899414,16,True
Random_n15_22,Random,15,SourceResolved-GA,1,15,15,0.011652946472167969,7,True
Random_n15_22,Random,15,SourceResolved-GA,1,15,15,0.0014355182647705078,0,True
Random_n15_22,Random,15,SourceResolved-GA,0,14,14,0.29378604888916016,200,True
Random_n15_22,Random,15,SourceResolved-GA,1,15,15,0.0028400421142578125,1,True
Random_n15_22,Random,15,MS-SourceResolved-GA,1,15,15,0.00795292854309082,13,True
Random_n15_22,Random,15,MS-SourceResolved-GA,0,15,15,0.2793562412261963,150,True
Random_n15_22,Random,15,MS-SourceResolved-GA,1,15,15,0.09164261817932129,22,True
Random_n15_22,Random,15,MS-SourceResolved-GA,1,15,15,0.07393026351928711,10,True
Random_n15_22,Random,15,MS-SourceResolved-GA,1,15,15,0.06099343299865723,1,True
Random_n15_22,Random,15,MS-SourceResolved-GA,1,15,15,0.0077397823333740234,13,True
Random_n15_22,Random,15,MS-SourceResolved-GA,1,15,15,0.05962824821472168,0,True
Random_n15_22,Random,15,MS-SourceResolved-GA,1,15,15,0.008353948593139648,14,True
Random_n15_22,Random,15,MS-SourceResolved-GA,1,15,15,0.0166170597076416,28,True
Random_n15_22,Random,15,MS-SourceResolved-GA,1,15,15,0.016654491424560547,28,True
Random_n15_23,Random,15,SourceResolved-GA,1,15,15,0.030605316162109375,20,True
Random_n15_23,Random,15,SourceResolved-GA,1,15,15,0.2277209758758545,158,True
Random_n15_23,Random,15,SourceResolved-GA,1,15,15,0.0014438629150390625,0,True
Random_n15_23,Random,15,SourceResolved-GA,0,15,15,0.2879760265350342,200,True
Random_n15_23,Random,15,SourceResolved-GA,1,15,15,0.03345513343811035,22,True
Random_n15_23,Random,15,SourceResolved-GA,1,15,15,0.0014026165008544922,0,True
Random_n15_23,Random,15,SourceResolved-GA,1,15,15,0.0014150142669677734,0,True
Random_n15_23,Random,15,SourceResolved-GA,0,15,15,0.2893710136413574,200,True
Random_n15_23,Random,15,SourceResolved-GA,1,15,15,0.001438140869140625,0,True
Random_n15_23,Random,15,SourceResolved-GA,1,15,15,0.0013704299926757812,0,True
Random_n15_23,Random,15,MS-SourceResolved-GA,1,15,15,0.060196876525878906,0,True
Random_n15_23,Random,15,MS-SourceResolved-GA,0,15,15,0.2783842086791992,150,True
Random_n15_23,Random,15,MS-SourceResolved-GA,1,15,15,0.06713104248046875,5,True
Random_n15_23,Random,15,MS-SourceResolved-GA,1,15,15,0.017118215560913086,29,True
Random_n15_23,Random,15,MS-SourceResolved-GA,1,15,15,0.060021162033081055,0,True
Random_n15_23,Random,15,MS-SourceResolved-GA,1,15,15,0.023061275482177734,39,True
Random_n15_23,Random,15,MS-SourceResolved-GA,0,10,10,0.2758326530456543,150,True
Random_n15_23,Random,15,MS-SourceResolved-GA,1,15,15,0.060027122497558594,0,True
Random_n15_23,Random,15,MS-SourceResolved-GA,1,15,15,0.060410261154174805,0,True
Random_n15_23,Random,15,MS-SourceResolved-GA,0,15,15,0.2754049301147461,150,True
Random_n15_24,Random,15,SourceResolved-GA,1,15,15,0.020699501037597656,13,True
Random_n15_24,Random,15,SourceResolved-GA,1,15,15,0.0014495849609375,0,True
Random_n15_24,Random,15,SourceResolved-GA,1,15,15,0.011638164520263672,7,True
Random_n15_24,Random,15,SourceResolved-GA,1,15,15,0.0014166831970214844,0,True
Random_n15_24,Random,15,SourceResolved-GA,1,15,15,0.005826473236083984,3,True
Random_n15_24,Random,15,SourceResolved-GA,1,15,15,0.013098478317260742,8,True
Random_n15_24,Random,15,SourceResolved-GA,1,15,15,0.0014195442199707031,0,True
Random_n15_24,Random,15,SourceResolved-GA,0,14,14,0.29084181785583496,200,True
Random_n15_24,Random,15,SourceResolved-GA,1,15,15,0.00141143798828125,0,True
Random_n15_24,Random,15,SourceResolved-GA,1,15,15,0.011733770370483398,7,True
Random_n15_24,Random,15,MS-SourceResolved-GA,1,15,15,0.06023812294006348,0,True
Random_n15_24,Random,15,MS-SourceResolved-GA,1,15,15,0.05991673469543457,0,True
Random_n15_24,Random,15,MS-SourceResolved-GA,1,15,15,0.06048297882080078,0,True
Random_n15_24,Random,15,MS-SourceResolved-GA,1,15,15,0.06063652038574219,0,True
Random_n15_24,Random,15,MS-SourceResolved-GA,0,8,8,0.27849769592285156,150,True
Random_n15_24,Random,15,MS-SourceResolved-GA,1,15,15,0.06005859375,0,True
Random_n15_24,Random,15,MS-SourceResolved-GA,1,15,15,0.007882833480834961,13,True
Random_n15_24,Random,15,MS-SourceResolved-GA,1,15,15,0.06025505065917969,0,True
Random_n15_24,Random,15,MS-SourceResolved-GA,1,15,15,0.02086496353149414,35,True
Random_n15_24,Random,15,MS-SourceResolved-GA,1,15,15,0.07183408737182617,7,True
Random_n15_29,Random,15,SourceResolved-GA,1,15,15,0.02379465103149414,15,True
Random_n15_29,Random,15,SourceResolved-GA,1,15,15,0.023412466049194336,15,True
Random_n15_29,Random,15,SourceResolved-GA,1,15,15,0.0015075206756591797,0,True
Random_n15_29,Random,15,SourceResolved-GA,1,15,15,0.0015540122985839844,0,True
Random_n15_29,Random,15,SourceResolved-GA,1,15,15,0.022008419036865234,14,True
Random_n15_29,Random,15,SourceResolved-GA,1,15,15,0.0014643669128417969,0,True
Random_n15_29,Random,15,SourceResolved-GA,1,15,15,0.0014047622680664062,0,True
Random_n15_29,Random,15,SourceResolved-GA,1,15,15,0.0016443729400634766,0,True
Random_n15_29,Random,15,SourceResolved-GA,1,15,15,0.0014705657958984375,0,True
Random_n15_29,Random,15,SourceResolved-GA,1,15,15,0.0014164447784423828,0,True
Random_n15_29,Random,15,MS-SourceResolved-GA,1,15,15,0.08103632926940918,13,True
Random_n15_29,Random,15,MS-SourceResolved-GA,1,15,15,0.07254743576049805,8,True
Random_n15_29,Random,15,MS-SourceResolved-GA,1,15,15,0.08115077018737793,14,True
Random_n15_29,Random,15,MS-SourceResolved-GA,1,15,15,0.005072593688964844,8,True
Random_n15_29,Random,15,MS-SourceResolved-GA,1,15,15,0.06074881553649902,0,True
Random_n15_29,Random,15,MS-SourceResolved-GA,1,15,15,0.007861614227294922,13,True
Random_n15_29,Random,15,MS-SourceResolved-GA,0,14,14,0.28183603286743164,150,True
Random_n15_29,Random,15,MS-SourceResolved-GA,1,15,15,0.07886171340942383,12,True
Random_n15_29,Random,15,MS-SourceResolved-GA,1,15,15,0.06082582473754883,0,True
Random_n15_29,Random,15,MS-SourceResolved-GA,1,15,15,0.016977548599243164,28,True
Random_n15_30,Random,15,SourceResolved-GA,1,15,15,0.022741079330444336,14,True
Random_n15_30,Random,15,SourceResolved-GA,1,15,15,0.006239414215087891,3,True
Random_n15_30,Random,15,SourceResolved-GA,1,15,15,0.007627725601196289,4,True
Random_n15_30,Random,15,SourceResolved-GA,1,15,15,0.03130221366882324,19,True
Random_n15_30,Random,15,SourceResolved-GA,1,15,15,0.013125419616699219,8,True
Random_n15_30,Random,15,SourceResolved-GA,1,15,15,0.02228236198425293,14,True
Random_n15_30,Random,15,SourceResolved-GA,1,15,15,0.029766082763671875,19,True
Random_n15_30,Random,15,SourceResolved-GA,1,15,15,0.01911449432373047,12,True
Random_n15_30,Random,15,SourceResolved-GA,0,12,12,0.2896125316619873,200,True
Random_n15_30,Random,15,SourceResolved-GA,1,15,15,0.022147655487060547,14,True
Random_n15_30,Random,15,MS-SourceResolved-GA,1,15,15,0.05987119674682617,0,True
Random_n15_30,Random,15,MS-SourceResolved-GA,1,15,15,0.014958381652832031,25,True
Random_n15_30,Random,15,MS-SourceResolved-GA,1,15,15,0.010253190994262695,17,True
Random_n15_30,Random,15,MS-SourceResolved-GA,1,15,15,0.09352993965148926,23,True
Random_n15_30,Random,15,MS-SourceResolved-GA,1,15,15,0.029053449630737305,49,True
Random_n15_30,Random,15,MS-SourceResolved-GA,1,15,15,0.01204681396484375,20,True
Random_n15_30,Random,15,MS-SourceResolved-GA,1,15,15,0.06050562858581543,0,True
Random_n15_30,Random,15,MS-SourceResolved-GA,1,15,15,0.07931876182556152,13,True
Random_n15_30,Random,15,MS-SourceResolved-GA,1,15,15,0.025803089141845703,44,True
Random_n15_30,Random,15,MS-SourceResolved-GA,1,15,15,0.06029820442199707,0,True
Random_n15_31,Random,15,SourceResolved-GA,0,14,14,0.2872605323791504,200,True
Random_n15_31,Random,15,SourceResolved-GA,0,15,15,0.29146742820739746,200,True
Random_n15_31,Random,15,SourceResolved-GA,1,15,15,0.03186345100402832,21,True
Random_n15_31,Random,15,SourceResolved-GA,1,15,15,0.019167184829711914,12,True
Random_n15_31,Random,15,SourceResolved-GA,0,8,8,0.29097604751586914,200,True
Random_n15_31,Random,15,SourceResolved-GA,0,14,14,0.29163360595703125,200,True
Random_n15_31,Random,15,SourceResolved-GA,0,15,15,0.2887589931488037,200,True
Random_n15_31,Random,15,SourceResolved-GA,0,15,15,0.2862820625305176,200,True
Random_n15_31,Random,15,SourceResolved-GA,0,12,12,0.29126691818237305,200,True
Random_n15_31,Random,15,SourceResolved-GA,0,15,15,0.2889831066131592,200,True
Random_n15_31,Random,15,MS-SourceResolved-GA,0,13,13,0.27587342262268066,150,True
Random_n15_31,Random,15,MS-SourceResolved-GA,1,15,15,0.07167291641235352,8,True
Random_n15_31,Random,15,MS-SourceResolved-GA,0,12,12,0.2778592109680176,150,True
Random_n15_31,Random,15,MS-SourceResolved-GA,1,15,15,0.028943538665771484,49,True
Random_n15_31,Random,15,MS-SourceResolved-GA,1,15,15,0.08296608924865723,16,True
Random_n15_31,Random,15,MS-SourceResolved-GA,1,15,15,0.022582054138183594,36,True
Random_n15_31,Random,15,MS-SourceResolved-GA,1,15,15,0.02431511878967285,42,True
Random_n15_31,Random,15,MS-SourceResolved-GA,0,15,15,0.2752225399017334,150,True
Random_n15_31,Random,15,MS-SourceResolved-GA,0,8,8,0.27536725997924805,150,True
Random_n15_31,Random,15,MS-SourceResolved-GA,1,15,15,0.07530093193054199,10,True
Random_n15_32,Random,15,SourceResolved-GA,1,15,15,0.008774042129516602,5,True
Random_n15_32,Random,15,SourceResolved-GA,1,15,15,0.023624658584594727,15,True
Random_n15_32,Random,15,SourceResolved-GA,1,15,15,0.0014219284057617188,0,True
Random_n15_32,Random,15,SourceResolved-GA,0,14,14,0.2906172275543213,200,True
Random_n15_32,Random,15,SourceResolved-GA,0,13,13,0.29364657402038574,200,True
Random_n15_32,Random,15,SourceResolved-GA,1,15,15,0.004322528839111328,2,True
Random_n15_32,Random,15,SourceResolved-GA,1,15,15,0.010142087936401367,6,True
Random_n15_32,Random,15,SourceResolved-GA,1,15,15,0.0043888092041015625,2,True
Random_n15_32,Random,15,SourceResolved-GA,1,15,15,0.0014073848724365234,0,True
Random_n15_32,Random,15,SourceResolved-GA,1,15,15,0.0013997554779052734,0,True
Random_n15_32,Random,15,MS-SourceResolved-GA,1,15,15,0.06004762649536133,0,True
Random_n15_32,Random,15,MS-SourceResolved-GA,1,15,15,0.06474494934082031,3,True
Random_n15_32,Random,15,MS-SourceResolved-GA,0,15,15,0.27587127685546875,150,True
Random_n15_32,Random,15,MS-SourceResolved-GA,1,15,15,0.07666230201721191,11,True
Random_n15_32,Random,15,MS-SourceResolved-GA,1,15,15,0.01592707633972168,27,True
Random_n15_32,Random,15,MS-SourceResolved-GA,1,15,15,0.06461858749389648,3,True
Random_n15_32,Random,15,MS-SourceResolved-GA,1,15,15,0.07911014556884766,13,True
Random_n15_32,Random,15,MS-SourceResolved-GA,1,15,15,0.027950286865234375,45,True
Random_n15_32,Random,15,MS-SourceResolved-GA,1,15,15,0.013858556747436523,23,True
Random_n15_32,Random,15,MS-SourceResolved-GA,1,15,15,0.0865640640258789,18,True
Random_n15_57,Random,15,SourceResolved-GA,1,15,15,0.0031387805938720703,1,True
Random_n15_57,Random,15,SourceResolved-GA,1,15,15,0.0013873577117919922,0,True
Random_n15_57,Random,15,SourceResolved-GA,1,15,15,0.00140380859375,0,True
Random_n15_57,Random,15,SourceResolved-GA,1,15,15,0.0014374256134033203,0,True
Random_n15_57,Random,15,SourceResolved-GA,1,15,15,0.004189014434814453,2,True
Random_n15_57,Random,15,SourceResolved-GA,1,15,15,0.005849123001098633,3,True
Random_n15_57,Random,15,SourceResolved-GA,1,15,15,0.020392179489135742,13,True
Random_n15_57,Random,15,SourceResolved-GA,1,15,15,0.001377105712890625,0,True
Random_n15_57,Random,15,SourceResolved-GA,0,13,13,0.2900209426879883,200,True
Random_n15_57,Random,15,SourceResolved-GA,1,15,15,0.0013885498046875,0,True
Random_n15_57,Random,15,MS-SourceResolved-GA,1,15,15,0.019908666610717773,34,True
Random_n15_57,Random,15,MS-SourceResolved-GA,1,15,15,0.01581859588623047,27,True
Random_n15_57,Random,15,MS-SourceResolved-GA,1,15,15,0.012516260147094727,21,True
Random_n15_57,Random,15,MS-SourceResolved-GA,1,15,15,0.01648235321044922,28,True
Random_n15_57,Random,15,MS-SourceResolved-GA,1,15,15,0.05999112129211426,0,True
Random_n15_57,Random,15,MS-SourceResolved-GA,1,15,15,0.0250399112701416,43,True
Random_n15_57,Random,15,MS-SourceResolved-GA,1,15,15,0.06021714210510254,0,True
Random_n15_57,Random,15,MS-SourceResolved-GA,1,15,15,0.007837057113647461,13,True
Random_n15_57,Random,15,MS-SourceResolved-GA,1,15,15,0.010647058486938477,18,True
Random_n15_57,Random,15,MS-SourceResolved-GA,1,15,15,0.060369253158569336,0,True
Random_n15_58,Random,15,SourceResolved-GA,0,8,8,0.289747953414917,200,True
Random_n15_58,Random,15,SourceResolved-GA,0,11,11,0.2902500629425049,200,True
Random_n15_58,Random,15,SourceResolved-GA,0,13,13,0.29016876220703125,200,True
Random_n15_58,Random,15,SourceResolved-GA,0,11,11,0.29007840156555176,200,True
Random_n15_58,Random,15,SourceResolved-GA,0,9,9,0.2900404930114746,200,True
Random_n15_58,Random,15,SourceResolved-GA,0,12,12,0.2923717498779297,200,True
Random_n15_58,Random,15,SourceResolved-GA,0,14,14,0.2911410331726074,200,True
Random_n15_58,Random,15,SourceResolved-GA,0,13,13,0.2907242774963379,200,True
Random_n15_58,Random,15,SourceResolved-GA,0,8,8,0.2881460189819336,200,True
Random_n15_58,Random,15,SourceResolved-GA,0,13,13,0.29047441482543945,200,True
Random_n15_58,Random,15,MS-SourceResolved-GA,0,12,12,0.2782328128814697,150,True
Random_n15_58,Random,15,MS-SourceResolved-GA,0,12,12,0.2765383720397949,150,True
Random_n15_58,Random,15,MS-SourceResolved-GA,0,8,8,0.2765390872955322,150,True
Random_n15_58,Random,15,MS-SourceResolved-GA,0,8,8,0.2770354747772217,150,True
Random_n15_58,Random,15,MS-SourceResolved-GA,0,9,9,0.2743687629699707,150,True
Random_n15_58,Random,15,MS-SourceResolved-GA,0,9,9,0.27517199516296387,150,True
Random_n15_58,Random,15,MS-SourceResolved-GA,0,9,9,0.2770543098449707,150,True
Random_n15_58,Random,15,MS-SourceResolved-GA,0,9,9,0.27330970764160156,150,True
Random_n15_58,Random,15,MS-SourceResolved-GA,0,8,8,0.27547550201416016,150,True
Random_n15_58,Random,15,MS-SourceResolved-GA,0,11,11,0.2785050868988037,150,True
Random_n15_59,Random,15,SourceResolved-GA,1,15,15,0.02362060546875,15,True
Random_n15_59,Random,15,SourceResolved-GA,1,15,15,0.0015130043029785156,0,True
Random_n15_59,Random,15,SourceResolved-GA,1,15,15,0.001458883285522461,0,True
Random_n15_59,Random,15,SourceResolved-GA,1,15,15,0.00590968132019043,3,True
Random_n15_59,Random,15,SourceResolved-GA,1,15,15,0.0014905929565429688,0,True
Random_n15_59,Random,15,SourceResolved-GA,1,15,15,0.007342338562011719,4,True
Random_n15_59,Random,15,SourceResolved-GA,1,15,15,0.0014810562133789062,0,True
Random_n15_59,Random,15,SourceResolved-GA,1,15,15,0.0014503002166748047,0,True
Random_n15_59,Random,15,SourceResolved-GA,1,15,15,0.023603439331054688,15,True
Random_n15_59,Random,15,SourceResolved-GA,1,15,15,0.001483917236328125,0,True
Random_n15_59,Random,15,MS-SourceResolved-GA,1,15,15,0.055039405822753906,94,True
Random_n15_59,Random,15,MS-SourceResolved-GA,1,15,15,0.007924079895019531,13,True
Random_n15_59,Random,15,MS-SourceResolved-GA,1,15,15,0.07926297187805176,13,True
Random_n15_59,Random,15,MS-SourceResolved-GA,1,15,15,0.0229947566986084,39,True
Random_n15_59,Random,15,MS-SourceResolved-GA,1,15,15,0.0598602294921875,0,True
Random_n15_59,Random,15,MS-SourceResolved-GA,1,15,15,0.059571266174316406,0,True
Random_n15_59,Random,15,MS-SourceResolved-GA,1,15,15,0.012724161148071289,21,True
Random_n15_59,Random,15,MS-SourceResolved-GA,1,15,15,0.0245816707611084,42,True
Random_n15_59,Random,15,MS-SourceResolved-GA,1,15,15,0.016210317611694336,27,True
Random_n15_59,Random,15,MS-SourceResolved-GA,1,15,15,0.07162976264953613,8,True
Random_n15_60,Random,15,SourceResolved-GA,1,15,15,0.014859676361083984,9,True
Random_n15_60,Random,15,SourceResolved-GA,1,15,15,0.045658111572265625,30,True
Random_n15_60,Random,15,SourceResolved-GA,1,15,15,0.0014650821685791016,0,True
Random_n15_60,Random,15,SourceResolved-GA,1,15,15,0.001478433609008789,0,True
Random_n15_60,Random,15,SourceResolved-GA,1,15,15,0.031028032302856445,20,True
Random_n15_60,Random,15,SourceResolved-GA,1,15,15,0.0014584064483642578,0,True
Random_n15_60,Random,15,SourceResolved-GA,1,15,15,0.014728784561157227,9,True
Random_n15_60,Random,15,SourceResolved-GA,1,15,15,0.0058765411376953125,3,True
Random_n15_60,Random,15,SourceResolved-GA,1,15,15,0.02947378158569336,19,True
Random_n15_60,Random,15,SourceResolved-GA,1,15,15,0.023572444915771484,15,True
Random_n15_60,Random,15,MS-SourceResolved-GA,1,15,15,0.011455059051513672,19,True
Random_n15_60,Random,15,MS-SourceResolved-GA,1,15,15,0.014750480651855469,25,True
Random_n15_60,Random,15,MS-SourceResolved-GA,1,15,15,0.06019258499145508,0,True
Random_n15_60,Random,15,MS-SourceResolved-GA,1,15,15,0.017289400100708008,29,True
Random_n15_60,Random,15,MS-SourceResolved-GA,1,15,15,0.05973696708679199,0,True
Random_n15_60,Random,15,MS-SourceResolved-GA,1,15,15,0.06013894081115723,0,True
Random_n15_60,Random,15,MS-SourceResolved-GA,0,12,12,0.2774374485015869,150,True
Random_n15_60,Random,15,MS-SourceResolved-GA,1,15,15,0.020577430725097656,35,True
Random_n15_60,Random,15,MS-SourceResolved-GA,1,15,15,0.06012916564941406,0,True
Random_n15_60,Random,15,MS-SourceResolved-GA,1,15,15,0.0813906192779541,15,True
Random_n15_45,Random,15,SourceResolved-GA,1,15,15,0.0015285015106201172,0,True
Random_n15_45,Random,15,SourceResolved-GA,1,15,15,0.011672019958496094,7,True
Random_n15_45,Random,15,SourceResolved-GA,1,15,15,0.001440286636352539,0,True
Random_n15_45,Random,15,SourceResolved-GA,1,15,15,0.0014352798461914062,0,True
Random_n15_45,Random,15,SourceResolved-GA,1,15,15,0.0014538764953613281,0,True
Random_n15_45,Random,15,SourceResolved-GA,1,15,15,0.0013890266418457031,0,True
Random_n15_45,Random,15,SourceResolved-GA,1,15,15,0.019025564193725586,12,True
Random_n15_45,Random,15,SourceResolved-GA,1,15,15,0.001405954360961914,0,True
Random_n15_45,Random,15,SourceResolved-GA,1,15,15,0.0014231204986572266,0,True
Random_n15_45,Random,15,SourceResolved-GA,1,15,15,0.023706436157226562,15,True
Random_n15_45,Random,15,MS-SourceResolved-GA,1,15,15,0.06022834777832031,0,True
Random_n15_45,Random,15,MS-SourceResolved-GA,1,15,15,0.07990097999572754,13,True
Random_n15_45,Random,15,MS-SourceResolved-GA,1,15,15,0.05999183654785156,0,True
Random_n15_45,Random,15,MS-SourceResolved-GA,1,15,15,0.006731271743774414,11,True
Random_n15_45,Random,15,MS-SourceResolved-GA,1,15,15,0.06054234504699707,0,True
Random_n15_45,Random,15,MS-SourceResolved-GA,1,15,15,0.06040072441101074,0,True
Random_n15_45,Random,15,MS-SourceResolved-GA,1,15,15,0.04556012153625488,78,True
Random_n15_45,Random,15,MS-SourceResolved-GA,1,15,15,0.016690492630004883,28,True
Random_n15_45,Random,15,MS-SourceResolved-GA,1,15,15,0.06641507148742676,4,True
Random_n15_45,Random,15,MS-SourceResolved-GA,1,15,15,0.10131096839904785,28,True
Random_n15_46,Random,15,SourceResolved-GA,0,15,15,0.29804420471191406,200,True
Random_n15_46,Random,15,SourceResolved-GA,0,12,12,0.2931392192840576,200,True
Random_n15_46,Random,15,SourceResolved-GA,0,9,9,0.2940242290496826,200,True
Random_n15_46,Random,15,SourceResolved-GA,0,11,11,0.29474663734436035,200,True
Random_n15_46,Random,15,SourceResolved-GA,0,11,11,0.29586291313171387,200,True
Random_n15_46,Random,15,SourceResolved-GA,0,13,13,0.2963266372680664,200,True
Random_n15_46,Random,15,SourceResolved-GA,0,15,15,0.2955973148345947,200,True
Random_n15_46,Random,15,SourceResolved-GA,0,15,15,0.2923424243927002,200,True
Random_n15_46,Random,15,SourceResolved-GA,0,13,13,0.29809069633483887,200,True
Random_n15_46,Random,15,SourceResolved-GA,0,10,10,0.2944340705871582,200,True
Random_n15_46,Random,15,MS-SourceResolved-GA,0,9,9,0.27898645401000977,150,True
Random_n15_46,Random,15,MS-SourceResolved-GA,0,8,8,0.27553796768188477,150,True
Random_n15_46,Random,15,MS-SourceResolved-GA,0,14,14,0.2785639762878418,150,True
Random_n15_46,Random,15,MS-SourceResolved-GA,0,13,13,0.27768874168395996,150,True
Random_n15_46,Random,15,MS-SourceResolved-GA,0,15,15,0.2803370952606201,150,True
Random_n15_46,Random,15,MS-SourceResolved-GA,0,12,12,0.27724385261535645,150,True
Random_n15_46,Random,15,MS-SourceResolved-GA,0,10,10,0.27827906608581543,150,True
Random_n15_46,Random,15,MS-SourceResolved-GA,0,13,13,0.278331995010376,150,True
Random_n15_46,Random,15,MS-SourceResolved-GA,0,14,14,0.28080248832702637,150,True
Random_n15_46,Random,15,MS-SourceResolved-GA,0,15,15,0.27793192863464355,150,True
Random_n15_47,Random,15,SourceResolved-GA,1,15,15,0.004406929016113281,2,True
Random_n15_47,Random,15,SourceResolved-GA,1,15,15,0.005852222442626953,3,True
Random_n15_47,Random,15,SourceResolved-GA,1,15,15,0.0014667510986328125,0,True
Random_n15_47,Random,15,SourceResolved-GA,1,15,15,0.019115447998046875,12,True
Random_n15_47,Random,15,SourceResolved-GA,1,15,15,0.0014328956604003906,0,True
Random_n15_47,Random,15,SourceResolved-GA,1,15,15,0.014799833297729492,9,True
Random_n15_47,Random,15,SourceResolved-GA,1,15,15,0.004423379898071289,2,True
Random_n15_47,Random,15,SourceResolved-GA,1,15,15,0.008868217468261719,5,True
Random_n15_47,Random,15,SourceResolved-GA,1,15,15,0.020608186721801758,13,True
Random_n15_47,Random,15,SourceResolved-GA,1,15,15,0.0014100074768066406,0,True
Random_n15_47,Random,15,MS-SourceResolved-GA,1,15,15,0.01984858512878418,34,True
Random_n15_47,Random,15,MS-SourceResolved-GA,1,15,15,0.08089160919189453,14,True
Random_n15_47,Random,15,MS-SourceResolved-GA,1,15,15,0.010183572769165039,17,True
Random_n15_47,Random,15,MS-SourceResolved-GA,1,15,15,0.07001256942749023,7,True
Random_n15_47,Random,15,MS-SourceResolved-GA,1,15,15,0.060050010681152344,0,True
Random_n15_47,Random,15,MS-SourceResolved-GA,1,15,15,0.0287625789642334,49,True
Random_n15_47,Random,15,MS-SourceResolved-GA,1,15,15,0.08992671966552734,18,True
Random_n15_47,Random,15,MS-SourceResolved-GA,0,15,15,0.27594423294067383,150,True
Random_n15_47,Random,15,MS-SourceResolved-GA,1,15,15,0.08212089538574219,15,True
Random_n15_47,Random,15,MS-SourceResolved-GA,1,15,15,0.01680898666381836,28,True
Random_n15_48,Random,15,SourceResolved-GA,1,15,15,0.013416767120361328,8,True
Random_n15_48,Random,15,SourceResolved-GA,1,15,15,0.013360023498535156,8,True
Random_n15_48,Random,15,SourceResolved-GA,1,15,15,0.01772141456604004,11,True
Random_n15_48,Random,15,SourceResolved-GA,1,15,15,0.005894899368286133,3,True
Random_n15_48,Random,15,SourceResolved-GA,1,15,15,0.028454303741455078,17,True
Random_n15_48,Random,15,SourceResolved-GA,1,15,15,0.005847454071044922,3,True
Random_n15_48,Random,15,SourceResolved-GA,1,15,15,0.0014235973358154297,0,True
Random_n15_48,Random,15,SourceResolved-GA,1,15,15,0.0014214515686035156,0,True
Random_n15_48,Random,15,SourceResolved-GA,1,15,15,0.025117158889770508,16,True
Random_n15_48,Random,15,SourceResolved-GA,1,15,15,0.022141695022583008,14,True
Random_n15_48,Random,15,MS-SourceResolved-GA,1,15,15,0.0306551456451416,52,True
Random_n15_48,Random,15,MS-SourceResolved-GA,1,15,15,0.012645959854125977,21,True
Random_n15_48,Random,15,MS-SourceResolved-GA,1,15,15,0.005006313323974609,8,True
Random_n15_48,Random,15,MS-SourceResolved-GA,1,15,15,0.022566795349121094,38,True
Random_n15_48,Random,15,MS-SourceResolved-GA,0,12,12,0.2761809825897217,150,True
Random_n15_48,Random,15,MS-SourceResolved-GA,1,15,15,0.007815837860107422,13,True
Random_n15_48,Random,15,MS-SourceResolved-GA,1,15,15,0.011862516403198242,20,True
Random_n15_48,Random,15,MS-SourceResolved-GA,1,15,15,0.0636756420135498,0,True
Random_n15_48,Random,15,MS-SourceResolved-GA,1,15,15,0.004960060119628906,8,True
Random_n15_48,Random,15,MS-SourceResolved-GA,1,15,15,0.014794588088989258,25,True
Random_n15_5,Random,15,SourceResolved-GA,1,15,15,0.019150257110595703,12,True
Random_n15_5,Random,15,SourceResolved-GA,1,15,15,0.0015053749084472656,0,True
Random_n15_5,Random,15,SourceResolved-GA,1,15,15,0.0013952255249023438,0,True
Random_n15_5,Random,15,SourceResolved-GA,1,15,15,0.00145721435546875,0,True
Random_n15_5,Random,15,SourceResolved-GA,1,15,15,0.010181903839111328,6,True
Random_n15_5,Random,15,SourceResolved-GA,1,15,15,0.01165008544921875,7,True
Random_n15_5,Random,15,SourceResolved-GA,1,15,15,0.0014302730560302734,0,True
Random_n15_5,Random,15,SourceResolved-GA,1,15,15,0.0014145374298095703,0,True
Random_n15_5,Random,15,SourceResolved-GA,1,15,15,0.0014562606811523438,0,True
Random_n15_5,Random,15,SourceResolved-GA,1,15,15,0.024839401245117188,16,True
Random_n15_5,Random,15,MS-SourceResolved-GA,1,15,15,0.03453540802001953,59,True
Random_n15_5,Random,15,MS-SourceResolved-GA,1,15,15,0.06008100509643555,0,True
Random_n15_5,Random,15,MS-SourceResolved-GA,1,15,15,0.025365591049194336,43,True
Random_n15_5,Random,15,MS-SourceResolved-GA,1,15,15,0.011348247528076172,19,True
Random_n15_5,Random,15,MS-SourceResolved-GA,1,15,15,0.007363080978393555,12,True
Random_n15_5,Random,15,MS-SourceResolved-GA,1,15,15,0.01999044418334961,34,True
Random_n15_5,Random,15,MS-SourceResolved-GA,1,15,15,0.011919498443603516,20,True
Random_n15_5,Random,15,MS-SourceResolved-GA,1,15,15,0.05953478813171387,0,True
Random_n15_5,Random,15,MS-SourceResolved-GA,1,15,15,0.02306056022644043,39,True
Random_n15_5,Random,15,MS-SourceResolved-GA,1,15,15,0.011253833770751953,19,True
Random_n15_6,Random,15,SourceResolved-GA,0,15,15,0.2912726402282715,200,True
Random_n15_6,Random,15,SourceResolved-GA,0,14,14,0.28939032554626465,200,True
Random_n15_6,Random,15,SourceResolved-GA,0,12,12,0.28541016578674316,200,True
Random_n15_6,Random,15,SourceResolved-GA,0,12,12,0.28867292404174805,200,True
Random_n15_6,Random,15,SourceResolved-GA,0,12,12,0.2886931896209717,200,True
Random_n15_6,Random,15,SourceResolved-GA,0,14,14,0.28989315032958984,200,True
Random_n15_6,Random,15,SourceResolved-GA,0,13,13,0.2868320941925049,200,True
Random_n15_6,Random,15,SourceResolved-GA,0,13,13,0.2909355163574219,200,True
Random_n15_6,Random,15,SourceResolved-GA,0,15,15,0.29156017303466797,200,True
Random_n15_6,Random,15,SourceResolved-GA,0,15,15,0.2903282642364502,200,True
Random_n15_6,Random,15,MS-SourceResolved-GA,0,11,11,0.2758598327636719,150,True
Random_n15_6,Random,15,MS-SourceResolved-GA,0,13,13,0.27535009384155273,150,True
Random_n15_6,Random,15,MS-SourceResolved-GA,0,14,14,0.2761242389678955,150,True
Random_n15_6,Random,15,MS-SourceResolved-GA,0,14,14,0.2754333019256592,150,True
Random_n15_6,Random,15,MS-SourceResolved-GA,0,13,13,0.2762000560760498,150,True
Random_n15_6,Random,15,MS-SourceResolved-GA,0,11,11,0.28639984130859375,150,True
Random_n15_6,Random,15,MS-SourceResolved-GA,0,12,12,0.2783334255218506,150,True
Random_n15_6,Random,15,MS-SourceResolved-GA,0,9,9,0.27719831466674805,150,True
Random_n15_6,Random,15,MS-SourceResolved-GA,0,11,11,0.2765834331512451,150,True
Random_n15_6,Random,15,MS-SourceResolved-GA,0,10,10,0.28771233558654785,150,True
Random_n15_7,Random,15,SourceResolved-GA,1,15,15,0.0015146732330322266,0,True
Random_n15_7,Random,15,SourceResolved-GA,1,15,15,0.034029483795166016,22,True
Random_n15_7,Random,15,SourceResolved-GA,1,15,15,0.002872467041015625,1,True
Random_n15_7,Random,15,SourceResolved-GA,1,15,15,0.0013942718505859375,0,True
Random_n15_7,Random,15,SourceResolved-GA,1,15,15,0.0014438629150390625,0,True
Random_n15_7,Random,15,SourceResolved-GA,1,15,15,0.0013799667358398438,0,True
Random_n15_7,Random,15,SourceResolved-GA,0,9,9,0.29000258445739746,200,True
Random_n15_7,Random,15,SourceResolved-GA,1,15,15,0.0013949871063232422,0,True
Random_n15_7,Random,15,SourceResolved-GA,1,15,15,0.0013921260833740234,0,True
Random_n15_7,Random,15,SourceResolved-GA,1,15,15,0.0013310909271240234,0,True
Random_n15_7,Random,15,MS-SourceResolved-GA,1,15,15,0.06036877632141113,0,True
Random_n15_7,Random,15,MS-SourceResolved-GA,1,15,15,0.024534940719604492,42,True
Random_n15_7,Random,15,MS-SourceResolved-GA,1,15,15,0.013611078262329102,23,True
Random_n15_7,Random,15,MS-SourceResolved-GA,1,15,15,0.05999588966369629,0,True
Random_n15_7,Random,15,MS-SourceResolved-GA,1,15,15,0.059812068939208984,0,True
Random_n15_7,Random,15,MS-SourceResolved-GA,1,15,15,0.0692911148071289,6,True
Random_n15_7,Random,15,MS-SourceResolved-GA,1,15,15,0.06420779228210449,3,True
Random_n15_7,Random,15,MS-SourceResolved-GA,1,15,15,0.060274600982666016,0,True
Random_n15_7,Random,15,MS-SourceResolved-GA,1,15,15,0.011966943740844727,20,True
Random_n15_7,Random,15,MS-SourceResolved-GA,1,15,15,0.008384227752685547,14,True
Random_n15_8,Random,15,SourceResolved-GA,1,15,15,0.0015230178833007812,0,True
Random_n15_8,Random,15,SourceResolved-GA,1,15,15,0.030718088150024414,19,True
Random_n15_8,Random,15,SourceResolved-GA,1,15,15,0.020291566848754883,13,True
Random_n15_8,Random,15,SourceResolved-GA,1,15,15,0.001432657241821289,0,True
Random_n15_8,Random,15,SourceResolved-GA,1,15,15,0.005857229232788086,3,True
Random_n15_8,Random,15,SourceResolved-GA,1,15,15,0.026387453079223633,17,True
Random_n15_8,Random,15,SourceResolved-GA,0,13,13,0.2888052463531494,200,True
Random_n15_8,Random,15,SourceResolved-GA,1,15,15,0.033770084381103516,22,True
Random_n15_8,Random,15,SourceResolved-GA,0,15,15,0.2892441749572754,200,True
Random_n15_8,Random,15,SourceResolved-GA,1,15,15,0.05236697196960449,35,True
Random_n15_8,Random,15,MS-SourceResolved-GA,1,15,15,0.04900527000427246,85,True
Random_n15_8,Random,15,MS-SourceResolved-GA,1,15,15,0.022259950637817383,38,True
Random_n15_8,Random,15,MS-SourceResolved-GA,1,15,15,0.021250009536743164,36,True
Random_n15_8,Random,15,MS-SourceResolved-GA,1,15,15,0.06201672554016113,1,True
Random_n15_8,Random,15,MS-SourceResolved-GA,1,15,15,0.10239124298095703,29,True
Random_n15_8,Random,15,MS-SourceResolved-GA,1,15,15,0.06723141670227051,5,True
Random_n15_8,Random,15,MS-SourceResolved-GA,1,15,15,0.09817314147949219,26,True
Random_n15_8,Random,15,MS-SourceResolved-GA,1,15,15,0.06007218360900879,0,True
Random_n15_8,Random,15,MS-SourceResolved-GA,1,15,15,0.09854722023010254,26,True
Random_n15_8,Random,15,MS-SourceResolved-GA,1,15,15,0.06814789772033691,6,True
Random_n15_41,Random,15,SourceResolved-GA,0,13,13,0.29087114334106445,200,True
Random_n15_41,Random,15,SourceResolved-GA,1,15,15,0.027846813201904297,18,True
Random_n15_41,Random,15,SourceResolved-GA,1,15,15,0.005815982818603516,3,True
Random_n15_41,Random,15,SourceResolved-GA,0,14,14,0.29123806953430176,200,True
Random_n15_41,Random,15,SourceResolved-GA,0,14,14,0.29088759422302246,200,True
Random_n15_41,Random,15,SourceResolved-GA,0,13,13,0.28815579414367676,200,True
Random_n15_41,Random,15,SourceResolved-GA,1,15,15,0.01024317741394043,6,True
Random_n15_41,Random,15,SourceResolved-GA,0,12,12,0.288848876953125,200,True
Random_n15_41,Random,15,SourceResolved-GA,1,15,15,0.054003238677978516,36,True
Random_n15_41,Random,15,SourceResolved-GA,0,8,8,0.29011011123657227,200,True
Random_n15_41,Random,15,MS-SourceResolved-GA,1,15,15,0.0763556957244873,11,True
Random_n15_41,Random,15,MS-SourceResolved-GA,0,8,8,0.27519679069519043,150,True
Random_n15_41,Random,15,MS-SourceResolved-GA,1,15,15,0.07156062126159668,8,True
Random_n15_41,Random,15,MS-SourceResolved-GA,0,14,14,0.27860450744628906,150,True
Random_n15_41,Random,15,MS-SourceResolved-GA,1,15,15,0.1193838119506836,41,True
Random_n15_41,Random,15,MS-SourceResolved-GA,0,13,13,0.27820444107055664,150,True
Random_n15_41,Random,15,MS-SourceResolved-GA,0,14,14,0.275280237197876,150,True
Random_n15_41,Random,15,MS-SourceResolved-GA,1,15,15,0.02664971351623535,45,True
Random_n15_41,Random,15,MS-SourceResolved-GA,1,15,15,0.0225064754486084,38,True
Random_n15_41,Random,15,MS-SourceResolved-GA,0,14,14,0.2752685546875,150,True
Random_n15_42,Random,15,SourceResolved-GA,1,15,15,0.0014524459838867188,0,True
Random_n15_42,Random,15,SourceResolved-GA,0,14,14,0.28983163833618164,200,True
Random_n15_42,Random,15,SourceResolved-GA,1,15,15,0.010367870330810547,6,True
Random_n15_42,Random,15,SourceResolved-GA,1,15,15,0.020340681076049805,13,True
Random_n15_42,Random,15,SourceResolved-GA,1,15,15,0.004367828369140625,2,True
Random_n15_42,Random,15,SourceResolved-GA,1,15,15,0.0014851093292236328,0,True
Random_n15_42,Random,15,SourceResolved-GA,1,15,15,0.001413106918334961,0,True
Random_n15_42,Random,15,SourceResolved-GA,1,15,15,0.010393142700195312,6,True
Random_n15_42,Random,15,SourceResolved-GA,1,15,15,0.0015141963958740234,0,True
Random_n15_42,Random,15,SourceResolved-GA,1,15,15,0.011631250381469727,7,True
Random_n15_42,Random,15,MS-SourceResolved-GA,1,15,15,0.06030750274658203,0,True
Random_n15_42,Random,15,MS-SourceResolved-GA,1,15,15,0.009593009948730469,16,True
Random_n15_42,Random,15,MS-SourceResolved-GA,1,15,15,0.07297825813293457,9,True
Random_n15_42,Random,15,MS-SourceResolved-GA,1,15,15,0.013603687286376953,23,True
Random_n15_42,Random,15,MS-SourceResolved-GA,1,15,15,0.04665374755859375,80,True
Random_n15_42,Random,15,MS-SourceResolved-GA,1,15,15,0.013260126113891602,22,True
Random_n15_42,Random,15,MS-SourceResolved-GA,1,15,15,0.022526979446411133,38,True
Random_n15_42,Random,15,MS-SourceResolved-GA,1,15,15,0.07735872268676758,11,True
Random_n15_42,Random,15,MS-SourceResolved-GA,1,15,15,0.06012248992919922,0,True
Random_n15_42,Random,15,MS-SourceResolved-GA,1,15,15,0.008621931076049805,14,True
Random_n15_43,Random,15,SourceResolved-GA,0,14,14,0.29039883613586426,200,True
Random_n15_43,Random,15,SourceResolved-GA,1,15,15,0.02051401138305664,13,True
Random_n15_43,Random,15,SourceResolved-GA,0,13,13,0.29198694229125977,200,True
Random_n15_43,Random,15,SourceResolved-GA,0,14,14,0.28962278366088867,200,True
Random_n15_43,Random,15,SourceResolved-GA,0,13,13,0.29047250747680664,200,True
Random_n15_43,Random,15,SourceResolved-GA,0,10,10,0.2886230945587158,200,True
Random_n15_43,Random,15,SourceResolved-GA,1,15,15,0.029618501663208008,19,True
Random_n15_43,Random,15,SourceResolved-GA,0,14,14,0.2894256114959717,200,True
Random_n15_43,Random,15,SourceResolved-GA,0,15,15,0.29109907150268555,200,True
Random_n15_43,Random,15,SourceResolved-GA,0,10,10,0.2857663631439209,200,True
Random_n15_43,Random,15,MS-SourceResolved-GA,1,15,15,0.015182018280029297,26,True
Random_n15_43,Random,15,MS-SourceResolved-GA,1,15,15,0.0909733772277832,21,True
Random_n15_43,Random,15,MS-SourceResolved-GA,1,15,15,0.06011033058166504,0,True
Random_n15_43,Random,15,MS-SourceResolved-GA,1,15,15,0.12471723556518555,44,True
Random_n15_43,Random,15,MS-SourceResolved-GA,1,15,15,0.022351503372192383,38,True
Random_n15_43,Random,15,MS-SourceResolved-GA,0,15,15,0.2766871452331543,150,True
Random_n15_43,Random,15,MS-SourceResolved-GA,1,15,15,0.17682528495788574,81,True
Random_n15_43,Random,15,MS-SourceResolved-GA,1,15,15,0.06021761894226074,0,True
Random_n15_43,Random,15,MS-SourceResolved-GA,1,15,15,0.07946944236755371,13,True
Random_n15_43,Random,15,MS-SourceResolved-GA,0,14,14,0.2764890193939209,150,True
Random_n15_44,Random,15,SourceResolved-GA,1,15,15,0.0014429092407226562,0,True
Random_n15_44,Random,15,SourceResolved-GA,1,15,15,0.014813661575317383,9,True
Random_n15_44,Random,15,SourceResolved-GA,1,15,15,0.0014607906341552734,0,True
Random_n15_44,Random,15,SourceResolved-GA,1,15,15,0.0014545917510986328,0,True
Random_n15_44,Random,15,SourceResolved-GA,1,15,15,0.0013988018035888672,0,True
Random_n15_44,Random,15,SourceResolved-GA,1,15,15,0.0014150142669677734,0,True
Random_n15_44,Random,15,SourceResolved-GA,1,15,15,0.0395808219909668,26,True
Random_n15_44,Random,15,SourceResolved-GA,1,15,15,0.0014309883117675781,0,True
Random_n15_44,Random,15,SourceResolved-GA,0,12,12,0.28882837295532227,200,True
Random_n15_44,Random,15,SourceResolved-GA,1,15,15,0.0015244483947753906,0,True
Random_n15_44,Random,15,MS-SourceResolved-GA,1,15,15,0.013768911361694336,23,True
Random_n15_44,Random,15,MS-SourceResolved-GA,1,15,15,0.046651601791381836,81,True
Random_n15_44,Random,15,MS-SourceResolved-GA,1,15,15,0.010724067687988281,18,True
Random_n15_44,Random,15,MS-SourceResolved-GA,1,15,15,0.024344682693481445,42,True
Random_n15_44,Random,15,MS-SourceResolved-GA,1,15,15,0.01564621925354004,26,True
Random_n15_44,Random,15,MS-SourceResolved-GA,1,15,15,0.05996847152709961,0,True
Random_n15_44,Random,15,MS-SourceResolved-GA,1,15,15,0.06020307540893555,0,True
Random_n15_44,Random,15,MS-SourceResolved-GA,1,15,15,0.06358981132507324,2,True
Random_n15_44,Random,15,MS-SourceResolved-GA,1,15,15,0.01095724105834961,18,True
Random_n15_44,Random,15,MS-SourceResolved-GA,1,15,15,0.06078767776489258,0,True
Random_n15_25,Random,15,SourceResolved-GA,0,12,12,0.2876136302947998,200,True
Random_n15_25,Random,15,SourceResolved-GA,0,9,9,0.2877993583679199,200,True
Random_n15_25,Random,15,SourceResolved-GA,0,9,9,0.29123783111572266,200,True
Random_n15_25,Random,15,SourceResolved-GA,0,14,14,0.29435300827026367,200,True
Random_n15_25,Random,15,SourceResolved-GA,0,11,11,0.29057860374450684,200,True
Random_n15_25,Random,15,SourceResolved-GA,0,15,15,0.290973424911499,200,True
Random_n15_25,Random,15,SourceResolved-GA,0,15,15,0.2901473045349121,200,True
Random_n15_25,Random,15,SourceResolved-GA,0,13,13,0.2907755374908447,200,True
Random_n15_25,Random,15,SourceResolved-GA,0,8,8,0.28954267501831055,200,True
Random_n15_25,Random,15,SourceResolved-GA,0,10,10,0.29610729217529297,200,True
Random_n15_25,Random,15,MS-SourceResolved-GA,0,11,11,0.2787201404571533,150,True
Random_n15_25,Random,15,MS-SourceResolved-GA,0,10,10,0.2761063575744629,150,True
Random_n15_25,Random,15,MS-SourceResolved-GA,0,13,13,0.2772228717803955,150,True
Random_n15_25,Random,15,MS-SourceResolved-GA,0,12,12,0.2788395881652832,150,True
Random_n15_25,Random,15,MS-SourceResolved-GA,0,12,12,0.27686381340026855,150,True
Random_n15_25,Random,15,MS-SourceResolved-GA,0,12,12,0.27757763862609863,150,True
Random_n15_25,Random,15,MS-SourceResolved-GA,0,14,14,0.27768707275390625,150,True
Random_n15_25,Random,15,MS-SourceResolved-GA,0,13,13,0.27843475341796875,150,True
Random_n15_25,Random,15,MS-SourceResolved-GA,0,14,14,0.2773005962371826,150,True
Random_n15_25,Random,15,MS-SourceResolved-GA,0,10,10,0.2769653797149658,150,True
Random_n15_26,Random,15,SourceResolved-GA,1,15,15,0.05433821678161621,36,True
Random_n15_26,Random,15,SourceResolved-GA,1,15,15,0.0013816356658935547,0,True
Random_n15_26,Random,15,SourceResolved-GA,1,15,15,0.014577627182006836,9,True
Random_n15_26,Random,15,SourceResolved-GA,1,15,15,0.008806228637695312,5,True
Random_n15_26,Random,15,SourceResolved-GA,1,15,15,0.02338576316833496,15,True
Random_n15_26,Random,15,SourceResolved-GA,1,15,15,0.026273012161254883,17,True
Random_n15_26,Random,15,SourceResolved-GA,0,12,12,0.29175782203674316,200,True
Random_n15_26,Random,15,SourceResolved-GA,1,15,15,0.0028874874114990234,1,True
Random_n15_26,Random,15,SourceResolved-GA,1,15,15,0.04415249824523926,29,True
Random_n15_26,Random,15,SourceResolved-GA,1,15,15,0.021668434143066406,14,True
Random_n15_26,Random,15,MS-SourceResolved-GA,1,15,15,0.0477910041809082,83,True
Random_n15_26,Random,15,MS-SourceResolved-GA,1,15,15,0.05990886688232422,0,True
Random_n15_26,Random,15,MS-SourceResolved-GA,0,13,13,0.2753868103027344,150,True
Random_n15_26,Random,15,MS-SourceResolved-GA,1,15,15,0.06847572326660156,6,True
Random_n15_26,Random,15,MS-SourceResolved-GA,1,15,15,0.07891488075256348,13,True
Random_n15_26,Random,15,MS-SourceResolved-GA,1,15,15,0.02931380271911621,50,True
Random_n15_26,Random,15,MS-SourceResolved-GA,1,15,15,0.029750585556030273,51,True
Random_n15_26,Random,15,MS-SourceResolved-GA,1,15,15,0.01927495002746582,33,True
Random_n15_26,Random,15,MS-SourceResolved-GA,1,15,15,0.05999946594238281,0,True
Random_n15_26,Random,15,MS-SourceResolved-GA,1,15,15,0.0699000358581543,6,True
Random_n15_27,Random,15,SourceResolved-GA,1,15,15,0.01462244987487793,9,True
Random_n15_27,Random,15,SourceResolved-GA,1,15,15,0.0014793872833251953,0,True
Random_n15_27,Random,15,SourceResolved-GA,1,15,15,0.039133310317993164,26,True
Random_n15_27,Random,15,SourceResolved-GA,1,15,15,0.11966133117675781,81,True
Random_n15_27,Random,15,SourceResolved-GA,1,15,15,0.0014355182647705078,0,True
Random_n15_27,Random,15,SourceResolved-GA,1,15,15,0.014467954635620117,9,True
Random_n15_27,Random,15,SourceResolved-GA,1,15,15,0.024602174758911133,16,True
Random_n15_27,Random,15,SourceResolved-GA,0,15,15,0.28965258598327637,200,True
Random_n15_27,Random,15,SourceResolved-GA,1,15,15,0.029289722442626953,19,True
Random_n15_27,Random,15,SourceResolved-GA,0,13,13,0.2881171703338623,200,True
Random_n15_27,Random,15,MS-SourceResolved-GA,1,15,15,0.05984067916870117,0,True
Random_n15_27,Random,15,MS-SourceResolved-GA,0,15,15,0.2784249782562256,150,True
Random_n15_27,Random,15,MS-SourceResolved-GA,1,15,15,0.07307147979736328,9,True
Random_n15_27,Random,15,MS-SourceResolved-GA,0,15,15,0.2776975631713867,150,True
Random_n15_27,Random,15,MS-SourceResolved-GA,1,15,15,0.05951237678527832,0,True
Random_n15_27,Random,15,MS-SourceResolved-GA,1,15,15,0.0783836841583252,13,True
Random_n15_27,Random,15,MS-SourceResolved-GA,0,15,15,0.27634382247924805,150,True
Random_n15_27,Random,15,MS-SourceResolved-GA,1,15,15,0.014226198196411133,24,True
Random_n15_27,Random,15,MS-SourceResolved-GA,1,15,15,0.038861751556396484,65,True
Random_n15_27,Random,15,MS-SourceResolved-GA,1,15,15,0.011703252792358398,20,True
Random_n15_28,Random,15,SourceResolved-GA,1,15,15,0.0044362545013427734,2,True
Random_n15_28,Random,15,SourceResolved-GA,1,15,15,0.0058977603912353516,3,True
Random_n15_28,Random,15,SourceResolved-GA,1,15,15,0.004317522048950195,2,True
Random_n15_28,Random,15,SourceResolved-GA,1,15,15,0.01903390884399414,12,True
Random_n15_28,Random,15,SourceResolved-GA,1,15,15,0.022092103958129883,14,True
Random_n15_28,Random,15,SourceResolved-GA,1,15,15,0.001413583755493164,0,True
Random_n15_28,Random,15,SourceResolved-GA,1,15,15,0.0222318172454834,14,True
Random_n15_28,Random,15,SourceResolved-GA,0,13,13,0.28672266006469727,200,True
Random_n15_28,Random,15,SourceResolved-GA,1,15,15,0.017478466033935547,11,True
Random_n15_28,Random,15,SourceResolved-GA,1,15,15,0.013354063034057617,8,True
Random_n15_28,Random,15,MS-SourceResolved-GA,1,15,15,0.07027983665466309,7,True
Random_n15_28,Random,15,MS-SourceResolved-GA,1,15,15,0.06708455085754395,5,True
Random_n15_28,Random,15,MS-SourceResolved-GA,1,15,15,0.039041996002197266,67,True
Random_n15_28,Random,15,MS-SourceResolved-GA,1,15,15,0.0772862434387207,12,True
Random_n15_28,Random,15,MS-SourceResolved-GA,1,15,15,0.07199382781982422,8,True
Random_n15_28,Random,15,MS-SourceResolved-GA,1,15,15,0.09106588363647461,21,True
Random_n15_28,Random,15,MS-SourceResolved-GA,1,15,15,0.059873104095458984,0,True
Random_n15_28,Random,15,MS-SourceResolved-GA,1,15,15,0.017083168029785156,29,True
Random_n15_28,Random,15,MS-SourceResolved-GA,1,15,15,0.05970573425292969,0,True
Random_n15_28,Random,15,MS-SourceResolved-GA,1,15,15,0.05942845344543457,0,True
Random_n15_37,Random,15,SourceResolved-GA,1,15,15,0.0015718936920166016,0,True
Random_n15_37,Random,15,SourceResolved-GA,1,15,15,0.0014264583587646484,0,True
Random_n15_37,Random,15,SourceResolved-GA,1,15,15,0.010205984115600586,6,True
Random_n15_37,Random,15,SourceResolved-GA,1,15,15,0.013094902038574219,8,True
Random_n15_37,Random,15,SourceResolved-GA,1,15,15,0.005957126617431641,3,True
Random_n15_37,Random,15,SourceResolved-GA,1,15,15,0.001451253890991211,0,True
Random_n15_37,Random,15,SourceResolved-GA,1,15,15,0.017511844635009766,11,True
Random_n15_37,Random,15,SourceResolved-GA,1,15,15,0.002952098846435547,1,True
Random_n15_37,Random,15,SourceResolved-GA,1,15,15,0.002877473831176758,1,True
Random_n15_37,Random,15,SourceResolved-GA,1,15,15,0.010408401489257812,6,True
Random_n15_37,Random,15,MS-SourceResolved-GA,1,15,15,0.07411384582519531,9,True
Random_n15_37,Random,15,MS-SourceResolved-GA,1,15,15,0.06021380424499512,0,True
Random_n15_37,Random,15,MS-SourceResolved-GA,1,15,15,0.021712064743041992,37,True
Random_n15_37,Random,15,MS-SourceResolved-GA,1,15,15,0.01828789710998535,31,True
Random_n15_37,Random,15,MS-SourceResolved-GA,1,15,15,0.06869268417358398,6,True
Random_n15_37,Random,15,MS-SourceResolved-GA,1,15,15,0.06040596961975098,0,True
Random_n15_37,Random,15,MS-SourceResolved-GA,1,15,15,0.060575246810913086,0,True
Random_n15_37,Random,15,MS-SourceResolved-GA,1,15,15,0.013913393020629883,23,True
Random_n15_37,Random,15,MS-SourceResolved-GA,1,15,15,0.05994892120361328,0,True
Random_n15_37,Random,15,MS-SourceResolved-GA,0,14,14,0.27695512771606445,150,True
Random_n15_38,Random,15,SourceResolved-GA,0,10,10,0.29111766815185547,200,True
Random_n15_38,Random,15,SourceResolved-GA,0,15,15,0.2901909351348877,200,True
Random_n15_38,Random,15,SourceResolved-GA,0,9,9,0.2920525074005127,200,True
Random_n15_38,Random,15,SourceResolved-GA,0,14,14,0.28856515884399414,200,True
Random_n15_38,Random,15,SourceResolved-GA,0,12,12,0.29114246368408203,200,True
Random_n15_38,Random,15,SourceResolved-GA,0,9,9,0.29097652435302734,200,True
Random_n15_38,Random,15,SourceResolved-GA,0,15,15,0.2917494773864746,200,True
Random_n15_38,Random,15,SourceResolved-GA,0,11,11,0.29029035568237305,200,True
Random_n15_38,Random,15,SourceResolved-GA,0,15,15,0.28896379470825195,200,True
Random_n15_38,Random,15,SourceResolved-GA,0,11,11,0.2914724349975586,200,True
Random_n15_38,Random,15,MS-SourceResolved-GA,0,10,10,0.27599191665649414,150,True
Random_n15_38,Random,15,MS-SourceResolved-GA,0,15,15,0.275463342666626,150,True
Random_n15_38,Random,15,MS-SourceResolved-GA,0,11,11,0.2783317565917969,150,True
Random_n15_38,Random,15,MS-SourceResolved-GA,0,15,15,0.2753407955169678,150,True
Random_n15_38,Random,15,MS-SourceResolved-GA,0,12,12,0.27861571311950684,150,True
Random_n15_38,Random,15,MS-SourceResolved-GA,0,10,10,0.27704453468322754,150,True
Random_n15_38,Random,15,MS-SourceResolved-GA,0,9,9,0.2795391082763672,150,True
Random_n15_38,Random,15,MS-SourceResolved-GA,0,14,14,0.27678585052490234,150,True
Random_n15_38,Random,15,MS-SourceResolved-GA,0,14,14,0.27746152877807617,150,True
Random_n15_38,Random,15,MS-SourceResolved-GA,0,14,14,0.27724385261535645,150,True
Random_n15_39,Random,15,SourceResolved-GA,1,15,15,0.0014255046844482422,0,True
Random_n15_39,Random,15,SourceResolved-GA,1,15,15,0.005823850631713867,3,True
Random_n15_39,Random,15,SourceResolved-GA,0,14,14,0.28726720809936523,200,True
Random_n15_39,Random,15,SourceResolved-GA,0,12,12,0.2909581661224365,200,True
Random_n15_39,Random,15,SourceResolved-GA,1,15,15,0.05679750442504883,38,True
Random_n15_39,Random,15,SourceResolved-GA,0,14,14,0.28750014305114746,200,True
Random_n15_39,Random,15,SourceResolved-GA,1,15,15,0.002836942672729492,1,True
Random_n15_39,Random,15,SourceResolved-GA,0,11,11,0.2907538414001465,200,True
Random_n15_39,Random,15,SourceResolved-GA,1,15,15,0.014531135559082031,9,True
Random_n15_39,Random,15,SourceResolved-GA,0,15,15,0.2878262996673584,200,True
Random_n15_39,Random,15,MS-SourceResolved-GA,1,15,15,0.06368827819824219,2,True
Random_n15_39,Random,15,MS-SourceResolved-GA,0,15,15,0.27919912338256836,150,True
Random_n15_39,Random,15,MS-SourceResolved-GA,1,15,15,0.07961559295654297,13,True
Random_n15_39,Random,15,MS-SourceResolved-GA,1,15,15,0.023674964904785156,40,True
Random_n15_39,Random,15,MS-SourceResolved-GA,1,15,15,0.06060600280761719,0,True
Random_n15_39,Random,15,MS-SourceResolved-GA,1,15,15,0.009021759033203125,15,True
Random_n15_39,Random,15,MS-SourceResolved-GA,0,11,11,0.279926061630249,150,True
Random_n15_39,Random,15,MS-SourceResolved-GA,0,10,10,0.28006863594055176,150,True
Random_n15_39,Random,15,MS-SourceResolved-GA,1,15,15,0.07491874694824219,10,True
Random_n15_39,Random,15,MS-SourceResolved-GA,1,15,15,0.07534074783325195,10,True
Random_n15_40,Random,15,SourceResolved-GA,1,15,15,0.001432657241821289,0,True
Random_n15_40,Random,15,SourceResolved-GA,1,15,15,0.017673730850219727,11,True
Random_n15_40,Random,15,SourceResolved-GA,1,15,15,0.001398324966430664,0,True
Random_n15_40,Random,15,SourceResolved-GA,1,15,15,0.0014014244079589844,0,True
Random_n15_40,Random,15,SourceResolved-GA,1,15,15,0.004427433013916016,2,True
Random_n15_40,Random,15,SourceResolved-GA,0,15,15,0.2914388179779053,200,True
Random_n15_40,Random,15,SourceResolved-GA,1,15,15,0.008689641952514648,5,True
Random_n15_40,Random,15,SourceResolved-GA,1,15,15,0.014659643173217773,9,True
Random_n15_40,Random,15,SourceResolved-GA,1,15,15,0.0013921260833740234,0,True
Random_n15_40,Random,15,SourceResolved-GA,1,15,15,0.02176809310913086,14,True
Random_n15_40,Random,15,MS-SourceResolved-GA,1,15,15,0.06199193000793457,1,True
Random_n15_40,Random,15,MS-SourceResolved-GA,1,15,15,0.05981850624084473,0,True
Random_n15_40,Random,15,MS-SourceResolved-GA,1,15,15,0.014550924301147461,22,True
Random_n15_40,Random,15,MS-SourceResolved-GA,1,15,15,0.01770472526550293,18,True
Random_n15_40,Random,15,MS-SourceResolved-GA,1,15,15,0.07310700416564941,9,True
Random_n15_40,Random,15,MS-SourceResolved-GA,1,15,15,0.08426952362060547,16,True
Random_n15_40,Random,15,MS-SourceResolved-GA,1,15,15,0.05997014045715332,0,True
Random_n15_40,Random,15,MS-SourceResolved-GA,1,15,15,0.013836383819580078,23,True
Random_n15_40,Random,15,MS-SourceResolved-GA,1,15,15,0.06070756912231445,0,True
Random_n15_40,Random,15,MS-SourceResolved-GA,1,15,15,0.022928237915039062,39,True
Random_n15_1,Random,15,SourceResolved-GA,0,13,13,0.29004621505737305,200,True
Random_n15_1,Random,15,SourceResolved-GA,0,13,13,0.2912414073944092,200,True
Random_n15_1,Random,15,SourceResolved-GA,0,15,15,0.29004907608032227,200,True
Random_n15_1,Random,15,SourceResolved-GA,1,15,15,0.025009870529174805,16,True
Random_n15_1,Random,15,SourceResolved-GA,0,13,13,0.29741764068603516,200,True
Random_n15_1,Random,15,SourceResolved-GA,0,11,11,0.2882730960845947,200,True
Random_n15_1,Random,15,SourceResolved-GA,0,15,15,0.289963960647583,200,True
Random_n15_1,Random,15,SourceResolved-GA,0,13,13,0.28458166122436523,200,True
Random_n15_1,Random,15,SourceResolved-GA,1,15,15,0.023223400115966797,15,True
Random_n15_1,Random,15,SourceResolved-GA,0,8,8,0.2894287109375,200,True
Random_n15_1,Random,15,MS-SourceResolved-GA,0,11,11,0.2768363952636719,150,True
Random_n15_1,Random,15,MS-SourceResolved-GA,0,15,15,0.27800607681274414,150,True
Random_n15_1,Random,15,MS-SourceResolved-GA,0,14,14,0.28171372413635254,150,True
Random_n15_1,Random,15,MS-SourceResolved-GA,0,15,15,0.2763657569885254,150,True
Random_n15_1,Random,15,MS-SourceResolved-GA,0,12,12,0.2778592109680176,150,True
Random_n15_1,Random,15,MS-SourceResolved-GA,0,14,14,0.2776217460632324,150,True
Random_n15_1,Random,15,MS-SourceResolved-GA,1,15,15,0.10823321342468262,33,True
Random_n15_1,Random,15,MS-SourceResolved-GA,0,15,15,0.2755255699157715,150,True
Random_n15_1,Random,15,MS-SourceResolved-GA,0,13,13,0.27521800994873047,150,True
Random_n15_1,Random,15,MS-SourceResolved-GA,0,13,13,0.2783949375152588,150,True
Random_n15_2,Random,15,SourceResolved-GA,0,12,12,0.2870328426361084,200,True
Random_n15_2,Random,15,SourceResolved-GA,1,15,15,0.04622244834899902,31,True
Random_n15_2,Random,15,SourceResolved-GA,0,15,15,0.28946399688720703,200,True
Random_n15_2,Random,15,SourceResolved-GA,0,15,15,0.28919148445129395,200,True
Random_n15_2,Random,15,SourceResolved-GA,0,14,14,0.2896890640258789,200,True
Random_n15_2,Random,15,SourceResolved-GA,0,14,14,0.2868497371673584,200,True
Random_n15_2,Random,15,SourceResolved-GA,1,15,15,0.0014755725860595703,0,True
Random_n15_2,Random,15,SourceResolved-GA,1,15,15,0.044936180114746094,30,True
Random_n15_2,Random,15,SourceResolved-GA,1,15,15,0.0233612060546875,15,True
Random_n15_2,Random,15,SourceResolved-GA,1,15,15,0.05066800117492676,34,True
Random_n15_2,Random,15,MS-SourceResolved-GA,0,15,15,0.2739064693450928,150,True
Random_n15_2,Random,15,MS-SourceResolved-GA,0,14,14,0.2761502265930176,150,True
Random_n15_2,Random,15,MS-SourceResolved-GA,0,12,12,0.27704882621765137,150,True
Random_n15_2,Random,15,MS-SourceResolved-GA,1,15,15,0.0944056510925293,23,True
Random_n15_2,Random,15,MS-SourceResolved-GA,1,15,15,0.06039690971374512,0,True
Random_n15_2,Random,15,MS-SourceResolved-GA,0,13,13,0.2779276371002197,150,True
Random_n15_2,Random,15,MS-SourceResolved-GA,0,15,15,0.27724123001098633,150,True
Random_n15_2,Random,15,MS-SourceResolved-GA,1,15,15,0.07757139205932617,12,True
Random_n15_2,Random,15,MS-SourceResolved-GA,1,15,15,0.06415724754333496,3,True
Random_n15_2,Random,15,MS-SourceResolved-GA,0,12,12,0.2766079902648926,150,True
Random_n15_3,Random,15,SourceResolved-GA,1,15,15,0.0014801025390625,0,True
Random_n15_3,Random,15,SourceResolved-GA,1,15,15,0.0014319419860839844,0,True
Random_n15_3,Random,15,SourceResolved-GA,1,15,15,0.001413106918334961,0,True
Random_n15_3,Random,15,SourceResolved-GA,1,15,15,0.0014107227325439453,0,True
Random_n15_3,Random,15,SourceResolved-GA,1,15,15,0.001386880874633789,0,True
Random_n15_3,Random,15,SourceResolved-GA,1,15,15,0.011713027954101562,7,True
Random_n15_3,Random,15,SourceResolved-GA,1,15,15,0.024766921997070312,16,True
Random_n15_3,Random,15,SourceResolved-GA,1,15,15,0.016066551208496094,10,True
Random_n15_3,Random,15,SourceResolved-GA,1,15,15,0.0350954532623291,23,True
Random_n15_3,Random,15,SourceResolved-GA,1,15,15,0.001466989517211914,0,True
Random_n15_3,Random,15,MS-SourceResolved-GA,1,15,15,0.07427763938903809,10,True
Random_n15_3,Random,15,MS-SourceResolved-GA,1,15,15,0.010758638381958008,18,True
Random_n15_3,Random,15,MS-SourceResolved-GA,1,15,15,0.016996383666992188,29,True
Random_n15_3,Random,15,MS-SourceResolved-GA,1,15,15,0.059934377670288086,0,True
Random_n15_3,Random,15,MS-SourceResolved-GA,1,15,15,0.06186413764953613,0,True
Random_n15_3,Random,15,MS-SourceResolved-GA,1,15,15,0.06032156944274902,0,True
Random_n15_3,Random,15,MS-SourceResolved-GA,1,15,15,0.08186888694763184,15,True
Random_n15_3,Random,15,MS-SourceResolved-GA,1,15,15,0.019251108169555664,33,True
Random_n15_3,Random,15,MS-SourceResolved-GA,1,15,15,0.01859140396118164,32,True
Random_n15_3,Random,15,MS-SourceResolved-GA,1,15,15,0.013701438903808594,23,True
Random_n15_4,Random,15,SourceResolved-GA,1,15,15,0.0014252662658691406,0,True
Random_n15_4,Random,15,SourceResolved-GA,1,15,15,0.011515617370605469,7,True
Random_n15_4,Random,15,SourceResolved-GA,1,15,15,0.03578996658325195,24,True
Random_n15_4,Random,15,SourceResolved-GA,1,15,15,0.0013797283172607422,0,True
Random_n15_4,Random,15,SourceResolved-GA,1,15,15,0.032946109771728516,22,True
Random_n15_4,Random,15,SourceResolved-GA,0,15,15,0.2873265743255615,200,True
Random_n15_4,Random,15,SourceResolved-GA,1,15,15,0.0013725757598876953,0,True
Random_n15_4,Random,15,SourceResolved-GA,1,15,15,0.0013930797576904297,0,True
Random_n15_4,Random,15,SourceResolved-GA,1,15,15,0.0013480186462402344,0,True
Random_n15_4,Random,15,SourceResolved-GA,1,15,15,0.0013697147369384766,0,True
Random_n15_4,Random,15,MS-SourceResolved-GA,1,15,15,0.06050300598144531,0,True
Random_n15_4,Random,15,MS-SourceResolved-GA,1,15,15,0.059995412826538086,0,True
Random_n15_4,Random,15,MS-SourceResolved-GA,1,15,15,0.013492345809936523,23,True
Random_n15_4,Random,15,MS-SourceResolved-GA,0,14,14,0.2752366065979004,150,True
Random_n15_4,Random,15,MS-SourceResolved-GA,1,15,15,0.04021263122558594,69,True
Random_n15_4,Random,15,MS-SourceResolved-GA,1,15,15,0.014045000076293945,24,True
Random_n15_4,Random,15,MS-SourceResolved-GA,1,15,15,0.06470823287963867,2,True
Random_n15_4,Random,15,MS-SourceResolved-GA,1,15,15,0.01418447494506836,24,True
Random_n15_4,Random,15,MS-SourceResolved-GA,1,15,15,0.07205343246459961,9,True
Random_n15_4,Random,15,MS-SourceResolved-GA,1,15,15,0.05975627899169922,0,True
Random_n15_53,Random,15,SourceResolved-GA,1,15,15,0.012072086334228516,7,True
Random_n15_53,Random,15,SourceResolved-GA,1,15,15,0.0014417171478271484,0,True
Random_n15_53,Random,15,SourceResolved-GA,0,15,15,0.2981071472167969,200,True
Random_n15_53,Random,15,SourceResolved-GA,0,13,13,0.29131460189819336,200,True
Random_n15_53,Random,15,SourceResolved-GA,0,14,14,0.28763747215270996,200,True
Random_n15_53,Random,15,SourceResolved-GA,1,15,15,0.02629709243774414,16,True
Random_n15_53,Random,15,SourceResolved-GA,0,15,15,0.2903149127960205,200,True
Random_n15_53,Random,15,SourceResolved-GA,1,15,15,0.023449420928955078,15,True
Random_n15_53,Random,15,SourceResolved-GA,1,15,15,0.0016791820526123047,0,True
Random_n15_53,Random,15,SourceResolved-GA,0,14,14,0.3019552230834961,200,True
Random_n15_53,Random,15,MS-SourceResolved-GA,1,15,15,0.04575490951538086,78,True
Random_n15_53,Random,15,MS-SourceResolved-GA,1,15,15,0.06769561767578125,5,True
Random_n15_53,Random,15,MS-SourceResolved-GA,1,15,15,0.05967235565185547,0,True
Random_n15_53,Random,15,MS-SourceResolved-GA,1,15,15,0.07409048080444336,10,True
Random_n15_53,Random,15,MS-SourceResolved-GA,1,15,15,0.08216619491577148,15,True
Random_n15_53,Random,15,MS-SourceResolved-GA,1,15,15,0.06758332252502441,5,True
Random_n15_53,Random,15,MS-SourceResolved-GA,0,15,15,0.2778663635253906,150,True
Random_n15_53,Random,15,MS-SourceResolved-GA,1,15,15,0.06881499290466309,0,True
Random_n15_53,Random,15,MS-SourceResolved-GA,0,14,14,0.2792952060699463,150,True
Random_n15_53,Random,15,MS-SourceResolved-GA,1,15,15,0.010328531265258789,17,True
Random_n15_54,Random,15,SourceResolved-GA,1,15,15,0.014641046524047852,9,True
Random_n15_54,Random,15,SourceResolved-GA,1,15,15,0.008786439895629883,5,True
Random_n15_54,Random,15,SourceResolved-GA,0,15,15,0.28821516036987305,200,True
Random_n15_54,Random,15,SourceResolved-GA,1,15,15,0.010895013809204102,6,True
Random_n15_54,Random,15,SourceResolved-GA,1,15,15,0.008959293365478516,5,True
Random_n15_54,Random,15,SourceResolved-GA,0,12,12,0.29730820655822754,200,True
Random_n15_54,Random,15,SourceResolved-GA,0,12,12,0.29389429092407227,200,True
Random_n15_54,Random,15,SourceResolved-GA,1,15,15,0.01628279685974121,10,True
Random_n15_54,Random,15,SourceResolved-GA,1,15,15,0.030794858932495117,20,True
Random_n15_54,Random,15,SourceResolved-GA,1,15,15,0.00875711441040039,5,True
Random_n15_54,Random,15,MS-SourceResolved-GA,1,15,15,0.076446533203125,11,True
Random_n15_54,Random,15,MS-SourceResolved-GA,1,15,15,0.013559579849243164,23,True
Random_n15_54,Random,15,MS-SourceResolved-GA,1,15,15,0.03051471710205078,52,True
Random_n15_54,Random,15,MS-SourceResolved-GA,1,15,15,0.01764678955078125,30,True
Random_n15_54,Random,15,MS-SourceResolved-GA,1,15,15,0.01543116569519043,26,True
Random_n15_54,Random,15,MS-SourceResolved-GA,1,15,15,0.007348299026489258,12,True
Random_n15_54,Random,15,MS-SourceResolved-GA,1,15,15,0.07656383514404297,11,True
Random_n15_54,Random,15,MS-SourceResolved-GA,0,14,14,0.27904558181762695,150,True
Random_n15_54,Random,15,MS-SourceResolved-GA,1,15,15,0.02579784393310547,44,True
Random_n15_54,Random,15,MS-SourceResolved-GA,0,13,13,0.2858240604400635,150,True
Random_n15_55,Random,15,SourceResolved-GA,1,15,15,0.0014965534210205078,0,True
Random_n15_55,Random,15,SourceResolved-GA,0,12,12,0.29034900665283203,200,True
Random_n15_55,Random,15,SourceResolved-GA,1,15,15,0.008799076080322266,5,True
Random_n15_55,Random,15,SourceResolved-GA,1,15,15,0.10499978065490723,71,True
Random_n15_55,Random,15,SourceResolved-GA,0,10,10,0.2931857109069824,200,True
Random_n15_55,Random,15,SourceResolved-GA,0,11,11,0.29352283477783203,200,True
Random_n15_55,Random,15,SourceResolved-GA,1,15,15,0.03402233123779297,22,True
Random_n15_55,Random,15,SourceResolved-GA,1,15,15,0.032160282135009766,21,True
Random_n15_55,Random,15,SourceResolved-GA,0,14,14,0.29076099395751953,200,True
Random_n15_55,Random,15,SourceResolved-GA,1,15,15,0.018907546997070312,12,True
Random_n15_55,Random,15,MS-SourceResolved-GA,0,14,14,0.27937960624694824,150,True
Random_n15_55,Random,15,MS-SourceResolved-GA,0,13,13,0.28501391410827637,150,True
Random_n15_55,Random,15,MS-SourceResolved-GA,1,15,15,0.014789819717407227,25,True
Random_n15_55,Random,15,MS-SourceResolved-GA,1,15,15,0.08649635314941406,18,True
Random_n15_55,Random,15,MS-SourceResolved-GA,1,15,15,0.0687263011932373,6,True
Random_n15_55,Random,15,MS-SourceResolved-GA,1,15,15,0.012512683868408203,21,True
Random_n15_55,Random,15,MS-SourceResolved-GA,1,15,15,0.010886192321777344,18,True
Random_n15_55,Random,15,MS-SourceResolved-GA,1,15,15,0.021808147430419922,37,True
Random_n15_55,Random,15,MS-SourceResolved-GA,1,15,15,0.03261423110961914,56,True
Random_n15_55,Random,15,MS-SourceResolved-GA,1,15,15,0.009034156799316406,15,True
Random_n15_56,Random,15,SourceResolved-GA,0,10,10,0.2981743812561035,200,True
Random_n15_56,Random,15,SourceResolved-GA,0,10,10,0.29459261894226074,200,True
Random_n15_56,Random,15,SourceResolved-GA,0,13,13,0.2876923084259033,200,True
Random_n15_56,Random,15,SourceResolved-GA,0,11,11,0.29705286026000977,200,True
Random_n15_56,Random,15,SourceResolved-GA,0,14,14,0.28831934928894043,200,True
Random_n15_56,Random,15,SourceResolved-GA,0,11,11,0.29901933670043945,200,True
Random_n15_56,Random,15,SourceResolved-GA,0,13,13,0.2917046546936035,200,True
Random_n15_56,Random,15,SourceResolved-GA,0,12,12,0.30509090423583984,200,True
Random_n15_56,Random,15,SourceResolved-GA,0,9,9,0.29363536834716797,200,True
Random_n15_56,Random,15,SourceResolved-GA,0,14,14,0.29137587547302246,200,True
Random_n15_56,Random,15,MS-SourceResolved-GA,0,14,14,0.2806510925292969,150,True
Random_n15_56,Random,15,MS-SourceResolved-GA,0,13,13,0.27731943130493164,150,True
Random_n15_56,Random,15,MS-SourceResolved-GA,0,14,14,0.28685498237609863,150,True
Random_n15_56,Random,15,MS-SourceResolved-GA,0,14,14,0.2771468162536621,150,True
Random_n15_56,Random,15,MS-SourceResolved-GA,0,11,11,0.27959346771240234,150,True
Random_n15_56,Random,15,MS-SourceResolved-GA,0,13,13,0.28433752059936523,150,True
Random_n15_56,Random,15,MS-SourceResolved-GA,0,8,8,0.2766873836517334,150,True
Random_n15_56,Random,15,MS-SourceResolved-GA,0,12,12,0.2746148109436035,150,True
Random_n15_56,Random,15,MS-SourceResolved-GA,0,12,12,0.27782750129699707,150,True
Random_n15_56,Random,15,MS-SourceResolved-GA,0,8,8,0.28343796730041504,150,True
Random_n20_5,Random,20,SourceResolved-GA,0,10,10,0.34676074981689453,200,True
Random_n20_5,Random,20,SourceResolved-GA,0,20,20,0.3462080955505371,200,True
Random_n20_5,Random,20,SourceResolved-GA,0,17,17,0.3454265594482422,200,True
Random_n20_5,Random,20,SourceResolved-GA,1,20,20,0.038542985916137695,21,True
Random_n20_5,Random,20,SourceResolved-GA,1,20,20,0.001865386962890625,0,True
Random_n20_5,Random,20,SourceResolved-GA,1,20,20,0.0035479068756103516,1,True
Random_n20_5,Random,20,SourceResolved-GA,1,20,20,0.04206490516662598,23,True
Random_n20_5,Random,20,SourceResolved-GA,1,20,20,0.0019085407257080078,0,True
Random_n20_5,Random,20,SourceResolved-GA,1,20,20,0.031540870666503906,17,True
Random_n20_5,Random,20,SourceResolved-GA,1,20,20,0.02423548698425293,13,True
Random_n20_5,Random,20,MS-SourceResolved-GA,1,20,20,0.00993800163269043,14,True
Random_n20_5,Random,20,MS-SourceResolved-GA,1,20,20,0.09707784652709961,14,True
Random_n20_5,Random,20,MS-SourceResolved-GA,1,20,20,0.07211446762084961,0,True
Random_n20_5,Random,20,MS-SourceResolved-GA,1,20,20,0.01615619659423828,23,True
Random_n20_5,Random,20,MS-SourceResolved-GA,1,20,20,0.09966850280761719,16,True
Random_n20_5,Random,20,MS-SourceResolved-GA,1,20,20,0.1355447769165039,37,True
Random_n20_5,Random,20,MS-SourceResolved-GA,1,20,20,0.0710444450378418,0,True
Random_n20_5,Random,20,MS-SourceResolved-GA,1,20,20,0.021426916122436523,31,True
Random_n20_5,Random,20,MS-SourceResolved-GA,1,20,20,0.09397459030151367,13,True
Random_n20_5,Random,20,MS-SourceResolved-GA,1,20,20,0.07070469856262207,0,True
Random_n20_6,Random,20,SourceResolved-GA,1,20,20,0.04206657409667969,23,True
Random_n20_6,Random,20,SourceResolved-GA,1,20,20,0.022687435150146484,12,True
Random_n20_6,Random,20,SourceResolved-GA,1,20,20,0.033292531967163086,18,True
Random_n20_6,Random,20,SourceResolved-GA,1,20,20,0.05212855339050293,29,True
Random_n20_6,Random,20,SourceResolved-GA,1,20,20,0.0019354820251464844,0,True
Random_n20_6,Random,20,SourceResolved-GA,0,20,20,0.34824490547180176,200,True
Random_n20_6,Random,20,SourceResolved-GA,1,20,20,0.03991985321044922,22,True
Random_n20_6,Random,20,SourceResolved-GA,1,20,20,0.0019533634185791016,0,True
Random_n20_6,Random,20,SourceResolved-GA,1,20,20,0.0828859806060791,47,True
Random_n20_6,Random,20,SourceResolved-GA,1,20,20,0.028048992156982422,15,True
Random_n20_6,Random,20,MS-SourceResolved-GA,1,20,20,0.12329792976379395,30,True
Random_n20_6,Random,20,MS-SourceResolved-GA,1,20,20,0.07637476921081543,3,True
Random_n20_6,Random,20,MS-SourceResolved-GA,1,20,20,0.10251355171203613,18,True
Random_n20_6,Random,20,MS-SourceResolved-GA,1,20,20,0.07999992370605469,5,True
Random_n20_6,Random,20,MS-SourceResolved-GA,1,20,20,0.08676624298095703,8,True
Random_n20_6,Random,20,MS-SourceResolved-GA,1,20,20,0.13241815567016602,35,True
Random_n20_6,Random,20,MS-SourceResolved-GA,1,20,20,0.0726020336151123,0,True
Random_n20_6,Random,20,MS-SourceResolved-GA,1,20,20,0.03318428993225098,47,True
Random_n20_6,Random,20,MS-SourceResolved-GA,0,20,20,0.33100080490112305,150,True
Random_n20_6,Random,20,MS-SourceResolved-GA,1,20,20,0.07198882102966309,0,True
Random_n20_7,Random,20,SourceResolved-GA,1,20,20,0.03954505920410156,22,True
Random_n20_7,Random,20,SourceResolved-GA,1,20,20,0.0019240379333496094,0,True
Random_n20_7,Random,20,SourceResolved-GA,1,20,20,0.027716875076293945,15,True
Random_n20_7,Random,20,SourceResolved-GA,1,20,20,0.012171268463134766,6,True
Random_n20_7,Random,20,SourceResolved-GA,0,15,15,0.3419182300567627,200,True
Random_n20_7,Random,20,SourceResolved-GA,0,18,18,0.3420746326446533,200,True
Random_n20_7,Random,20,SourceResolved-GA,0,16,16,0.3440980911254883,200,True
Random_n20_7,Random,20,SourceResolved-GA,1,20,20,0.029517412185668945,16,True
Random_n20_7,Random,20,SourceResolved-GA,0,18,18,0.34278345108032227,200,True
Random_n20_7,Random,20,SourceResolved-GA,0,12,12,0.3443131446838379,200,True
Random_n20_7,Random,20,MS-SourceResolved-GA,1,20,20,0.0999460220336914,17,True
Random_n20_7,Random,20,MS-SourceResolved-GA,0,20,20,0.32903599739074707,150,True
Random_n20_7,Random,20,MS-SourceResolved-GA,1,20,20,0.11732721328735352,27,True
Random_n20_7,Random,20,MS-SourceResolved-GA,1,20,20,0.12795186042785645,33,True
Random_n20_7,Random,20,MS-SourceResolved-GA,1,20,20,0.05895638465881348,83,True
Random_n20_7,Random,20,MS-SourceResolved-GA,1,20,20,0.07120919227600098,0,True
Random_n20_7,Random,20,MS-SourceResolved-GA,0,19,19,0.3373863697052002,150,True
Random_n20_7,Random,20,MS-SourceResolved-GA,1,20,20,0.07121443748474121,0,True
Random_n20_7,Random,20,MS-SourceResolved-GA,0,18,18,0.32790517807006836,150,True
Random_n20_7,Random,20,MS-SourceResolved-GA,1,20,20,0.07057523727416992,0,True
Random_n20_8,Random,20,SourceResolved-GA,0,19,19,0.34652161598205566,200,True
Random_n20_8,Random,20,SourceResolved-GA,0,20,20,0.34476256370544434,200,True
Random_n20_8,Random,20,SourceResolved-GA,1,20,20,0.0018191337585449219,0,True
Random_n20_8,Random,20,SourceResolved-GA,1,20,20,0.024385452270507812,13,True
Random_n20_8,Random,20,SourceResolved-GA,1,20,20,0.041748762130737305,23,True
Random_n20_8,Random,20,SourceResolved-GA,1,20,20,0.007021188735961914,3,True
Random_n20_8,Random,20,SourceResolved-GA,1,20,20,0.06371164321899414,36,True
Random_n20_8,Random,20,SourceResolved-GA,1,20,20,0.02103447914123535,11,True
Random_n20_8,Random,20,SourceResolved-GA,1,20,20,0.04470419883728027,25,True
Random_n20_8,Random,20,SourceResolved-GA,1,20,20,0.0018155574798583984,0,True
Random_n20_8,Random,20,MS-SourceResolved-GA,1,20,20,0.1007392406463623,17,True
Random_n20_8,Random,20,MS-SourceResolved-GA,1,20,20,0.0951383113861084,13,True
Random_n20_8,Random,20,MS-SourceResolved-GA,1,20,20,0.07162117958068848,0,True
Random_n20_8,Random,20,MS-SourceResolved-GA,1,20,20,0.0715785026550293,0,True
Random_n20_8,Random,20,MS-SourceResolved-GA,1,20,20,0.0707850456237793,0,True
Random_n20_8,Random,20,MS-SourceResolved-GA,0,20,20,0.32753467559814453,150,True
Random_n20_8,Random,20,MS-SourceResolved-GA,1,20,20,0.09029364585876465,11,True
Random_n20_8,Random,20,MS-SourceResolved-GA,1,20,20,0.0628197193145752,91,True
Random_n20_8,Random,20,MS-SourceResolved-GA,1,20,20,0.03475046157836914,50,True
Random_n20_8,Random,20,MS-SourceResolved-GA,1,20,20,0.07089829444885254,0,True
Random_n15_9,Random,15,SourceResolved-GA,1,15,15,0.007586956024169922,4,True
Random_n15_9,Random,15,SourceResolved-GA,1,15,15,0.01620340347290039,10,True
Random_n15_9,Random,15,SourceResolved-GA,0,14,14,0.28641223907470703,200,True
Random_n15_9,Random,15,SourceResolved-GA,1,15,15,0.04672551155090332,31,True
Random_n15_9,Random,15,SourceResolved-GA,1,15,15,0.001486063003540039,0,True
Random_n15_9,Random,15,SourceResolved-GA,1,15,15,0.0028405189514160156,1,True
Random_n15_9,Random,15,SourceResolved-GA,1,15,15,0.024792909622192383,16,True
Random_n15_9,Random,15,SourceResolved-GA,0,10,10,0.28932785987854004,200,True
Random_n15_9,Random,15,SourceResolved-GA,0,13,13,0.31734633445739746,200,True
Random_n15_9,Random,15,SourceResolved-GA,1,15,15,0.040204524993896484,25,True
Random_n15_9,Random,15,MS-SourceResolved-GA,1,15,15,0.08356881141662598,16,True
Random_n15_9,Random,15,MS-SourceResolved-GA,0,14,14,0.2762470245361328,150,True
Random_n15_9,Random,15,MS-SourceResolved-GA,0,13,13,0.27657389640808105,150,True
Random_n15_9,Random,15,MS-SourceResolved-GA,1,15,15,0.05983328819274902,0,True
Random_n15_9,Random,15,MS-SourceResolved-GA,1,15,15,0.013222217559814453,22,True
Random_n15_9,Random,15,MS-SourceResolved-GA,1,15,15,0.0600886344909668,0,True
Random_n15_9,Random,15,MS-SourceResolved-GA,1,15,15,0.015422821044921875,26,True
Random_n15_9,Random,15,MS-SourceResolved-GA,1,15,15,0.026667118072509766,46,True
Random_n15_9,Random,15,MS-SourceResolved-GA,1,15,15,0.09852242469787598,26,True
Random_n15_9,Random,15,MS-SourceResolved-GA,1,15,15,0.05951237678527832,0,True
Random_n15_10,Random,15,SourceResolved-GA,0,15,15,0.28899621963500977,200,True
Random_n15_10,Random,15,SourceResolved-GA,0,13,13,0.28984761238098145,200,True
Random_n15_10,Random,15,SourceResolved-GA,0,13,13,0.28788256645202637,200,True
Random_n15_10,Random,15,SourceResolved-GA,0,8,8,0.2910778522491455,200,True
Random_n15_10,Random,15,SourceResolved-GA,0,14,14,0.2846410274505615,200,True
Random_n15_10,Random,15,SourceResolved-GA,0,8,8,0.2845625877380371,200,True
Random_n15_10,Random,15,SourceResolved-GA,0,14,14,0.28733348846435547,200,True
Random_n15_10,Random,15,SourceResolved-GA,0,10,10,0.28903865814208984,200,True
Random_n15_10,Random,15,SourceResolved-GA,0,9,9,0.28809571266174316,200,True
Random_n15_10,Random,15,SourceResolved-GA,0,14,14,0.2887709140777588,200,True
Random_n15_10,Random,15,MS-SourceResolved-GA,0,15,15,0.2747371196746826,150,True
Random_n15_10,Random,15,MS-SourceResolved-GA,1,15,15,0.08593392372131348,18,True
Random_n15_10,Random,15,MS-SourceResolved-GA,0,12,12,0.2747836112976074,150,True
Random_n15_10,Random,15,MS-SourceResolved-GA,0,8,8,0.27362704277038574,150,True
Random_n15_10,Random,15,MS-SourceResolved-GA,0,9,9,0.27571630477905273,150,True
Random_n15_10,Random,15,MS-SourceResolved-GA,0,12,12,0.2735719680786133,150,True
Random_n15_10,Random,15,MS-SourceResolved-GA,0,9,9,0.28316736221313477,150,True
Random_n15_10,Random,15,MS-SourceResolved-GA,1,15,15,0.07490229606628418,10,True
Random_n15_10,Random,15,MS-SourceResolved-GA,1,15,15,0.08690261840820312,17,True
Random_n15_10,Random,15,MS-SourceResolved-GA,0,13,13,0.282456636428833,150,True
Random_n15_11,Random,15,SourceResolved-GA,0,8,8,0.28899431228637695,200,True
Random_n15_11,Random,15,SourceResolved-GA,0,15,15,0.2888965606689453,200,True
Random_n15_11,Random,15,SourceResolved-GA,0,13,13,0.291672945022583,200,True
Random_n15_11,Random,15,SourceResolved-GA,0,10,10,0.2878763675689697,200,True
Random_n15_11,Random,15,SourceResolved-GA,0,8,8,0.2877671718597412,200,True
Random_n15_11,Random,15,SourceResolved-GA,0,9,9,0.2849268913269043,200,True
Random_n15_11,Random,15,SourceResolved-GA,0,9,9,0.2898402214050293,200,True
Random_n15_11,Random,15,SourceResolved-GA,0,13,13,0.2884795665740967,200,True
Random_n15_11,Random,15,SourceResolved-GA,0,14,14,0.28798508644104004,200,True
Random_n15_11,Random,15,SourceResolved-GA,0,12,12,0.2852301597595215,200,True
Random_n15_11,Random,15,MS-SourceResolved-GA,0,8,8,0.27477550506591797,150,True
Random_n15_11,Random,15,MS-SourceResolved-GA,0,11,11,0.2768545150756836,150,True
Random_n15_11,Random,15,MS-SourceResolved-GA,0,9,9,0.27930283546447754,150,True
Random_n15_11,Random,15,MS-SourceResolved-GA,0,13,13,0.27689695358276367,150,True
Random_n15_11,Random,15,MS-SourceResolved-GA,0,14,14,0.27591729164123535,150,True
Random_n15_11,Random,15,MS-SourceResolved-GA,0,9,9,0.2781198024749756,150,True
Random_n15_11,Random,15,MS-SourceResolved-GA,0,13,13,0.27400898933410645,150,True
Random_n15_11,Random,15,MS-SourceResolved-GA,0,13,13,0.2760019302368164,150,True
Random_n15_11,Random,15,MS-SourceResolved-GA,0,9,9,0.27594470977783203,150,True
Random_n15_11,Random,15,MS-SourceResolved-GA,0,9,9,0.27702999114990234,150,True
Random_n15_12,Random,15,SourceResolved-GA,1,15,15,0.0014488697052001953,0,True
Random_n15_12,Random,15,SourceResolved-GA,1,15,15,0.001451730728149414,0,True
Random_n15_12,Random,15,SourceResolved-GA,1,15,15,0.008796215057373047,5,True
Random_n15_12,Random,15,SourceResolved-GA,1,15,15,0.0014421939849853516,0,True
Random_n15_12,Random,15,SourceResolved-GA,1,15,15,0.0014662742614746094,0,True
Random_n15_12,Random,15,SourceResolved-GA,1,15,15,0.0073833465576171875,4,True
Random_n15_12,Random,15,SourceResolved-GA,1,15,15,0.019148826599121094,12,True
Random_n15_12,Random,15,SourceResolved-GA,1,15,15,0.0014414787292480469,0,True
Random_n15_12,Random,15,SourceResolved-GA,1,15,15,0.016143083572387695,10,True
Random_n15_12,Random,15,SourceResolved-GA,1,15,15,0.0014300346374511719,0,True
Random_n15_12,Random,15,MS-SourceResolved-GA,1,15,15,0.059886932373046875,0,True
Random_n15_12,Random,15,MS-SourceResolved-GA,1,15,15,0.06100654602050781,0,True
Random_n15_12,Random,15,MS-SourceResolved-GA,1,15,15,0.06028437614440918,0,True
Random_n15_12,Random,15,MS-SourceResolved-GA,1,15,15,0.07073116302490234,7,True
Random_n15_12,Random,15,MS-SourceResolved-GA,1,15,15,0.06060338020324707,0,True
Random_n15_12,Random,15,MS-SourceResolved-GA,1,15,15,0.017343997955322266,29,True
Random_n15_12,Random,15,MS-SourceResolved-GA,1,15,15,0.060587167739868164,0,True
Random_n15_12,Random,15,MS-SourceResolved-GA,1,15,15,0.06091928482055664,0,True
Random_n15_12,Random,15,MS-SourceResolved-GA,1,15,15,0.04759693145751953,81,True
Random_n15_12,Random,15,MS-SourceResolved-GA,1,15,15,0.009614944458007812,16,True
Random_n20_17,Random,20,SourceResolved-GA,1,20,20,0.012246370315551758,6,True
Random_n20_17,Random,20,SourceResolved-GA,1,20,20,0.03660082817077637,20,True
Random_n20_17,Random,20,SourceResolved-GA,1,20,20,0.0018849372863769531,0,True
Random_n20_17,Random,20,SourceResolved-GA,1,20,20,0.0018703937530517578,0,True
Random_n20_17,Random,20,SourceResolved-GA,1,20,20,0.001889944076538086,0,True
Random_n20_17,Random,20,SourceResolved-GA,1,20,20,0.001882314682006836,0,True
Random_n20_17,Random,20,SourceResolved-GA,1,20,20,0.0019040107727050781,0,True
Random_n20_17,Random,20,SourceResolved-GA,1,20,20,0.06098747253417969,34,True
Random_n20_17,Random,20,SourceResolved-GA,1,20,20,0.0018880367279052734,0,True
Random_n20_17,Random,20,SourceResolved-GA,1,20,20,0.0018198490142822266,0,True
Random_n20_17,Random,20,MS-SourceResolved-GA,1,20,20,0.08951807022094727,11,True
Random_n20_17,Random,20,MS-SourceResolved-GA,1,20,20,0.07137775421142578,0,True
Random_n20_17,Random,20,MS-SourceResolved-GA,1,20,20,0.079742431640625,5,True
Random_n20_17,Random,20,MS-SourceResolved-GA,1,20,20,0.07119107246398926,0,True
Random_n20_17,Random,20,MS-SourceResolved-GA,1,20,20,0.023537635803222656,34,True
Random_n20_17,Random,20,MS-SourceResolved-GA,1,20,20,0.09692025184631348,15,True
Random_n20_17,Random,20,MS-SourceResolved-GA,1,20,20,0.07176089286804199,0,True
Random_n20_17,Random,20,MS-SourceResolved-GA,1,20,20,0.07154965400695801,0,True
Random_n20_17,Random,20,MS-SourceResolved-GA,1,20,20,0.09273266792297363,12,True
Random_n20_17,Random,20,MS-SourceResolved-GA,1,20,20,0.09930777549743652,16,True
Random_n20_18,Random,20,SourceResolved-GA,1,20,20,0.03997302055358887,22,True
Random_n20_18,Random,20,SourceResolved-GA,1,20,20,0.001844167709350586,0,True
Random_n20_18,Random,20,SourceResolved-GA,1,20,20,0.001856088638305664,0,True
Random_n20_18,Random,20,SourceResolved-GA,1,20,20,0.048674583435058594,27,True
Random_n20_18,Random,20,SourceResolved-GA,1,20,20,0.03204464912414551,17,True
Random_n20_18,Random,20,SourceResolved-GA,1,20,20,0.06280922889709473,35,True
Random_n20_18,Random,20,SourceResolved-GA,1,20,20,0.008652210235595703,4,True
Random_n20_18,Random,20,SourceResolved-GA,1,20,20,0.031954050064086914,17,True
Random_n20_18,Random,20,SourceResolved-GA,1,20,20,0.03631997108459473,20,True
Random_n20_18,Random,20,SourceResolved-GA,1,20,20,0.0018966197967529297,0,True
Random_n20_18,Random,20,MS-SourceResolved-GA,0,17,17,0.32810401916503906,150,True
Random_n20_18,Random,20,MS-SourceResolved-GA,1,20,20,0.13591337203979492,37,True
Random_n20_18,Random,20,MS-SourceResolved-GA,1,20,20,0.07790637016296387,4,True
Random_n20_18,Random,20,MS-SourceResolved-GA,1,20,20,0.02513599395751953,36,True
Random_n20_18,Random,20,MS-SourceResolved-GA,1,20,20,0.08501791954040527,8,True
Random_n20_18,Random,20,MS-SourceResolved-GA,1,20,20,0.1254739761352539,31,True
Random_n20_18,Random,20,MS-SourceResolved-GA,1,20,20,0.10093235969543457,17,True
Random_n20_18,Random,20,MS-SourceResolved-GA,1,20,20,0.19678521156311035,73,True
Random_n20_18,Random,20,MS-SourceResolved-GA,1,20,20,0.0991358757019043,16,True
Random_n20_18,Random,20,MS-SourceResolved-GA,1,20,20,0.03247332572937012,47,True
Random_n20_19,Random,20,SourceResolved-GA,1,20,20,0.0019423961639404297,0,True
Random_n20_19,Random,20,SourceResolved-GA,1,20,20,0.23111391067504883,133,True
Random_n20_19,Random,20,SourceResolved-GA,1,20,20,0.03146624565124512,17,True
Random_n20_19,Random,20,SourceResolved-GA,1,20,20,0.050455570220947266,28,True
Random_n20_19,Random,20,SourceResolved-GA,0,17,17,0.34598684310913086,200,True
Random_n20_19,Random,20,SourceResolved-GA,1,20,20,0.0019562244415283203,0,True
Random_n20_19,Random,20,SourceResolved-GA,1,20,20,0.0018393993377685547,0,True
Random_n20_19,Random,20,SourceResolved-GA,1,20,20,0.06545090675354004,36,True
Random_n20_19,Random,20,SourceResolved-GA,1,20,20,0.05927324295043945,33,True
Random_n20_19,Random,20,SourceResolved-GA,1,20,20,0.0019106864929199219,0,True
Random_n20_19,Random,20,MS-SourceResolved-GA,1,20,20,0.07193922996520996,0,True
Random_n20_19,Random,20,MS-SourceResolved-GA,1,20,20,0.03302478790283203,48,True
Random_n20_19,Random,20,MS-SourceResolved-GA,1,20,20,0.10465240478515625,20,True
Random_n20_19,Random,20,MS-SourceResolved-GA,1,20,20,0.06983113288879395,0,True
Random_n20_19,Random,20,MS-SourceResolved-GA,1,20,20,0.0711207389831543,0,True
Random_n20_19,Random,20,MS-SourceResolved-GA,1,20,20,0.07066130638122559,0,True
Random_n20_19,Random,20,MS-SourceResolved-GA,1,20,20,0.11192083358764648,24,True
Random_n20_19,Random,20,MS-SourceResolved-GA,1,20,20,0.1042635440826416,19,True
Random_n20_19,Random,20,MS-SourceResolved-GA,1,20,20,0.07137107849121094,0,True
Random_n20_19,Random,20,MS-SourceResolved-GA,1,20,20,0.08547568321228027,8,True
Random_n20_20,Random,20,SourceResolved-GA,0,18,18,0.344951868057251,200,True
Random_n20_20,Random,20,SourceResolved-GA,1,20,20,0.0019211769104003906,0,True
Random_n20_20,Random,20,SourceResolved-GA,1,20,20,0.06098341941833496,34,True
Random_n20_20,Random,20,SourceResolved-GA,0,18,18,0.34393882751464844,200,True
Random_n20_20,Random,20,SourceResolved-GA,1,20,20,0.02768230438232422,15,True
Random_n20_20,Random,20,SourceResolved-GA,1,20,20,0.0465998649597168,26,True
Random_n20_20,Random,20,SourceResolved-GA,1,20,20,0.017529010772705078,9,True
Random_n20_20,Random,20,SourceResolved-GA,0,19,19,0.3420224189758301,200,True
Random_n20_20,Random,20,SourceResolved-GA,1,20,20,0.0017786026000976562,0,True
Random_n20_20,Random,20,SourceResolved-GA,1,20,20,0.0018014907836914062,0,True
Random_n20_20,Random,20,MS-SourceResolved-GA,1,20,20,0.09300446510314941,12,True
Random_n20_20,Random,20,MS-SourceResolved-GA,0,20,20,0.326984167098999,150,True
Random_n20_20,Random,20,MS-SourceResolved-GA,1,20,20,0.023293495178222656,33,True
Random_n20_20,Random,20,MS-SourceResolved-GA,1,20,20,0.10206246376037598,18,True
Random_n20_20,Random,20,MS-SourceResolved-GA,1,20,20,0.015747547149658203,23,True
Random_n20_20,Random,20,MS-SourceResolved-GA,1,20,20,0.07120370864868164,0,True
Random_n20_20,Random,20,MS-SourceResolved-GA,1,20,20,0.09224534034729004,12,True
Random_n20_20,Random,20,MS-SourceResolved-GA,1,20,20,0.0718088150024414,0,True
Random_n20_20,Random,20,MS-SourceResolved-GA,1,20,20,0.0706181526184082,0,True
Random_n20_20,Random,20,MS-SourceResolved-GA,1,20,20,0.09011554718017578,11,True
Random_n15_33,Random,15,SourceResolved-GA,1,15,15,0.0179293155670166,11,True
Random_n15_33,Random,15,SourceResolved-GA,1,15,15,0.0014264583587646484,0,True
Random_n15_33,Random,15,SourceResolved-GA,1,15,15,0.004311323165893555,2,True
Random_n15_33,Random,15,SourceResolved-GA,1,15,15,0.011517524719238281,7,True
Random_n15_33,Random,15,SourceResolved-GA,1,15,15,0.030402660369873047,20,True
Random_n15_33,Random,15,SourceResolved-GA,1,15,15,0.0014257431030273438,0,True
Random_n15_33,Random,15,SourceResolved-GA,1,15,15,0.026242494583129883,17,True
Random_n15_33,Random,15,SourceResolved-GA,1,15,15,0.0013883113861083984,0,True
Random_n15_33,Random,15,SourceResolved-GA,0,15,15,0.28819775581359863,200,True
Random_n15_33,Random,15,SourceResolved-GA,1,15,15,0.013067007064819336,8,True
Random_n15_33,Random,15,MS-SourceResolved-GA,1,15,15,0.060834407806396484,0,True
Random_n15_33,Random,15,MS-SourceResolved-GA,1,15,15,0.03570127487182617,61,True
Random_n15_33,Random,15,MS-SourceResolved-GA,1,15,15,0.023317337036132812,40,True
Random_n15_33,Random,15,MS-SourceResolved-GA,1,15,15,0.061139583587646484,0,True
Random_n15_33,Random,15,MS-SourceResolved-GA,1,15,15,0.1062765121459961,27,True
Random_n15_33,Random,15,MS-SourceResolved-GA,0,13,13,0.28964996337890625,150,True
Random_n15_33,Random,15,MS-SourceResolved-GA,1,15,15,0.010352134704589844,16,True
Random_n15_33,Random,15,MS-SourceResolved-GA,1,15,15,0.07282447814941406,8,True
Random_n15_33,Random,15,MS-SourceResolved-GA,0,15,15,0.28222179412841797,150,True
Random_n15_33,Random,15,MS-SourceResolved-GA,1,15,15,0.010278463363647461,17,True
Random_n15_34,Random,15,SourceResolved-GA,1,15,15,0.0013775825500488281,0,True
Random_n15_34,Random,15,SourceResolved-GA,1,15,15,0.0014178752899169922,0,True
Random_n15_34,Random,15,SourceResolved-GA,1,15,15,0.0013675689697265625,0,True
Random_n15_34,Random,15,SourceResolved-GA,1,15,15,0.002067089080810547,0,True
Random_n15_34,Random,15,SourceResolved-GA,1,15,15,0.0013875961303710938,0,True
Random_n15_34,Random,15,SourceResolved-GA,1,15,15,0.023183107376098633,14,True
Random_n15_34,Random,15,SourceResolved-GA,1,15,15,0.027759790420532227,18,True
Random_n15_34,Random,15,SourceResolved-GA,1,15,15,0.0013844966888427734,0,True
Random_n15_34,Random,15,SourceResolved-GA,1,15,15,0.019008159637451172,12,True
Random_n15_34,Random,15,SourceResolved-GA,0,11,11,0.3030364513397217,200,True
Random_n15_34,Random,15,MS-SourceResolved-GA,1,15,15,0.09101366996765137,18,True
Random_n15_34,Random,15,MS-SourceResolved-GA,1,15,15,0.06038832664489746,0,True
Random_n15_34,Random,15,MS-SourceResolved-GA,1,15,15,0.06140875816345215,0,True
Random_n15_34,Random,15,MS-SourceResolved-GA,1,15,15,0.03355979919433594,57,True
Random_n15_34,Random,15,MS-SourceResolved-GA,1,15,15,0.06196403503417969,0,True
Random_n15_34,Random,15,MS-SourceResolved-GA,1,15,15,0.013730049133300781,23,True
Random_n15_34,Random,15,MS-SourceResolved-GA,1,15,15,0.06038665771484375,0,True
Random_n15_34,Random,15,MS-SourceResolved-GA,1,15,15,0.026430845260620117,44,True
Random_n15_34,Random,15,MS-SourceResolved-GA,1,15,15,0.057942867279052734,98,True
Random_n15_34,Random,15,MS-SourceResolved-GA,1,15,15,0.04466819763183594,77,True
Random_n15_35,Random,15,SourceResolved-GA,0,12,12,0.3039708137512207,200,True
Random_n15_35,Random,15,SourceResolved-GA,0,12,12,0.3026854991912842,200,True
Random_n15_35,Random,15,SourceResolved-GA,0,11,11,0.2964823246002197,200,True
Random_n15_35,Random,15,SourceResolved-GA,0,11,11,0.2994418144226074,200,True
Random_n15_35,Random,15,SourceResolved-GA,0,8,8,0.303635835647583,200,True
Random_n15_35,Random,15,SourceResolved-GA,0,9,9,0.29723620414733887,200,True
Random_n15_35,Random,15,SourceResolved-GA,0,8,8,0.29767489433288574,200,True
Random_n15_35,Random,15,SourceResolved-GA,0,8,8,0.306429386138916,200,True
Random_n15_35,Random,15,SourceResolved-GA,0,13,13,0.2973027229309082,200,True
Random_n15_35,Random,15,SourceResolved-GA,0,12,12,0.2960851192474365,200,True
Random_n15_35,Random,15,MS-SourceResolved-GA,0,6,6,0.28632283210754395,150,True
Random_n15_35,Random,15,MS-SourceResolved-GA,0,10,10,0.29111766815185547,150,True
Random_n15_35,Random,15,MS-SourceResolved-GA,0,11,11,0.283374547958374,150,True
Random_n15_35,Random,15,MS-SourceResolved-GA,0,10,10,0.28095555305480957,150,True
Random_n15_35,Random,15,MS-SourceResolved-GA,0,15,15,0.29485034942626953,150,True
Random_n15_35,Random,15,MS-SourceResolved-GA,0,11,11,0.28249216079711914,150,True
Random_n15_35,Random,15,MS-SourceResolved-GA,0,10,10,0.2817411422729492,150,True
Random_n15_35,Random,15,MS-SourceResolved-GA,0,14,14,0.28661417961120605,150,True
Random_n15_35,Random,15,MS-SourceResolved-GA,0,12,12,0.2905580997467041,150,True
Random_n15_35,Random,15,MS-SourceResolved-GA,0,9,9,0.2812459468841553,150,True
Random_n15_36,Random,15,SourceResolved-GA,0,8,8,0.29434871673583984,200,True
Random_n15_36,Random,15,SourceResolved-GA,0,14,14,0.3031167984008789,200,True
Random_n15_36,Random,15,SourceResolved-GA,0,10,10,0.3015153408050537,200,True
Random_n15_36,Random,15,SourceResolved-GA,0,10,10,0.295957088470459,200,True
Random_n15_36,Random,15,SourceResolved-GA,0,14,14,0.3069589138031006,200,True
Random_n15_36,Random,15,SourceResolved-GA,0,10,10,0.2957029342651367,200,True
Random_n15_36,Random,15,SourceResolved-GA,0,12,12,0.2978222370147705,200,True
Random_n15_36,Random,15,SourceResolved-GA,0,15,15,0.30222272872924805,200,True
Random_n15_36,Random,15,SourceResolved-GA,0,11,11,0.3026444911956787,200,True
Random_n15_36,Random,15,SourceResolved-GA,0,9,9,0.29784655570983887,200,True
Random_n15_36,Random,15,MS-SourceResolved-GA,0,12,12,0.2843902111053467,150,True
Random_n15_36,Random,15,MS-SourceResolved-GA,0,8,8,0.28923535346984863,150,True
Random_n15_36,Random,15,MS-SourceResolved-GA,0,13,13,0.2857780456542969,150,True
Random_n15_36,Random,15,MS-SourceResolved-GA,0,9,9,0.28179407119750977,150,True
Random_n15_36,Random,15,MS-SourceResolved-GA,0,9,9,0.28853631019592285,150,True
Random_n15_36,Random,15,MS-SourceResolved-GA,0,13,13,0.2905266284942627,150,True
Random_n15_36,Random,15,MS-SourceResolved-GA,0,7,7,0.281630277633667,150,True
Random_n15_36,Random,15,MS-SourceResolved-GA,0,9,9,0.28052806854248047,150,True
Random_n15_36,Random,15,MS-SourceResolved-GA,0,8,8,0.2924072742462158,150,True
Random_n15_36,Random,15,MS-SourceResolved-GA,0,12,12,0.28258800506591797,150,True
Random_n15_17,Random,15,SourceResolved-GA,1,15,15,0.01955580711364746,12,True
Random_n15_17,Random,15,SourceResolved-GA,0,8,8,0.2937757968902588,200,True
Random_n15_17,Random,15,SourceResolved-GA,1,15,15,0.008841514587402344,5,True
Random_n15_17,Random,15,SourceResolved-GA,1,15,15,0.029361963272094727,19,True
Random_n15_17,Random,15,SourceResolved-GA,0,8,8,0.29332685470581055,200,True
Random_n15_17,Random,15,SourceResolved-GA,0,15,15,0.2929961681365967,200,True
Random_n15_17,Random,15,SourceResolved-GA,1,15,15,0.059093475341796875,39,True
Random_n15_17,Random,15,SourceResolved-GA,0,14,14,0.29492855072021484,200,True
Random_n15_17,Random,15,SourceResolved-GA,0,12,12,0.2935945987701416,200,True
Random_n15_17,Random,15,SourceResolved-GA,0,12,12,0.2944176197052002,200,True
Random_n15_17,Random,15,MS-SourceResolved-GA,0,14,14,0.28057289123535156,150,True
Random_n15_17,Random,15,MS-SourceResolved-GA,0,11,11,0.2808418273925781,150,True
Random_n15_17,Random,15,MS-SourceResolved-GA,1,15,15,0.02514815330505371,42,True
Random_n15_17,Random,15,MS-SourceResolved-GA,0,12,12,0.2797391414642334,150,True
Random_n15_17,Random,15,MS-SourceResolved-GA,0,15,15,0.28120994567871094,150,True
Random_n15_17,Random,15,MS-SourceResolved-GA,0,8,8,0.28176355361938477,150,True
Random_n15_17,Random,15,MS-SourceResolved-GA,1,15,15,0.016751766204833984,28,True
Random_n15_17,Random,15,MS-SourceResolved-GA,0,14,14,0.2798168659210205,150,True
Random_n15_17,Random,15,MS-SourceResolved-GA,1,15,15,0.09776639938354492,25,True
Random_n15_17,Random,15,MS-SourceResolved-GA,0,15,15,0.2809460163116455,150,True
Random_n15_18,Random,15,SourceResolved-GA,0,15,15,0.29139065742492676,200,True
Random_n15_18,Random,15,SourceResolved-GA,0,13,13,0.29256415367126465,200,True
Random_n15_18,Random,15,SourceResolved-GA,1,15,15,0.03984689712524414,26,True
Random_n15_18,Random,15,SourceResolved-GA,0,12,12,0.2920527458190918,200,True
Random_n15_18,Random,15,SourceResolved-GA,1,15,15,0.02383255958557129,15,True
Random_n15_18,Random,15,SourceResolved-GA,0,8,8,0.29357481002807617,200,True
Random_n15_18,Random,15,SourceResolved-GA,0,12,12,0.2948112487792969,200,True
Random_n15_18,Random,15,SourceResolved-GA,0,15,15,0.291806697845459,200,True
Random_n15_18,Random,15,SourceResolved-GA,1,15,15,0.03176283836364746,20,True
Random_n15_18,Random,15,SourceResolved-GA,0,12,12,0.29195475578308105,200,True
Random_n15_18,Random,15,MS-SourceResolved-GA,0,12,12,0.27745962142944336,150,True
Random_n15_18,Random,15,MS-SourceResolved-GA,0,9,9,0.2786600589752197,150,True
Random_n15_18,Random,15,MS-SourceResolved-GA,0,8,8,0.2807285785675049,150,True
Random_n15_18,Random,15,MS-SourceResolved-GA,0,8,8,0.2795255184173584,150,True
Random_n15_18,Random,15,MS-SourceResolved-GA,1,15,15,0.07660555839538574,10,True
Random_n15_18,Random,15,MS-SourceResolved-GA,0,11,11,0.2821688652038574,150,True
Random_n15_18,Random,15,MS-SourceResolved-GA,1,15,15,0.04750823974609375,80,True
Random_n15_18,Random,15,MS-SourceResolved-GA,1,15,15,0.07778048515319824,11,True
Random_n15_18,Random,15,MS-SourceResolved-GA,1,15,15,0.07121610641479492,7,True
Random_n15_18,Random,15,MS-SourceResolved-GA,1,15,15,0.07122635841369629,7,True
Random_n15_19,Random,15,SourceResolved-GA,0,14,14,0.29082536697387695,200,True
Random_n15_19,Random,15,SourceResolved-GA,0,13,13,0.29601430892944336,200,True
Random_n15_19,Random,15,SourceResolved-GA,0,9,9,0.29737281799316406,200,True
Random_n15_19,Random,15,SourceResolved-GA,0,13,13,0.2939178943634033,200,True
Random_n15_19,Random,15,SourceResolved-GA,0,9,9,0.2949962615966797,200,True
Random_n15_19,Random,15,SourceResolved-GA,0,14,14,0.2920656204223633,200,True
Random_n15_19,Random,15,SourceResolved-GA,0,8,8,0.2940554618835449,200,True
Random_n15_19,Random,15,SourceResolved-GA,0,14,14,0.2950000762939453,200,True
Random_n15_19,Random,15,SourceResolved-GA,0,13,13,0.29506802558898926,200,True
Random_n15_19,Random,15,SourceResolved-GA,0,15,15,0.2957592010498047,200,True
Random_n15_19,Random,15,MS-SourceResolved-GA,0,11,11,0.2827019691467285,150,True
Random_n15_19,Random,15,MS-SourceResolved-GA,0,14,14,0.28099942207336426,150,True
Random_n15_19,Random,15,MS-SourceResolved-GA,0,14,14,0.280925989151001,150,True
Random_n15_19,Random,15,MS-SourceResolved-GA,0,14,14,0.28124499320983887,150,True
Random_n15_19,Random,15,MS-SourceResolved-GA,0,14,14,0.281644344329834,150,True
Random_n15_19,Random,15,MS-SourceResolved-GA,0,11,11,0.28064870834350586,150,True
Random_n15_19,Random,15,MS-SourceResolved-GA,0,14,14,0.2818312644958496,150,True
Random_n15_19,Random,15,MS-SourceResolved-GA,0,15,15,0.2837340831756592,150,True
Random_n15_19,Random,15,MS-SourceResolved-GA,0,13,13,0.28128647804260254,150,True
Random_n15_19,Random,15,MS-SourceResolved-GA,0,14,14,0.28249454498291016,150,True
Random_n15_20,Random,15,SourceResolved-GA,1,15,15,0.0014460086822509766,0,True
Random_n15_20,Random,15,SourceResolved-GA,0,13,13,0.2998995780944824,200,True
Random_n15_20,Random,15,SourceResolved-GA,1,15,15,0.0014216899871826172,0,True
Random_n15_20,Random,15,SourceResolved-GA,1,15,15,0.019411087036132812,12,True
Random_n15_20,Random,15,SourceResolved-GA,1,15,15,0.028743267059326172,18,True
Random_n15_20,Random,15,SourceResolved-GA,1,15,15,0.010402679443359375,6,True
Random_n15_20,Random,15,SourceResolved-GA,1,15,15,0.0375826358795166,24,True
Random_n15_20,Random,15,SourceResolved-GA,1,15,15,0.005827903747558594,3,True
Random_n15_20,Random,15,SourceResolved-GA,1,15,15,0.001390218734741211,0,True
Random_n15_20,Random,15,SourceResolved-GA,1,15,15,0.007407426834106445,4,True
Random_n15_20,Random,15,MS-SourceResolved-GA,1,15,15,0.010990381240844727,18,True
Random_n15_20,Random,15,MS-SourceResolved-GA,1,15,15,0.0795278549194336,12,True
Random_n15_20,Random,15,MS-SourceResolved-GA,1,15,15,0.060932159423828125,0,True
Random_n15_20,Random,15,MS-SourceResolved-GA,1,15,15,0.06180596351623535,0,True
Random_n15_20,Random,15,MS-SourceResolved-GA,1,15,15,0.01699376106262207,28,True
Random_n15_20,Random,15,MS-SourceResolved-GA,1,15,15,0.015503644943237305,26,True
Random_n15_20,Random,15,MS-SourceResolved-GA,1,15,15,0.013030052185058594,21,True
Random_n15_20,Random,15,MS-SourceResolved-GA,1,15,15,0.06136369705200195,0,True
Random_n15_20,Random,15,MS-SourceResolved-GA,1,15,15,0.060910701751708984,0,True
Random_n15_20,Random,15,MS-SourceResolved-GA,1,15,15,0.011071443557739258,18,True
Random_n20_21,Random,20,SourceResolved-GA,1,20,20,0.030120372772216797,16,True
Random_n20_21,Random,20,SourceResolved-GA,1,20,20,0.001956939697265625,0,True
Random_n20_21,Random,20,SourceResolved-GA,1,20,20,0.001911163330078125,0,True
Random_n20_21,Random,20,SourceResolved-GA,1,20,20,0.01950860023498535,10,True
Random_n20_21,Random,20,SourceResolved-GA,1,20,20,0.022945404052734375,12,True
Random_n20_21,Random,20,SourceResolved-GA,1,20,20,0.0072705745697021484,3,True
Random_n20_21,Random,20,SourceResolved-GA,1,20,20,0.0019006729125976562,0,True
Random_n20_21,Random,20,SourceResolved-GA,1,20,20,0.03147530555725098,17,True
Random_n20_21,Random,20,SourceResolved-GA,1,20,20,0.0019617080688476562,0,True
Random_n20_21,Random,20,SourceResolved-GA,1,20,20,0.031815290451049805,17,True
Random_n20_21,Random,20,MS-SourceResolved-GA,1,20,20,0.07132744789123535,0,True
Random_n20_21,Random,20,MS-SourceResolved-GA,1,20,20,0.051897525787353516,76,True
Random_n20_21,Random,20,MS-SourceResolved-GA,1,20,20,0.07125091552734375,0,True
Random_n20_21,Random,20,MS-SourceResolved-GA,1,20,20,0.0202333927154541,29,True
Random_n20_21,Random,20,MS-SourceResolved-GA,1,20,20,0.026950597763061523,38,True
Random_n20_21,Random,20,MS-SourceResolved-GA,1,20,20,0.024996280670166016,35,True
Random_n20_21,Random,20,MS-SourceResolved-GA,1,20,20,0.02099323272705078,29,True
Random_n20_21,Random,20,MS-SourceResolved-GA,1,20,20,0.07292675971984863,0,True
Random_n20_21,Random,20,MS-SourceResolved-GA,1,20,20,0.07155394554138184,0,True
Random_n20_21,Random,20,MS-SourceResolved-GA,1,20,20,0.020220279693603516,29,True
Random_n20_22,Random,20,SourceResolved-GA,1,20,20,0.0018954277038574219,0,True
Random_n20_22,Random,20,SourceResolved-GA,1,20,20,0.0019092559814453125,0,True
Random_n20_22,Random,20,SourceResolved-GA,0,20,20,0.35301852226257324,200,True
Random_n20_22,Random,20,SourceResolved-GA,1,20,20,0.0019741058349609375,0,True
Random_n20_22,Random,20,SourceResolved-GA,1,20,20,0.026505470275878906,14,True
Random_n20_22,Random,20,SourceResolved-GA,1,20,20,0.05631279945373535,31,True
Random_n20_22,Random,20,SourceResolved-GA,1,20,20,0.010646581649780273,5,True
Random_n20_22,Random,20,SourceResolved-GA,1,20,20,0.0018978118896484375,0,True
Random_n20_22,Random,20,SourceResolved-GA,1,20,20,0.15462994575500488,87,True
Random_n20_22,Random,20,SourceResolved-GA,1,20,20,0.0018894672393798828,0,True
Random_n20_22,Random,20,MS-SourceResolved-GA,1,20,20,0.0720670223236084,0,True
Random_n20_22,Random,20,MS-SourceResolved-GA,1,20,20,0.07192277908325195,0,True
Random_n20_22,Random,20,MS-SourceResolved-GA,1,20,20,0.12601923942565918,31,True
Random_n20_22,Random,20,MS-SourceResolved-GA,1,20,20,0.07179141044616699,0,True
Random_n20_22,Random,20,MS-SourceResolved-GA,1,20,20,0.08737564086914062,9,True
Random_n20_22,Random,20,MS-SourceResolved-GA,1,20,20,0.026314735412597656,38,True
Random_n20_22,Random,20,MS-SourceResolved-GA,1,20,20,0.016033411026000977,23,True
Random_n20_22,Random,20,MS-SourceResolved-GA,1,20,20,0.07717418670654297,3,True
Random_n20_22,Random,20,MS-SourceResolved-GA,1,20,20,0.12038135528564453,28,True
Random_n20_22,Random,20,MS-SourceResolved-GA,1,20,20,0.08625054359436035,8,True
Random_n20_23,Random,20,SourceResolved-GA,1,20,20,0.0018970966339111328,0,True
Random_n20_23,Random,20,SourceResolved-GA,1,20,20,0.0018930435180664062,0,True
Random_n20_23,Random,20,SourceResolved-GA,0,18,18,0.35042762756347656,200,True
Random_n20_23,Random,20,SourceResolved-GA,0,11,11,0.34456944465637207,200,True
Random_n20_23,Random,20,SourceResolved-GA,1,20,20,0.03722548484802246,20,True
Random_n20_23,Random,20,SourceResolved-GA,1,20,20,0.08154010772705078,45,True
Random_n20_23,Random,20,SourceResolved-GA,0,20,20,0.3439598083496094,200,True
Random_n20_23,Random,20,SourceResolved-GA,1,20,20,0.001874685287475586,0,True
Random_n20_23,Random,20,SourceResolved-GA,1,20,20,0.12212514877319336,69,True
Random_n20_23,Random,20,SourceResolved-GA,0,19,19,0.34951114654541016,200,True
Random_n20_23,Random,20,MS-SourceResolved-GA,0,20,20,0.3309144973754883,150,True
Random_n20_23,Random,20,MS-SourceResolved-GA,0,16,16,0.332888126373291,150,True
Random_n20_23,Random,20,MS-SourceResolved-GA,1,20,20,0.07146573066711426,0,True
Random_n20_23,Random,20,MS-SourceResolved-GA,1,20,20,0.03855729103088379,56,True
Random_n20_23,Random,20,MS-SourceResolved-GA,0,19,19,0.3330647945404053,150,True
Random_n20_23,Random,20,MS-SourceResolved-GA,1,20,20,0.0874626636505127,9,True
Random_n20_23,Random,20,MS-SourceResolved-GA,1,20,20,0.10695910453796387,20,True
Random_n20_23,Random,20,MS-SourceResolved-GA,1,20,20,0.1387033462524414,39,True
Random_n20_23,Random,20,MS-SourceResolved-GA,1,20,20,0.07690072059631348,2,True
Random_n20_23,Random,20,MS-SourceResolved-GA,1,20,20,0.07135939598083496,0,True
Random_n20_24,Random,20,SourceResolved-GA,1,20,20,0.014363288879394531,7,True
Random_n20_24,Random,20,SourceResolved-GA,0,20,20,0.34915733337402344,200,True
Random_n20_24,Random,20,SourceResolved-GA,1,20,20,0.00189971923828125,0,True
Random_n20_24,Random,20,SourceResolved-GA,1,20,20,0.09199285507202148,51,True
Random_n20_24,Random,20,SourceResolved-GA,0,19,19,0.3487813472747803,200,True
Random_n20_24,Random,20,SourceResolved-GA,1,20,20,0.03188443183898926,17,True
Random_n20_24,Random,20,SourceResolved-GA,1,20,20,0.0019173622131347656,0,True
Random_n20_24,Random,20,SourceResolved-GA,1,20,20,0.001949310302734375,0,True
Random_n20_24,Random,20,SourceResolved-GA,1,20,20,0.029863834381103516,16,True
Random_n20_24,Random,20,SourceResolved-GA,1,20,20,0.001918792724609375,0,True
Random_n20_24,Random,20,MS-SourceResolved-GA,1,20,20,0.07182097434997559,0,True
Random_n20_24,Random,20,MS-SourceResolved-GA,1,20,20,0.02147674560546875,31,True
Random_n20_24,Random,20,MS-SourceResolved-GA,1,20,20,0.08849143981933594,10,True
Random_n20_24,Random,20,MS-SourceResolved-GA,0,19,19,0.32892894744873047,150,True
Random_n20_24,Random,20,MS-SourceResolved-GA,1,20,20,0.07149720191955566,0,True
Random_n20_24,Random,20,MS-SourceResolved-GA,1,20,20,0.2883949279785156,125,True
Random_n20_24,Random,20,MS-SourceResolved-GA,1,20,20,0.07182455062866211,0,True
Random_n20_24,Random,20,MS-SourceResolved-GA,1,20,20,0.07210183143615723,0,True
Random_n20_24,Random,20,MS-SourceResolved-GA,1,20,20,0.027067184448242188,39,True
Random_n20_24,Random,20,MS-SourceResolved-GA,1,20,20,0.02671647071838379,38,True
Random_n15_13,Random,15,SourceResolved-GA,0,8,8,0.2944185733795166,200,True
Random_n15_13,Random,15,SourceResolved-GA,1,15,15,0.0015213489532470703,0,True
Random_n15_13,Random,15,SourceResolved-GA,0,14,14,0.2940351963043213,200,True
Random_n15_13,Random,15,SourceResolved-GA,0,12,12,0.2923917770385742,200,True
Random_n15_13,Random,15,SourceResolved-GA,0,15,15,0.2954859733581543,200,True
Random_n15_13,Random,15,SourceResolved-GA,0,15,15,0.29372262954711914,200,True
Random_n15_13,Random,15,SourceResolved-GA,0,14,14,0.2952547073364258,200,True
Random_n15_13,Random,15,SourceResolved-GA,1,15,15,0.029566049575805664,19,True
Random_n15_13,Random,15,SourceResolved-GA,0,14,14,0.294708251953125,200,True
Random_n15_13,Random,15,SourceResolved-GA,1,15,15,0.020476818084716797,13,True
Random_n15_13,Random,15,MS-SourceResolved-GA,1,15,15,0.06078195571899414,0,True
Random_n15_13,Random,15,MS-SourceResolved-GA,0,14,14,0.27860522270202637,150,True
Random_n15_13,Random,15,MS-SourceResolved-GA,0,10,10,0.2795145511627197,150,True
Random_n15_13,Random,15,MS-SourceResolved-GA,1,15,15,0.060955047607421875,0,True
Random_n15_13,Random,15,MS-SourceResolved-GA,1,15,15,0.05993986129760742,0,True
Random_n15_13,Random,15,MS-SourceResolved-GA,1,15,15,0.09612083435058594,23,True
Random_n15_13,Random,15,MS-SourceResolved-GA,0,13,13,0.2771296501159668,150,True
Random_n15_13,Random,15,MS-SourceResolved-GA,0,14,14,0.2800626754760742,150,True
Random_n15_13,Random,15,MS-SourceResolved-GA,1,15,15,0.007510662078857422,12,True
Random_n15_13,Random,15,MS-SourceResolved-GA,1,15,15,0.06073904037475586,0,True
Random_n15_14,Random,15,SourceResolved-GA,0,11,11,0.29338550567626953,200,True
Random_n15_14,Random,15,SourceResolved-GA,0,15,15,0.2897968292236328,200,True
Random_n15_14,Random,15,SourceResolved-GA,0,14,14,0.29418253898620605,200,True
Random_n15_14,Random,15,SourceResolved-GA,0,12,12,0.29297757148742676,200,True
Random_n15_14,Random,15,SourceResolved-GA,0,15,15,0.2934248447418213,200,True
Random_n15_14,Random,15,SourceResolved-GA,0,14,14,0.29024529457092285,200,True
Random_n15_14,Random,15,SourceResolved-GA,0,11,11,0.2911956310272217,200,True
Random_n15_14,Random,15,SourceResolved-GA,0,15,15,0.2921760082244873,200,True
Random_n15_14,Random,15,SourceResolved-GA,0,14,14,0.2900996208190918,200,True
Random_n15_14,Random,15,SourceResolved-GA,0,9,9,0.29175806045532227,200,True
Random_n15_14,Random,15,MS-SourceResolved-GA,1,15,15,0.08880496025085449,19,True
Random_n15_14,Random,15,MS-SourceResolved-GA,0,13,13,0.2778005599975586,150,True
Random_n15_14,Random,15,MS-SourceResolved-GA,0,12,12,0.27809977531433105,150,True
Random_n15_14,Random,15,MS-SourceResolved-GA,0,12,12,0.27742624282836914,150,True
Random_n15_14,Random,15,MS-SourceResolved-GA,1,15,15,0.08110690116882324,14,True
Random_n15_14,Random,15,MS-SourceResolved-GA,0,9,9,0.2799255847930908,150,True
Random_n15_14,Random,15,MS-SourceResolved-GA,1,15,15,0.08792829513549805,18,True
Random_n15_14,Random,15,MS-SourceResolved-GA,0,15,15,0.2761251926422119,150,True
Random_n15_14,Random,15,MS-SourceResolved-GA,0,9,9,0.27925992012023926,150,True
Random_n15_14,Random,15,MS-SourceResolved-GA,1,15,15,0.019681215286254883,33,True
Random_n15_15,Random,15,SourceResolved-GA,1,15,15,0.01328897476196289,8,True
Random_n15_15,Random,15,SourceResolved-GA,1,15,15,0.0014123916625976562,0,True
Random_n15_15,Random,15,SourceResolved-GA,1,15,15,0.016015052795410156,10,True
Random_n15_15,Random,15,SourceResolved-GA,0,13,13,0.29227757453918457,200,True
Random_n15_15,Random,15,SourceResolved-GA,1,15,15,0.001458883285522461,0,True
Random_n15_15,Random,15,SourceResolved-GA,1,15,15,0.04335212707519531,28,True
Random_n15_15,Random,15,SourceResolved-GA,1,15,15,0.007468223571777344,4,True
Random_n15_15,Random,15,SourceResolved-GA,1,15,15,0.002922534942626953,1,True
Random_n15_15,Random,15,SourceResolved-GA,1,15,15,0.0014579296112060547,0,True
Random_n15_15,Random,15,SourceResolved-GA,1,15,15,0.011750936508178711,7,True
Random_n15_15,Random,15,MS-SourceResolved-GA,0,14,14,0.2809622287750244,150,True
Random_n15_15,Random,15,MS-SourceResolved-GA,1,15,15,0.01738762855529785,29,True
Random_n15_15,Random,15,MS-SourceResolved-GA,1,15,15,0.060323476791381836,0,True
Random_n15_15,Random,15,MS-SourceResolved-GA,1,15,15,0.06049847602844238,0,True
Random_n15_15,Random,15,MS-SourceResolved-GA,1,15,15,0.08015084266662598,13,True
Random_n15_15,Random,15,MS-SourceResolved-GA,1,15,15,0.060695648193359375,0,True
Random_n15_15,Random,15,MS-SourceResolved-GA,1,15,15,0.09958314895629883,27,True
Random_n15_15,Random,15,MS-SourceResolved-GA,1,15,15,0.018341064453125,31,True
Random_n15_15,Random,15,MS-SourceResolved-GA,1,15,15,0.010938405990600586,18,True
Random_n15_15,Random,15,MS-SourceResolved-GA,1,15,15,0.0653691291809082,3,True
Random_n15_16,Random,15,SourceResolved-GA,0,11,11,0.29056358337402344,200,True
Random_n15_16,Random,15,SourceResolved-GA,0,8,8,0.29230594635009766,200,True
Random_n15_16,Random,15,SourceResolved-GA,0,8,8,0.2933337688446045,200,True
Random_n15_16,Random,15,SourceResolved-GA,0,12,12,0.29544901847839355,200,True
Random_n15_16,Random,15,SourceResolved-GA,0,15,15,0.29746365547180176,200,True
Random_n15_16,Random,15,SourceResolved-GA,0,12,12,0.2917647361755371,200,True
Random_n15_16,Random,15,SourceResolved-GA,0,10,10,0.2933034896850586,200,True
Random_n15_16,Random,15,SourceResolved-GA,0,12,12,0.2937281131744385,200,True
Random_n15_16,Random,15,SourceResolved-GA,0,12,12,0.2916388511657715,200,True
Random_n15_16,Random,15,SourceResolved-GA,0,12,12,0.2935762405395508,200,True
Random_n15_16,Random,15,MS-SourceResolved-GA,0,13,13,0.28038763999938965,150,True
Random_n15_16,Random,15,MS-SourceResolved-GA,0,11,11,0.2811417579650879,150,True
Random_n15_16,Random,15,MS-SourceResolved-GA,0,10,10,0.2793588638305664,150,True
Random_n15_16,Random,15,MS-SourceResolved-GA,0,14,14,0.2807192802429199,150,True
Random_n15_16,Random,15,MS-SourceResolved-GA,0,9,9,0.2808492183685303,150,True
Random_n15_16,Random,15,MS-SourceResolved-GA,0,8,8,0.28041505813598633,150,True
Random_n15_16,Random,15,MS-SourceResolved-GA,0,13,13,0.280301570892334,150,True
Random_n15_16,Random,15,MS-SourceResolved-GA,0,14,14,0.2806105613708496,150,True
Random_n15_16,Random,15,MS-SourceResolved-GA,0,11,11,0.2813119888305664,150,True
Random_n15_16,Random,15,MS-SourceResolved-GA,0,14,14,0.2799408435821533,150,True
Random_n15_49,Random,15,SourceResolved-GA,1,15,15,0.015070676803588867,9,True
Random_n15_49,Random,15,SourceResolved-GA,1,15,15,0.10369014739990234,71,True
Random_n15_49,Random,15,SourceResolved-GA,0,13,13,0.28758692741394043,200,True
Random_n15_49,Random,15,SourceResolved-GA,1,15,15,0.02796483039855957,18,True
Random_n15_49,Random,15,SourceResolved-GA,1,15,15,0.001432657241821289,0,True
Random_n15_49,Random,15,SourceResolved-GA,1,15,15,0.0439605712890625,29,True
Random_n15_49,Random,15,SourceResolved-GA,1,15,15,0.017586231231689453,11,True
Random_n15_49,Random,15,SourceResolved-GA,1,15,15,0.0014197826385498047,0,True
Random_n15_49,Random,15,SourceResolved-GA,1,15,15,0.001447916030883789,0,True
Random_n15_49,Random,15,SourceResolved-GA,1,15,15,0.004320383071899414,2,True
Random_n15_49,Random,15,MS-SourceResolved-GA,1,15,15,0.0608065128326416,0,True
Random_n15_49,Random,15,MS-SourceResolved-GA,1,15,15,0.0609135627746582,0,True
Random_n15_49,Random,15,MS-SourceResolved-GA,0,15,15,0.2784454822540283,150,True
Random_n15_49,Random,15,MS-SourceResolved-GA,1,15,15,0.06042313575744629,0,True
Random_n15_49,Random,15,MS-SourceResolved-GA,1,15,15,0.011472225189208984,19,True
Random_n15_49,Random,15,MS-SourceResolved-GA,1,15,15,0.07291388511657715,9,True
Random_n15_49,Random,15,MS-SourceResolved-GA,0,13,13,0.2756376266479492,150,True
Random_n15_49,Random,15,MS-SourceResolved-GA,1,15,15,0.059551239013671875,0,True
Random_n15_49,Random,15,MS-SourceResolved-GA,1,15,15,0.05036520957946777,87,True
Random_n15_49,Random,15,MS-SourceResolved-GA,1,15,15,0.0601496696472168,0,True
Random_n15_50,Random,15,SourceResolved-GA,0,12,12,0.28807926177978516,200,True
Random_n15_50,Random,15,SourceResolved-GA,1,15,15,0.011948108673095703,7,True
Random_n15_50,Random,15,SourceResolved-GA,1,15,15,0.011853694915771484,7,True
Random_n15_50,Random,15,SourceResolved-GA,0,12,12,0.2928166389465332,200,True
Random_n15_50,Random,15,SourceResolved-GA,1,15,15,0.0014047622680664062,0,True
Random_n15_50,Random,15,SourceResolved-GA,1,15,15,0.03055572509765625,20,True
Random_n15_50,Random,15,SourceResolved-GA,0,12,12,0.28896093368530273,200,True
Random_n15_50,Random,15,SourceResolved-GA,0,13,13,0.29038214683532715,200,True
Random_n15_50,Random,15,SourceResolved-GA,0,10,10,0.3010389804840088,200,True
Random_n15_50,Random,15,SourceResolved-GA,0,9,9,0.2883872985839844,200,True
Random_n15_50,Random,15,MS-SourceResolved-GA,1,15,15,0.09292268753051758,22,True
Random_n15_50,Random,15,MS-SourceResolved-GA,1,15,15,0.06551218032836914,4,True
Random_n15_50,Random,15,MS-SourceResolved-GA,0,13,13,0.27639222145080566,150,True
Random_n15_50,Random,15,MS-SourceResolved-GA,0,14,14,0.2765772342681885,150,True
Random_n15_50,Random,15,MS-SourceResolved-GA,1,15,15,0.08617424964904785,18,True
Random_n15_50,Random,15,MS-SourceResolved-GA,1,15,15,0.015212059020996094,26,True
Random_n15_50,Random,15,MS-SourceResolved-GA,0,14,14,0.2764773368835449,150,True
Random_n15_50,Random,15,MS-SourceResolved-GA,1,15,15,0.018218278884887695,31,True
Random_n15_50,Random,15,MS-SourceResolved-GA,0,14,14,0.2762575149536133,150,True
Random_n15_50,Random,15,MS-SourceResolved-GA,0,14,14,0.275846004486084,150,True
Random_n15_51,Random,15,SourceResolved-GA,0,10,10,0.2873570919036865,200,True
Random_n15_51,Random,15,SourceResolved-GA,0,9,9,0.2884371280670166,200,True
Random_n15_51,Random,15,SourceResolved-GA,0,12,12,0.2860729694366455,200,True
Random_n15_51,Random,15,SourceResolved-GA,0,14,14,0.2899911403656006,200,True
Random_n15_51,Random,15,SourceResolved-GA,0,14,14,0.2875058650970459,200,True
Random_n15_51,Random,15,SourceResolved-GA,0,14,14,0.2886505126953125,200,True
Random_n15_51,Random,15,SourceResolved-GA,0,14,14,0.28738832473754883,200,True
Random_n15_51,Random,15,SourceResolved-GA,0,12,12,0.28865504264831543,200,True
Random_n15_51,Random,15,SourceResolved-GA,0,14,14,0.28818750381469727,200,True
Random_n15_51,Random,15,SourceResolved-GA,0,9,9,0.28951311111450195,200,True
Random_n15_51,Random,15,MS-SourceResolved-GA,0,15,15,0.2741506099700928,150,True
Random_n15_51,Random,15,MS-SourceResolved-GA,0,14,14,0.2781558036804199,150,True
Random_n15_51,Random,15,MS-SourceResolved-GA,0,14,14,0.2741982936859131,150,True
Random_n15_51,Random,15,MS-SourceResolved-GA,0,11,11,0.27716875076293945,150,True
Random_n15_51,Random,15,MS-SourceResolved-GA,0,13,13,0.2729945182800293,150,True
Random_n15_51,Random,15,MS-SourceResolved-GA,0,13,13,0.27277302742004395,150,True
Random_n15_51,Random,15,MS-SourceResolved-GA,0,14,14,0.27400922775268555,150,True
Random_n15_51,Random,15,MS-SourceResolved-GA,0,14,14,0.27500438690185547,150,True
Random_n15_51,Random,15,MS-SourceResolved-GA,0,14,14,0.2764575481414795,150,True
Random_n15_51,Random,15,MS-SourceResolved-GA,0,14,14,0.2748289108276367,150,True
Random_n15_52,Random,15,SourceResolved-GA,0,14,14,0.2886795997619629,200,True
Random_n15_52,Random,15,SourceResolved-GA,0,14,14,0.29116272926330566,200,True
Random_n15_52,Random,15,SourceResolved-GA,0,15,15,0.2917649745941162,200,True
Random_n15_52,Random,15,SourceResolved-GA,0,14,14,0.28856968879699707,200,True
Random_n15_52,Random,15,SourceResolved-GA,0,13,13,0.29028844833374023,200,True
Random_n15_52,Random,15,SourceResolved-GA,0,14,14,0.29126834869384766,200,True
Random_n15_52,Random,15,SourceResolved-GA,0,12,12,0.2893390655517578,200,True
Random_n15_52,Random,15,SourceResolved-GA,0,13,13,0.28887939453125,200,True
Random_n15_52,Random,15,SourceResolved-GA,0,14,14,0.291118860244751,200,True
Random_n15_52,Random,15,SourceResolved-GA,0,14,14,0.29062533378601074,200,True
Random_n15_52,Random,15,MS-SourceResolved-GA,0,14,14,0.2791011333465576,150,True
Random_n15_52,Random,15,MS-SourceResolved-GA,0,14,14,0.27675867080688477,150,True
Random_n15_52,Random,15,MS-SourceResolved-GA,0,13,13,0.27784013748168945,150,True
Random_n15_52,Random,15,MS-SourceResolved-GA,0,14,14,0.2751448154449463,150,True
Random_n15_52,Random,15,MS-SourceResolved-GA,0,13,13,0.27632880210876465,150,True
Random_n15_52,Random,15,MS-SourceResolved-GA,0,15,15,0.27671289443969727,150,True
Random_n15_52,Random,15,MS-SourceResolved-GA,0,13,13,0.2760128974914551,150,True
Random_n15_52,Random,15,MS-SourceResolved-GA,0,14,14,0.2746589183807373,150,True
Random_n15_52,Random,15,MS-SourceResolved-GA,0,14,14,0.27784252166748047,150,True
Random_n15_52,Random,15,MS-SourceResolved-GA,0,13,13,0.2764606475830078,150,True
Random_n20_13,Random,20,SourceResolved-GA,0,20,20,0.3495666980743408,200,True
Random_n20_13,Random,20,SourceResolved-GA,1,20,20,0.0018773078918457031,0,True
Random_n20_13,Random,20,SourceResolved-GA,0,17,17,0.344893217086792,200,True
Random_n20_13,Random,20,SourceResolved-GA,1,20,20,0.0019023418426513672,0,True
Random_n20_13,Random,20,SourceResolved-GA,1,20,20,0.02319955825805664,12,True
Random_n20_13,Random,20,SourceResolved-GA,1,20,20,0.0019381046295166016,0,True
Random_n20_13,Random,20,SourceResolved-GA,0,20,20,0.3466503620147705,200,True
Random_n20_13,Random,20,SourceResolved-GA,1,20,20,0.01757192611694336,9,True
Random_n20_13,Random,20,SourceResolved-GA,1,20,20,0.017397403717041016,9,True
Random_n20_13,Random,20,SourceResolved-GA,1,20,20,0.0019490718841552734,0,True
Random_n20_13,Random,20,MS-SourceResolved-GA,1,20,20,0.02512359619140625,36,True
Random_n20_13,Random,20,MS-SourceResolved-GA,1,20,20,0.16863775253295898,56,True
Random_n20_13,Random,20,MS-SourceResolved-GA,1,20,20,0.1037757396697998,18,True
Random_n20_13,Random,20,MS-SourceResolved-GA,1,20,20,0.02549886703491211,36,True
Random_n20_13,Random,20,MS-SourceResolved-GA,1,20,20,0.0401911735534668,58,True
Random_n20_13,Random,20,MS-SourceResolved-GA,1,20,20,0.1028287410736084,17,True
Random_n20_13,Random,20,MS-SourceResolved-GA,1,20,20,0.07435750961303711,0,True
Random_n20_13,Random,20,MS-SourceResolved-GA,1,20,20,0.07229471206665039,0,True
Random_n20_13,Random,20,MS-SourceResolved-GA,1,20,20,0.07289528846740723,0,True
Random_n20_13,Random,20,MS-SourceResolved-GA,1,20,20,0.0722951889038086,0,True
Random_n20_14,Random,20,SourceResolved-GA,1,20,20,0.007226228713989258,3,True
Random_n20_14,Random,20,SourceResolved-GA,0,20,20,0.34552764892578125,200,True
Random_n20_14,Random,20,SourceResolved-GA,1,20,20,0.06693625450134277,33,True
Random_n20_14,Random,20,SourceResolved-GA,1,20,20,0.059006452560424805,33,True
Random_n20_14,Random,20,SourceResolved-GA,0,20,20,0.34441137313842773,200,True
Random_n20_14,Random,20,SourceResolved-GA,1,20,20,0.03131389617919922,17,True
Random_n20_14,Random,20,SourceResolved-GA,1,20,20,0.001859426498413086,0,True
Random_n20_14,Random,20,SourceResolved-GA,1,20,20,0.03136849403381348,17,True
Random_n20_14,Random,20,SourceResolved-GA,1,20,20,0.0018308162689208984,0,True
Random_n20_14,Random,20,SourceResolved-GA,1,20,20,0.001817941665649414,0,True
Random_n20_14,Random,20,MS-SourceResolved-GA,1,20,20,0.02251601219177246,32,True
Random_n20_14,Random,20,MS-SourceResolved-GA,1,20,20,0.027924537658691406,40,True
Random_n20_14,Random,20,MS-SourceResolved-GA,1,20,20,0.11444425582885742,25,True
Random_n20_14,Random,20,MS-SourceResolved-GA,1,20,20,0.07135200500488281,0,True
Random_n20_14,Random,20,MS-SourceResolved-GA,1,20,20,0.08328962326049805,7,True
Random_n20_14,Random,20,MS-SourceResolved-GA,1,20,20,0.13565897941589355,37,True
Random_n20_14,Random,20,MS-SourceResolved-GA,1,20,20,0.24428462982177734,100,True
Random_n20_14,Random,20,MS-SourceResolved-GA,1,20,20,0.07636737823486328,3,True
Random_n20_14,Random,20,MS-SourceResolved-GA,0,20,20,0.3303508758544922,150,True
Random_n20_14,Random,20,MS-SourceResolved-GA,1,20,20,0.07147336006164551,0,True
Random_n20_15,Random,20,SourceResolved-GA,1,20,20,0.1106102466583252,63,True
Random_n20_15,Random,20,SourceResolved-GA,0,17,17,0.34755706787109375,200,True
Random_n20_15,Random,20,SourceResolved-GA,0,18,18,0.34888672828674316,200,True
Random_n20_15,Random,20,SourceResolved-GA,1,20,20,0.03303980827331543,18,True
Random_n20_15,Random,20,SourceResolved-GA,1,20,20,0.009126424789428711,4,True
Random_n20_15,Random,20,SourceResolved-GA,1,20,20,0.0725564956665039,41,True
Random_n20_15,Random,20,SourceResolved-GA,1,20,20,0.03791236877441406,21,True
Random_n20_15,Random,20,SourceResolved-GA,1,20,20,0.05045580863952637,28,True
Random_n20_15,Random,20,SourceResolved-GA,1,20,20,0.04870009422302246,27,True
Random_n20_15,Random,20,SourceResolved-GA,0,20,20,0.3478834629058838,200,True
Random_n20_15,Random,20,MS-SourceResolved-GA,0,16,16,0.3321402072906494,150,True
Random_n20_15,Random,20,MS-SourceResolved-GA,1,20,20,0.07136130332946777,0,True
Random_n20_15,Random,20,MS-SourceResolved-GA,0,20,20,0.32892894744873047,150,True
Random_n20_15,Random,20,MS-SourceResolved-GA,0,19,19,0.32965612411499023,150,True
Random_n20_15,Random,20,MS-SourceResolved-GA,1,20,20,0.09842205047607422,16,True
Random_n20_15,Random,20,MS-SourceResolved-GA,1,20,20,0.0731961727142334,1,True
Random_n20_15,Random,20,MS-SourceResolved-GA,1,20,20,0.0757148265838623,0,True
Random_n20_15,Random,20,MS-SourceResolved-GA,1,20,20,0.14886832237243652,45,True
Random_n20_15,Random,20,MS-SourceResolved-GA,1,20,20,0.09917449951171875,16,True
Random_n20_15,Random,20,MS-SourceResolved-GA,1,20,20,0.029592037200927734,43,True
Random_n20_16,Random,20,SourceResolved-GA,1,20,20,0.04563736915588379,25,True
Random_n20_16,Random,20,SourceResolved-GA,1,20,20,0.09674668312072754,55,True
Random_n20_16,Random,20,SourceResolved-GA,1,20,20,0.012348651885986328,6,True
Random_n20_16,Random,20,SourceResolved-GA,0,13,13,0.345597505569458,200,True
Random_n20_16,Random,20,SourceResolved-GA,1,20,20,0.0019218921661376953,0,True
Random_n20_16,Random,20,SourceResolved-GA,1,20,20,0.0018467903137207031,0,True
Random_n20_16,Random,20,SourceResolved-GA,0,20,20,0.3486042022705078,200,True
Random_n20_16,Random,20,SourceResolved-GA,0,19,19,0.34507036209106445,200,True
Random_n20_16,Random,20,SourceResolved-GA,0,20,20,0.3459963798522949,200,True
Random_n20_16,Random,20,SourceResolved-GA,1,20,20,0.0019567012786865234,0,True
Random_n20_16,Random,20,MS-SourceResolved-GA,1,20,20,0.07155561447143555,0,True
Random_n20_16,Random,20,MS-SourceResolved-GA,1,20,20,0.1160135269165039,24,True
Random_n20_16,Random,20,MS-SourceResolved-GA,0,20,20,0.3351328372955322,150,True
Random_n20_16,Random,20,MS-SourceResolved-GA,1,20,20,0.03380990028381348,49,True
Random_n20_16,Random,20,MS-SourceResolved-GA,1,20,20,0.0709528923034668,0,True
Random_n20_16,Random,20,MS-SourceResolved-GA,1,20,20,0.01659560203552246,24,True
Random_n20_16,Random,20,MS-SourceResolved-GA,0,14,14,0.32569265365600586,150,True
Random_n20_16,Random,20,MS-SourceResolved-GA,1,20,20,0.07112455368041992,0,True
Random_n20_16,Random,20,MS-SourceResolved-GA,1,20,20,0.10107016563415527,17,True
Random_n20_16,Random,20,MS-SourceResolved-GA,1,20,20,0.09553766250610352,14,True
Random_n20_9,Random,20,SourceResolved-GA,1,20,20,0.0018830299377441406,0,True
Random_n20_9,Random,20,SourceResolved-GA,1,20,20,0.0019040107727050781,0,True
Random_n20_9,Random,20,SourceResolved-GA,0,12,12,0.3488640785217285,200,True
Random_n20_9,Random,20,SourceResolved-GA,0,19,19,0.34541916847229004,200,True
Random_n20_9,Random,20,SourceResolved-GA,0,20,20,0.342174768447876,200,True
Random_n20_9,Random,20,SourceResolved-GA,0,19,19,0.34421372413635254,200,True
Random_n20_9,Random,20,SourceResolved-GA,1,20,20,0.026362895965576172,14,True
Random_n20_9,Random,20,SourceResolved-GA,1,20,20,0.0018849372863769531,0,True
Random_n20_9,Random,20,SourceResolved-GA,1,20,20,0.03815150260925293,21,True
Random_n20_9,Random,20,SourceResolved-GA,0,19,19,0.347027063369751,200,True
Random_n20_9,Random,20,MS-SourceResolved-GA,1,20,20,0.07114553451538086,0,True
Random_n20_9,Random,20,MS-SourceResolved-GA,1,20,20,0.023820877075195312,34,True
Random_n20_9,Random,20,MS-SourceResolved-GA,1,20,20,0.07214522361755371,0,True
Random_n20_9,Random,20,MS-SourceResolved-GA,1,20,20,0.028081417083740234,40,True
Random_n20_9,Random,20,MS-SourceResolved-GA,1,20,20,0.07055926322937012,0,True
Random_n20_9,Random,20,MS-SourceResolved-GA,1,20,20,0.0736851692199707,0,True
Random_n20_9,Random,20,MS-SourceResolved-GA,1,20,20,0.07091283798217773,0,True
Random_n20_9,Random,20,MS-SourceResolved-GA,0,20,20,0.3290598392486572,150,True
Random_n20_9,Random,20,MS-SourceResolved-GA,0,19,19,0.32862401008605957,150,True
Random_n20_9,Random,20,MS-SourceResolved-GA,1,20,20,0.09844303131103516,16,True
Random_n20_10,Random,20,SourceResolved-GA,0,19,19,0.35101795196533203,200,True
Random_n20_10,Random,20,SourceResolved-GA,0,19,19,0.3435368537902832,200,True
Random_n20_10,Random,20,SourceResolved-GA,0,11,11,0.34652137756347656,200,True
Random_n20_10,Random,20,SourceResolved-GA,0,19,19,0.3473818302154541,200,True
Random_n20_10,Random,20,SourceResolved-GA,0,18,18,0.34505319595336914,200,True
Random_n20_10,Random,20,SourceResolved-GA,0,12,12,0.3446652889251709,200,True
Random_n20_10,Random,20,SourceResolved-GA,0,14,14,0.34592652320861816,200,True
Random_n20_10,Random,20,SourceResolved-GA,0,18,18,0.3446042537689209,200,True
Random_n20_10,Random,20,SourceResolved-GA,0,19,19,0.34830260276794434,200,True
Random_n20_10,Random,20,SourceResolved-GA,0,19,19,0.3423168659210205,200,True
Random_n20_10,Random,20,MS-SourceResolved-GA,0,17,17,0.32858943939208984,150,True
Random_n20_10,Random,20,MS-SourceResolved-GA,0,18,18,0.3281548023223877,150,True
Random_n20_10,Random,20,MS-SourceResolved-GA,0,17,17,0.3276054859161377,150,True
Random_n20_10,Random,20,MS-SourceResolved-GA,0,18,18,0.3288886547088623,150,True
Random_n20_10,Random,20,MS-SourceResolved-GA,0,12,12,0.33030247688293457,150,True
Random_n20_10,Random,20,MS-SourceResolved-GA,0,19,19,0.3291308879852295,150,True
Random_n20_10,Random,20,MS-SourceResolved-GA,0,19,19,0.32610392570495605,150,True
Random_n20_10,Random,20,MS-SourceResolved-GA,0,18,18,0.3293757438659668,150,True
Random_n20_10,Random,20,MS-SourceResolved-GA,0,20,20,0.32930803298950195,150,True
Random_n20_10,Random,20,MS-SourceResolved-GA,0,18,18,0.32633066177368164,150,True
Random_n20_11,Random,20,SourceResolved-GA,1,20,20,0.0019092559814453125,0,True
Random_n20_11,Random,20,SourceResolved-GA,1,20,20,0.042211055755615234,23,True
Random_n20_11,Random,20,SourceResolved-GA,1,20,20,0.0019054412841796875,0,True
Random_n20_11,Random,20,SourceResolved-GA,1,20,20,0.0744471549987793,42,True
Random_n20_11,Random,20,SourceResolved-GA,1,20,20,0.044904470443725586,24,True
Random_n20_11,Random,20,SourceResolved-GA,1,20,20,0.029644250869750977,16,True
Random_n20_11,Random,20,SourceResolved-GA,1,20,20,0.057729244232177734,32,True
Random_n20_11,Random,20,SourceResolved-GA,1,20,20,0.05531620979309082,31,True
Random_n20_11,Random,20,SourceResolved-GA,1,20,20,0.04868173599243164,27,True
Random_n20_11,Random,20,SourceResolved-GA,0,17,17,0.34314823150634766,200,True
Random_n20_11,Random,20,MS-SourceResolved-GA,1,20,20,0.07091522216796875,0,True
Random_n20_11,Random,20,MS-SourceResolved-GA,1,20,20,0.10765194892883301,21,True
Random_n20_11,Random,20,MS-SourceResolved-GA,1,20,20,0.10712599754333496,20,True
Random_n20_11,Random,20,MS-SourceResolved-GA,0,19,19,0.3307507038116455,150,True
Random_n20_11,Random,20,MS-SourceResolved-GA,1,20,20,0.07136368751525879,0,True
Random_n20_11,Random,20,MS-SourceResolved-GA,1,20,20,0.08513283729553223,8,True
Random_n20_11,Random,20,MS-SourceResolved-GA,1,20,20,0.07160162925720215,0,True
Random_n20_11,Random,20,MS-SourceResolved-GA,1,20,20,0.07188582420349121,0,True
Random_n20_11,Random,20,MS-SourceResolved-GA,1,20,20,0.03912925720214844,57,True
Random_n20_11,Random,20,MS-SourceResolved-GA,1,20,20,0.018103837966918945,26,True
Random_n20_12,Random,20,SourceResolved-GA,1,20,20,0.001924276351928711,0,True
Random_n20_12,Random,20,SourceResolved-GA,0,18,18,0.3455839157104492,200,True
Random_n20_12,Random,20,SourceResolved-GA,1,20,20,0.024593591690063477,13,True
Random_n20_12,Random,20,SourceResolved-GA,1,20,20,0.0019292831420898438,0,True
Random_n20_12,Random,20,SourceResolved-GA,1,20,20,0.0018837451934814453,0,True
Random_n20_12,Random,20,SourceResolved-GA,1,20,20,0.0019142627716064453,0,True
Random_n20_12,Random,20,SourceResolved-GA,1,20,20,0.03900337219238281,21,True
Random_n20_12,Random,20,SourceResolved-GA,1,20,20,0.02928328514099121,15,True
Random_n20_12,Random,20,SourceResolved-GA,1,20,20,0.030079364776611328,16,True
Random_n20_12,Random,20,SourceResolved-GA,1,20,20,0.0018601417541503906,0,True
Random_n20_12,Random,20,MS-SourceResolved-GA,1,20,20,0.014810800552368164,21,True
Random_n20_12,Random,20,MS-SourceResolved-GA,1,20,20,0.07143616676330566,0,True
Random_n20_12,Random,20,MS-SourceResolved-GA,1,20,20,0.07073307037353516,0,True
Random_n20_12,Random,20,MS-SourceResolved-GA,1,20,20,0.023424863815307617,34,True
Random_n20_12,Random,20,MS-SourceResolved-GA,1,20,20,0.11094355583190918,23,True
Random_n20_12,Random,20,MS-SourceResolved-GA,1,20,20,0.019101619720458984,27,True
Random_n20_12,Random,20,MS-SourceResolved-GA,1,20,20,0.07192420959472656,0,True
Random_n20_12,Random,20,MS-SourceResolved-GA,1,20,20,0.07119488716125488,0,True
Random_n20_12,Random,20,MS-SourceResolved-GA,1,20,20,0.07110214233398438,0,True
Random_n20_12,Random,20,MS-SourceResolved-GA,1,20,20,0.08912849426269531,10,True
Random_n20_37,Random,20,SourceResolved-GA,1,20,20,0.0020127296447753906,0,True
Random_n20_37,Random,20,SourceResolved-GA,1,20,20,0.0018935203552246094,0,True
Random_n20_37,Random,20,SourceResolved-GA,1,20,20,0.0019183158874511719,0,True
Random_n20_37,Random,20,SourceResolved-GA,1,20,20,0.0018420219421386719,0,True
Random_n20_37,Random,20,SourceResolved-GA,1,20,20,0.001865386962890625,0,True
Random_n20_37,Random,20,SourceResolved-GA,1,20,20,0.029848575592041016,16,True
Random_n20_37,Random,20,SourceResolved-GA,1,20,20,0.03139972686767578,17,True
Random_n20_37,Random,20,SourceResolved-GA,1,20,20,0.001894235610961914,0,True
Random_n20_37,Random,20,SourceResolved-GA,1,20,20,0.0019502639770507812,0,True
Random_n20_37,Random,20,SourceResolved-GA,1,20,20,0.008873939514160156,4,True
Random_n20_37,Random,20,MS-SourceResolved-GA,1,20,20,0.10724568367004395,20,True
Random_n20_37,Random,20,MS-SourceResolved-GA,1,20,20,0.07228207588195801,0,True
Random_n20_37,Random,20,MS-SourceResolved-GA,1,20,20,0.07143402099609375,0,True
Random_n20_37,Random,20,MS-SourceResolved-GA,1,20,20,0.02482461929321289,36,True
Random_n20_37,Random,20,MS-SourceResolved-GA,1,20,20,0.021680593490600586,31,True
Random_n20_37,Random,20,MS-SourceResolved-GA,1,20,20,0.08195614814758301,6,True
Random_n20_37,Random,20,MS-SourceResolved-GA,1,20,20,0.02507615089416504,36,True
Random_n20_37,Random,20,MS-SourceResolved-GA,1,20,20,0.07137441635131836,0,True
Random_n20_37,Random,20,MS-SourceResolved-GA,1,20,20,0.0793924331665039,0,True
Random_n20_37,Random,20,MS-SourceResolved-GA,1,20,20,0.022185564041137695,31,True
Random_n20_38,Random,20,SourceResolved-GA,1,20,20,0.033562660217285156,18,True
Random_n20_38,Random,20,SourceResolved-GA,1,20,20,0.0018658638000488281,0,True
Random_n20_38,Random,20,SourceResolved-GA,1,20,20,0.001842498779296875,0,True
Random_n20_38,Random,20,SourceResolved-GA,1,20,20,0.0018854141235351562,0,True
Random_n20_38,Random,20,SourceResolved-GA,1,20,20,0.0018162727355957031,0,True
Random_n20_38,Random,20,SourceResolved-GA,1,20,20,0.05356097221374512,30,True
Random_n20_38,Random,20,SourceResolved-GA,1,20,20,0.0019042491912841797,0,True
Random_n20_38,Random,20,SourceResolved-GA,1,20,20,0.21035170555114746,121,True
Random_n20_38,Random,20,SourceResolved-GA,1,20,20,0.0018672943115234375,0,True
Random_n20_38,Random,20,SourceResolved-GA,1,20,20,0.0019021034240722656,0,True
Random_n20_38,Random,20,MS-SourceResolved-GA,1,20,20,0.07145071029663086,0,True
Random_n20_38,Random,20,MS-SourceResolved-GA,1,20,20,0.020090341567993164,29,True
Random_n20_38,Random,20,MS-SourceResolved-GA,1,20,20,0.02522420883178711,36,True
Random_n20_38,Random,20,MS-SourceResolved-GA,1,20,20,0.02193164825439453,31,True
Random_n20_38,Random,20,MS-SourceResolved-GA,1,20,20,0.011476755142211914,16,True
Random_n20_38,Random,20,MS-SourceResolved-GA,1,20,20,0.027337074279785156,39,True
Random_n20_38,Random,20,MS-SourceResolved-GA,1,20,20,0.02272200584411621,32,True
Random_n20_38,Random,20,MS-SourceResolved-GA,1,20,20,0.08897042274475098,10,True
Random_n20_38,Random,20,MS-SourceResolved-GA,1,20,20,0.025455713272094727,37,True
Random_n20_38,Random,20,MS-SourceResolved-GA,1,20,20,0.07126641273498535,0,True
Random_n20_39,Random,20,SourceResolved-GA,0,18,18,0.3457915782928467,200,True
Random_n20_39,Random,20,SourceResolved-GA,0,16,16,0.3446223735809326,200,True
Random_n20_39,Random,20,SourceResolved-GA,0,19,19,0.3397073745727539,200,True
Random_n20_39,Random,20,SourceResolved-GA,0,11,11,0.3426368236541748,200,True
Random_n20_39,Random,20,SourceResolved-GA,1,20,20,0.0018663406372070312,0,True
Random_n20_39,Random,20,SourceResolved-GA,1,20,20,0.12302708625793457,70,True
Random_n20_39,Random,20,SourceResolved-GA,0,18,18,0.3452908992767334,200,True
Random_n20_39,Random,20,SourceResolved-GA,1,20,20,0.04023385047912598,22,True
Random_n20_39,Random,20,SourceResolved-GA,1,20,20,0.09943747520446777,56,True
Random_n20_39,Random,20,SourceResolved-GA,0,15,15,0.344515323638916,200,True
Random_n20_39,Random,20,MS-SourceResolved-GA,1,20,20,0.12224364280700684,29,True
Random_n20_39,Random,20,MS-SourceResolved-GA,1,20,20,0.045717716217041016,66,True
Random_n20_39,Random,20,MS-SourceResolved-GA,0,20,20,0.33205342292785645,150,True
Random_n20_39,Random,20,MS-SourceResolved-GA,1,20,20,0.07686281204223633,3,True
Random_n20_39,Random,20,MS-SourceResolved-GA,1,20,20,0.12330293655395508,30,True
Random_n20_39,Random,20,MS-SourceResolved-GA,1,20,20,0.09954333305358887,16,True
Random_n20_39,Random,20,MS-SourceResolved-GA,1,20,20,0.09410548210144043,13,True
Random_n20_39,Random,20,MS-SourceResolved-GA,0,19,19,0.3309781551361084,150,True
Random_n20_39,Random,20,MS-SourceResolved-GA,1,20,20,0.017417430877685547,25,True
Random_n20_39,Random,20,MS-SourceResolved-GA,1,20,20,0.07123160362243652,0,True
Random_n20_40,Random,20,SourceResolved-GA,1,20,20,0.0969698429107666,55,True
Random_n20_40,Random,20,SourceResolved-GA,1,20,20,0.0018420219421386719,0,True
Random_n20_40,Random,20,SourceResolved-GA,1,20,20,0.03793907165527344,21,True
Random_n20_40,Random,20,SourceResolved-GA,0,15,15,0.3465425968170166,200,True
Random_n20_40,Random,20,SourceResolved-GA,1,20,20,0.015620231628417969,8,True
Random_n20_40,Random,20,SourceResolved-GA,1,20,20,0.05355525016784668,30,True
Random_n20_40,Random,20,SourceResolved-GA,0,18,18,0.3458895683288574,200,True
Random_n20_40,Random,20,SourceResolved-GA,1,20,20,0.0019259452819824219,0,True
Random_n20_40,Random,20,SourceResolved-GA,1,20,20,0.013929367065429688,7,True
Random_n20_40,Random,20,SourceResolved-GA,0,14,14,0.34055542945861816,200,True
Random_n20_40,Random,20,MS-SourceResolved-GA,0,11,11,0.33061647415161133,150,True
Random_n20_40,Random,20,MS-SourceResolved-GA,1,20,20,0.07198214530944824,0,True
Random_n20_40,Random,20,MS-SourceResolved-GA,1,20,20,0.12320256233215332,30,True
Random_n20_40,Random,20,MS-SourceResolved-GA,0,19,19,0.32744860649108887,150,True
Random_n20_40,Random,20,MS-SourceResolved-GA,0,20,20,0.3279454708099365,150,True
Random_n20_40,Random,20,MS-SourceResolved-GA,1,20,20,0.030812978744506836,45,True
Random_n20_40,Random,20,MS-SourceResolved-GA,1,20,20,0.0956571102142334,14,True
Random_n20_40,Random,20,MS-SourceResolved-GA,1,20,20,0.07223653793334961,0,True
Random_n20_40,Random,20,MS-SourceResolved-GA,1,20,20,0.0718228816986084,0,True
Random_n20_40,Random,20,MS-SourceResolved-GA,1,20,20,0.11296415328979492,24,True
Random_n20_33,Random,20,SourceResolved-GA,1,20,20,0.040100812911987305,22,True
Random_n20_33,Random,20,SourceResolved-GA,1,20,20,0.001905679702758789,0,True
Random_n20_33,Random,20,SourceResolved-GA,1,20,20,0.05562853813171387,31,True
Random_n20_33,Random,20,SourceResolved-GA,1,20,20,0.0019378662109375,0,True
Random_n20_33,Random,20,SourceResolved-GA,0,19,19,0.3447840213775635,200,True
Random_n20_33,Random,20,SourceResolved-GA,0,20,20,0.34021782875061035,200,True
Random_n20_33,Random,20,SourceResolved-GA,1,20,20,0.032834768295288086,18,True
Random_n20_33,Random,20,SourceResolved-GA,1,20,20,0.0330808162689209,18,True
Random_n20_33,Random,20,SourceResolved-GA,0,20,20,0.342318058013916,200,True
Random_n20_33,Random,20,SourceResolved-GA,0,19,19,0.3422842025756836,200,True
Random_n20_33,Random,20,MS-SourceResolved-GA,0,19,19,0.33100223541259766,150,True
Random_n20_33,Random,20,MS-SourceResolved-GA,1,20,20,0.07143688201904297,0,True
Random_n20_33,Random,20,MS-SourceResolved-GA,1,20,20,0.07096385955810547,0,True
Random_n20_33,Random,20,MS-SourceResolved-GA,1,20,20,0.023617029190063477,34,True
Random_n20_33,Random,20,MS-SourceResolved-GA,1,20,20,0.02428412437438965,35,True
Random_n20_33,Random,20,MS-SourceResolved-GA,1,20,20,0.1053471565246582,20,True
Random_n20_33,Random,20,MS-SourceResolved-GA,1,20,20,0.10782122611999512,21,True
Random_n20_33,Random,20,MS-SourceResolved-GA,1,20,20,0.13898897171020508,39,True
Random_n20_33,Random,20,MS-SourceResolved-GA,1,20,20,0.11249589920043945,24,True
Random_n20_33,Random,20,MS-SourceResolved-GA,1,20,20,0.02356553077697754,34,True
Random_n20_34,Random,20,SourceResolved-GA,1,20,20,0.01919245719909668,10,True
Random_n20_34,Random,20,SourceResolved-GA,1,20,20,0.038129329681396484,21,True
Random_n20_34,Random,20,SourceResolved-GA,1,20,20,0.04640698432922363,26,True
Random_n20_34,Random,20,SourceResolved-GA,0,20,20,0.34461522102355957,200,True
Random_n20_34,Random,20,SourceResolved-GA,1,20,20,0.024308204650878906,13,True
Random_n20_34,Random,20,SourceResolved-GA,1,20,20,0.0723562240600586,41,True
Random_n20_34,Random,20,SourceResolved-GA,1,20,20,0.0018618106842041016,0,True
Random_n20_34,Random,20,SourceResolved-GA,1,20,20,0.041527509689331055,23,True
Random_n20_34,Random,20,SourceResolved-GA,1,20,20,0.03314566612243652,18,True
Random_n20_34,Random,20,SourceResolved-GA,1,20,20,0.007169008255004883,3,True
Random_n20_34,Random,20,MS-SourceResolved-GA,0,20,20,0.3279271125793457,150,True
Random_n20_34,Random,20,MS-SourceResolved-GA,1,20,20,0.13507390022277832,37,True
Random_n20_34,Random,20,MS-SourceResolved-GA,1,20,20,0.06206941604614258,90,True
Random_n20_34,Random,20,MS-SourceResolved-GA,1,20,20,0.07061147689819336,0,True
Random_n20_34,Random,20,MS-SourceResolved-GA,1,20,20,0.08759093284606934,9,True
Random_n20_34,Random,20,MS-SourceResolved-GA,0,15,15,0.3280465602874756,150,True
Random_n20_34,Random,20,MS-SourceResolved-GA,1,20,20,0.0676262378692627,99,True
Random_n20_34,Random,20,MS-SourceResolved-GA,1,20,20,0.11058735847473145,23,True
Random_n20_34,Random,20,MS-SourceResolved-GA,1,20,20,0.07128620147705078,0,True
Random_n20_34,Random,20,MS-SourceResolved-GA,1,20,20,0.10917282104492188,22,True
Random_n20_35,Random,20,SourceResolved-GA,0,14,14,0.3448193073272705,200,True
Random_n20_35,Random,20,SourceResolved-GA,1,20,20,0.03158974647521973,17,True
Random_n20_35,Random,20,SourceResolved-GA,0,12,12,0.3459470272064209,200,True
Random_n20_35,Random,20,SourceResolved-GA,1,20,20,0.029547929763793945,16,True
Random_n20_35,Random,20,SourceResolved-GA,1,20,20,0.026061296463012695,14,True
Random_n20_35,Random,20,SourceResolved-GA,0,16,16,0.3434576988220215,200,True
Random_n20_35,Random,20,SourceResolved-GA,1,20,20,0.02473616600036621,13,True
Random_n20_35,Random,20,SourceResolved-GA,1,20,20,0.07159662246704102,40,True
Random_n20_35,Random,20,SourceResolved-GA,1,20,20,0.0644528865814209,36,True
Random_n20_35,Random,20,SourceResolved-GA,0,17,17,0.34503793716430664,200,True
Random_n20_35,Random,20,MS-SourceResolved-GA,1,20,20,0.07081794738769531,0,True
Random_n20_35,Random,20,MS-SourceResolved-GA,1,20,20,0.10904288291931152,22,True
Random_n20_35,Random,20,MS-SourceResolved-GA,1,20,20,0.09423971176147461,13,True
Random_n20_35,Random,20,MS-SourceResolved-GA,1,20,20,0.09376955032348633,13,True
Random_n20_35,Random,20,MS-SourceResolved-GA,0,18,18,0.3311045169830322,150,True
Random_n20_35,Random,20,MS-SourceResolved-GA,0,19,19,0.32924747467041016,150,True
Random_n20_35,Random,20,MS-SourceResolved-GA,0,18,18,0.3263530731201172,150,True
Random_n20_35,Random,20,MS-SourceResolved-GA,1,20,20,0.16160225868225098,52,True
Random_n20_35,Random,20,MS-SourceResolved-GA,0,17,17,0.3294816017150879,150,True
Random_n20_35,Random,20,MS-SourceResolved-GA,1,20,20,0.019491910934448242,28,True
Random_n20_36,Random,20,SourceResolved-GA,1,20,20,0.001920938491821289,0,True
Random_n20_36,Random,20,SourceResolved-GA,1,20,20,0.017872095108032227,9,True
Random_n20_36,Random,20,SourceResolved-GA,1,20,20,0.001920938491821289,0,True
Random_n20_36,Random,20,SourceResolved-GA,1,20,20,0.0018923282623291016,0,True
Random_n20_36,Random,20,SourceResolved-GA,1,20,20,0.0052568912506103516,2,True
Random_n20_36,Random,20,SourceResolved-GA,1,20,20,0.0018830299377441406,0,True
Random_n20_36,Random,20,SourceResolved-GA,1,20,20,0.00189208984375,0,True
Random_n20_36,Random,20,SourceResolved-GA,1,20,20,0.0018503665924072266,0,True
Random_n20_36,Random,20,SourceResolved-GA,1,20,20,0.008798837661743164,4,True
Random_n20_36,Random,20,SourceResolved-GA,1,20,20,0.0018987655639648438,0,True
Random_n20_36,Random,20,MS-SourceResolved-GA,1,20,20,0.10333609580993652,19,True
Random_n20_36,Random,20,MS-SourceResolved-GA,1,20,20,0.12031722068786621,28,True
Random_n20_36,Random,20,MS-SourceResolved-GA,1,20,20,0.09914803504943848,16,True
Random_n20_36,Random,20,MS-SourceResolved-GA,1,20,20,0.07092618942260742,0,True
Random_n20_36,Random,20,MS-SourceResolved-GA,1,20,20,0.07142162322998047,0,True
Random_n20_36,Random,20,MS-SourceResolved-GA,1,20,20,0.01614093780517578,23,True
Random_n20_36,Random,20,MS-SourceResolved-GA,1,20,20,0.1207728385925293,29,True
Random_n20_36,Random,20,MS-SourceResolved-GA,1,20,20,0.07486820220947266,0,True
Random_n20_36,Random,20,MS-SourceResolved-GA,1,20,20,0.07120990753173828,0,True
Random_n20_36,Random,20,MS-SourceResolved-GA,1,20,20,0.07087016105651855,0,True
Random_n20_29,Random,20,SourceResolved-GA,0,19,19,0.34497904777526855,200,True
Random_n20_29,Random,20,SourceResolved-GA,0,19,19,0.3391251564025879,200,True
Random_n20_29,Random,20,SourceResolved-GA,0,17,17,0.34116363525390625,200,True
Random_n20_29,Random,20,SourceResolved-GA,0,18,18,0.3433988094329834,200,True
Random_n20_29,Random,20,SourceResolved-GA,0,18,18,0.34339237213134766,200,True
Random_n20_29,Random,20,SourceResolved-GA,0,20,20,0.3447306156158447,200,True
Random_n20_29,Random,20,SourceResolved-GA,0,20,20,0.345750093460083,200,True
Random_n20_29,Random,20,SourceResolved-GA,0,19,19,0.3442192077636719,200,True
Random_n20_29,Random,20,SourceResolved-GA,0,13,13,0.3447763919830322,200,True
Random_n20_29,Random,20,SourceResolved-GA,0,14,14,0.3430190086364746,200,True
Random_n20_29,Random,20,MS-SourceResolved-GA,0,12,12,0.3288278579711914,150,True
Random_n20_29,Random,20,MS-SourceResolved-GA,0,13,13,0.32518720626831055,150,True
Random_n20_29,Random,20,MS-SourceResolved-GA,0,19,19,0.3289921283721924,150,True
Random_n20_29,Random,20,MS-SourceResolved-GA,0,18,18,0.32581377029418945,150,True
Random_n20_29,Random,20,MS-SourceResolved-GA,0,15,15,0.3276515007019043,150,True
Random_n20_29,Random,20,MS-SourceResolved-GA,0,18,18,0.3275928497314453,150,True
Random_n20_29,Random,20,MS-SourceResolved-GA,0,16,16,0.32874298095703125,150,True
Random_n20_29,Random,20,MS-SourceResolved-GA,0,18,18,0.3267340660095215,150,True
Random_n20_29,Random,20,MS-SourceResolved-GA,0,19,19,0.32822561264038086,150,True
Random_n20_29,Random,20,MS-SourceResolved-GA,0,19,19,0.3275566101074219,150,True
Random_n20_30,Random,20,SourceResolved-GA,1,20,20,0.0018737316131591797,0,True
Random_n20_30,Random,20,SourceResolved-GA,1,20,20,0.0018694400787353516,0,True
Random_n20_30,Random,20,SourceResolved-GA,0,20,20,0.3436572551727295,200,True
Random_n20_30,Random,20,SourceResolved-GA,1,20,20,0.04724407196044922,26,True
Random_n20_30,Random,20,SourceResolved-GA,1,20,20,0.008896112442016602,4,True
Random_n20_30,Random,20,SourceResolved-GA,1,20,20,0.0018301010131835938,0,True
Random_n20_30,Random,20,SourceResolved-GA,1,20,20,0.039758920669555664,22,True
Random_n20_30,Random,20,SourceResolved-GA,1,20,20,0.0018870830535888672,0,True
Random_n20_30,Random,20,SourceResolved-GA,1,20,20,0.03289175033569336,18,True
Random_n20_30,Random,20,SourceResolved-GA,1,20,20,0.0018837451934814453,0,True
Random_n20_30,Random,20,MS-SourceResolved-GA,1,20,20,0.019391775131225586,28,True
Random_n20_30,Random,20,MS-SourceResolved-GA,1,20,20,0.07689929008483887,4,True
Random_n20_30,Random,20,MS-SourceResolved-GA,0,14,14,0.32770395278930664,150,True
Random_n20_30,Random,20,MS-SourceResolved-GA,1,20,20,0.08010125160217285,5,True
Random_n20_30,Random,20,MS-SourceResolved-GA,1,20,20,0.02454829216003418,35,True
Random_n20_30,Random,20,MS-SourceResolved-GA,1,20,20,0.07177567481994629,0,True
Random_n20_30,Random,20,MS-SourceResolved-GA,1,20,20,0.04302978515625,62,True
Random_n20_30,Random,20,MS-SourceResolved-GA,1,20,20,0.1143500804901123,25,True
Random_n20_30,Random,20,MS-SourceResolved-GA,1,20,20,0.09795594215393066,15,True
Random_n20_30,Random,20,MS-SourceResolved-GA,1,20,20,0.03508400917053223,51,True
Random_n20_31,Random,20,SourceResolved-GA,0,20,20,0.3408942222595215,200,True
Random_n20_31,Random,20,SourceResolved-GA,0,19,19,0.34294700622558594,200,True
Random_n20_31,Random,20,SourceResolved-GA,1,20,20,0.0018208026885986328,0,True
Random_n20_31,Random,20,SourceResolved-GA,1,20,20,0.0018589496612548828,0,True
Random_n20_31,Random,20,SourceResolved-GA,1,20,20,0.0018415451049804688,0,True
Random_n20_31,Random,20,SourceResolved-GA,1,20,20,0.0018208026885986328,0,True
Random_n20_31,Random,20,SourceResolved-GA,1,20,20,0.001848459243774414,0,True
Random_n20_31,Random,20,SourceResolved-GA,1,20,20,0.007133007049560547,3,True
Random_n20_31,Random,20,SourceResolved-GA,0,18,18,0.34403514862060547,200,True
Random_n20_31,Random,20,SourceResolved-GA,1,20,20,0.001850128173828125,0,True
Random_n20_31,Random,20,MS-SourceResolved-GA,1,20,20,0.023730039596557617,34,True
Random_n20_31,Random,20,MS-SourceResolved-GA,1,20,20,0.07097434997558594,0,True
Random_n20_31,Random,20,MS-SourceResolved-GA,1,20,20,0.15568280220031738,49,True
Random_n20_31,Random,20,MS-SourceResolved-GA,1,20,20,0.09752964973449707,15,True
Random_n20_31,Random,20,MS-SourceResolved-GA,1,20,20,0.2222743034362793,88,True
Random_n20_31,Random,20,MS-SourceResolved-GA,1,20,20,0.07150149345397949,0,True
Random_n20_31,Random,20,MS-SourceResolved-GA,1,20,20,0.07055091857910156,0,True
Random_n20_31,Random,20,MS-SourceResolved-GA,1,20,20,0.0712742805480957,0,True
Random_n20_31,Random,20,MS-SourceResolved-GA,1,20,20,0.013307332992553711,19,True
Random_n20_31,Random,20,MS-SourceResolved-GA,1,20,20,0.10107278823852539,17,True
Random_n20_32,Random,20,SourceResolved-GA,1,20,20,0.059295654296875,33,True
Random_n20_32,Random,20,SourceResolved-GA,1,20,20,0.0019845962524414062,0,True
Random_n20_32,Random,20,SourceResolved-GA,1,20,20,0.0019195079803466797,0,True
Random_n20_32,Random,20,SourceResolved-GA,1,20,20,0.0019466876983642578,0,True
Random_n20_32,Random,20,SourceResolved-GA,1,20,20,0.007188320159912109,3,True
Random_n20_32,Random,20,SourceResolved-GA,1,20,20,0.0019638538360595703,0,True
Random_n20_32,Random,20,SourceResolved-GA,1,20,20,0.015834808349609375,8,True
Random_n20_32,Random,20,SourceResolved-GA,1,20,20,0.0019750595092773438,0,True
Random_n20_32,Random,20,SourceResolved-GA,1,20,20,0.0018951892852783203,0,True
Random_n20_32,Random,20,SourceResolved-GA,1,20,20,0.0019431114196777344,0,True
Random_n20_32,Random,20,MS-SourceResolved-GA,1,20,20,0.02069997787475586,29,True
Random_n20_32,Random,20,MS-SourceResolved-GA,1,20,20,0.07186532020568848,0,True
Random_n20_32,Random,20,MS-SourceResolved-GA,1,20,20,0.017077922821044922,24,True
Random_n20_32,Random,20,MS-SourceResolved-GA,1,20,20,0.02365875244140625,34,True
Random_n20_32,Random,20,MS-SourceResolved-GA,1,20,20,0.012647867202758789,18,True
Random_n20_32,Random,20,MS-SourceResolved-GA,1,20,20,0.018792390823364258,27,True
Random_n20_32,Random,20,MS-SourceResolved-GA,1,20,20,0.1273636817932129,32,True
Random_n20_32,Random,20,MS-SourceResolved-GA,1,20,20,0.020810365676879883,30,True
Random_n20_32,Random,20,MS-SourceResolved-GA,1,20,20,0.022439956665039062,32,True
Random_n20_32,Random,20,MS-SourceResolved-GA,1,20,20,0.07138466835021973,0,True
Random_n20_25,Random,20,SourceResolved-GA,0,17,17,0.34517884254455566,200,True
Random_n20_25,Random,20,SourceResolved-GA,0,14,14,0.3490915298461914,200,True
Random_n20_25,Random,20,SourceResolved-GA,1,20,20,0.054213523864746094,30,True
Random_n20_25,Random,20,SourceResolved-GA,1,20,20,0.05401754379272461,30,True
Random_n20_25,Random,20,SourceResolved-GA,0,12,12,0.34607386589050293,200,True
Random_n20_25,Random,20,SourceResolved-GA,1,20,20,0.005403995513916016,2,True
Random_n20_25,Random,20,SourceResolved-GA,0,19,19,0.3462052345275879,200,True
Random_n20_25,Random,20,SourceResolved-GA,1,20,20,0.0018832683563232422,0,True
Random_n20_25,Random,20,SourceResolved-GA,0,20,20,0.3421001434326172,200,True
Random_n20_25,Random,20,SourceResolved-GA,1,20,20,0.02770233154296875,15,True
Random_n20_25,Random,20,MS-SourceResolved-GA,1,20,20,0.07147002220153809,0,True
Random_n20_25,Random,20,MS-SourceResolved-GA,0,20,20,0.327775239944458,150,True
Random_n20_25,Random,20,MS-SourceResolved-GA,1,20,20,0.0717616081237793,0,True
Random_n20_25,Random,20,MS-SourceResolved-GA,1,20,20,0.03167724609375,46,True
Random_n20_25,Random,20,MS-SourceResolved-GA,1,20,20,0.0714867115020752,0,True
Random_n20_25,Random,20,MS-SourceResolved-GA,1,20,20,0.0773763656616211,3,True
Random_n20_25,Random,20,MS-SourceResolved-GA,1,20,20,0.07263445854187012,0,True
Random_n20_25,Random,20,MS-SourceResolved-GA,1,20,20,0.13747835159301758,38,True
Random_n20_25,Random,20,MS-SourceResolved-GA,1,20,20,0.014678955078125,21,True
Random_n20_25,Random,20,MS-SourceResolved-GA,1,20,20,0.07138919830322266,0,True
Random_n20_26,Random,20,SourceResolved-GA,1,20,20,0.03321337699890137,18,True
Random_n20_26,Random,20,SourceResolved-GA,1,20,20,0.03679966926574707,20,True
Random_n20_26,Random,20,SourceResolved-GA,1,20,20,0.04203176498413086,23,True
Random_n20_26,Random,20,SourceResolved-GA,1,20,20,0.0019488334655761719,0,True
Random_n20_26,Random,20,SourceResolved-GA,0,20,20,0.3461458683013916,200,True
Random_n20_26,Random,20,SourceResolved-GA,1,20,20,0.002451181411743164,0,True
Random_n20_26,Random,20,SourceResolved-GA,1,20,20,0.0023081302642822266,0,True
Random_n20_26,Random,20,SourceResolved-GA,1,20,20,0.057131290435791016,31,True
Random_n20_26,Random,20,SourceResolved-GA,1,20,20,0.0019450187683105469,0,True
Random_n20_26,Random,20,SourceResolved-GA,1,20,20,0.0018939971923828125,0,True
Random_n20_26,Random,20,MS-SourceResolved-GA,1,20,20,0.0739140510559082,0,True
Random_n20_26,Random,20,MS-SourceResolved-GA,1,20,20,0.11205768585205078,22,True
Random_n20_26,Random,20,MS-SourceResolved-GA,1,20,20,0.10527467727661133,17,True
Random_n20_26,Random,20,MS-SourceResolved-GA,1,20,20,0.022600173950195312,32,True
Random_n20_26,Random,20,MS-SourceResolved-GA,1,20,20,0.07283210754394531,0,True
Random_n20_26,Random,20,MS-SourceResolved-GA,1,20,20,0.020102977752685547,29,True
Random_n20_26,Random,20,MS-SourceResolved-GA,1,20,20,0.08124375343322754,6,True
Random_n20_26,Random,20,MS-SourceResolved-GA,1,20,20,0.07367801666259766,1,True
Random_n20_26,Random,20,MS-SourceResolved-GA,1,20,20,0.07985520362854004,5,True
Random_n20_26,Random,20,MS-SourceResolved-GA,1,20,20,0.0826103687286377,6,True
Random_n20_27,Random,20,SourceResolved-GA,1,20,20,0.0019028186798095703,0,True
Random_n20_27,Random,20,SourceResolved-GA,0,13,13,0.34627747535705566,200,True
Random_n20_27,Random,20,SourceResolved-GA,0,16,16,0.3446657657623291,200,True
Random_n20_27,Random,20,SourceResolved-GA,1,20,20,0.047048330307006836,26,True
Random_n20_27,Random,20,SourceResolved-GA,1,20,20,0.022645235061645508,12,True
Random_n20_27,Random,20,SourceResolved-GA,1,20,20,0.040119171142578125,22,True
Random_n20_27,Random,20,SourceResolved-GA,0,17,17,0.34543323516845703,200,True
Random_n20_27,Random,20,SourceResolved-GA,0,20,20,0.34642624855041504,200,True
Random_n20_27,Random,20,SourceResolved-GA,0,20,20,0.34072256088256836,200,True
Random_n20_27,Random,20,SourceResolved-GA,0,19,19,0.3470757007598877,200,True
Random_n20_27,Random,20,MS-SourceResolved-GA,1,20,20,0.0990142822265625,16,True
Random_n20_27,Random,20,MS-SourceResolved-GA,1,20,20,0.08206462860107422,6,True
Random_n20_27,Random,20,MS-SourceResolved-GA,0,15,15,0.3295276165008545,150,True
Random_n20_27,Random,20,MS-SourceResolved-GA,1,20,20,0.0699620246887207,0,True
Random_n20_27,Random,20,MS-SourceResolved-GA,1,20,20,0.12546467781066895,32,True
Random_n20_27,Random,20,MS-SourceResolved-GA,1,20,20,0.10811758041381836,22,True
Random_n20_27,Random,20,MS-SourceResolved-GA,1,20,20,0.11187195777893066,24,True
Random_n20_27,Random,20,MS-SourceResolved-GA,1,20,20,0.10920906066894531,22,True
Random_n20_27,Random,20,MS-SourceResolved-GA,1,20,20,0.12359142303466797,30,True
Random_n20_27,Random,20,MS-SourceResolved-GA,1,20,20,0.016863584518432617,24,True
Random_n20_28,Random,20,SourceResolved-GA,0,18,18,0.3611338138580322,200,True
Random_n20_28,Random,20,SourceResolved-GA,1,20,20,0.01900506019592285,10,True
Random_n20_28,Random,20,SourceResolved-GA,0,20,20,0.34310340881347656,200,True
Random_n20_28,Random,20,SourceResolved-GA,0,19,19,0.3446381092071533,200,True
Random_n20_28,Random,20,SourceResolved-GA,1,20,20,0.001917123794555664,0,True
Random_n20_28,Random,20,SourceResolved-GA,0,11,11,0.34271788597106934,200,True
Random_n20_28,Random,20,SourceResolved-GA,0,20,20,0.34339404106140137,200,True
Random_n20_28,Random,20,SourceResolved-GA,1,20,20,0.02239823341369629,12,True
Random_n20_28,Random,20,SourceResolved-GA,0,14,14,0.34271717071533203,200,True
Random_n20_28,Random,20,SourceResolved-GA,1,20,20,0.029471158981323242,16,True
Random_n20_28,Random,20,MS-SourceResolved-GA,1,20,20,0.10631322860717773,20,True
Random_n20_28,Random,20,MS-SourceResolved-GA,0,18,18,0.32778286933898926,150,True
Random_n20_28,Random,20,MS-SourceResolved-GA,1,20,20,0.08655977249145508,9,True
Random_n20_28,Random,20,MS-SourceResolved-GA,0,18,18,0.32907533645629883,150,True
Random_n20_28,Random,20,MS-SourceResolved-GA,0,20,20,0.32946205139160156,150,True
Random_n20_28,Random,20,MS-SourceResolved-GA,0,18,18,0.3260476589202881,150,True
Random_n20_28,Random,20,MS-SourceResolved-GA,1,20,20,0.07113003730773926,0,True
Random_n20_28,Random,20,MS-SourceResolved-GA,0,14,14,0.3317136764526367,150,True
Random_n20_28,Random,20,MS-SourceResolved-GA,0,18,18,0.3351898193359375,150,True
Random_n20_28,Random,20,MS-SourceResolved-GA,1,20,20,0.09704756736755371,13,True
Random_n20_53,Random,20,SourceResolved-GA,1,20,20,0.0018548965454101562,0,True
Random_n20_53,Random,20,SourceResolved-GA,1,20,20,0.0018591880798339844,0,True
Random_n20_53,Random,20,SourceResolved-GA,1,20,20,0.0018122196197509766,0,True
Random_n20_53,Random,20,SourceResolved-GA,1,20,20,0.04520893096923828,25,True
Random_n20_53,Random,20,SourceResolved-GA,1,20,20,0.0019104480743408203,0,True
Random_n20_53,Random,20,SourceResolved-GA,1,20,20,0.02969980239868164,16,True
Random_n20_53,Random,20,SourceResolved-GA,1,20,20,0.026203632354736328,14,True
Random_n20_53,Random,20,SourceResolved-GA,1,20,20,0.028076171875,15,True
Random_n20_53,Random,20,SourceResolved-GA,1,20,20,0.001806020736694336,0,True
Random_n20_53,Random,20,SourceResolved-GA,1,20,20,0.04050302505493164,22,True
Random_n20_53,Random,20,MS-SourceResolved-GA,1,20,20,0.03913068771362305,56,True
Random_n20_53,Random,20,MS-SourceResolved-GA,1,20,20,0.1226353645324707,29,True
Random_n20_53,Random,20,MS-SourceResolved-GA,1,20,20,0.10075163841247559,17,True
Random_n20_53,Random,20,MS-SourceResolved-GA,1,20,20,0.02243494987487793,32,True
Random_n20_53,Random,20,MS-SourceResolved-GA,1,20,20,0.10592484474182129,20,True
Random_n20_53,Random,20,MS-SourceResolved-GA,1,20,20,0.08410835266113281,7,True
Random_n20_53,Random,20,MS-SourceResolved-GA,1,20,20,0.10770535469055176,21,True
Random_n20_53,Random,20,MS-SourceResolved-GA,1,20,20,0.10613894462585449,20,True
Random_n20_53,Random,20,MS-SourceResolved-GA,1,20,20,0.010816335678100586,15,True
Random_n20_53,Random,20,MS-SourceResolved-GA,1,20,20,0.09091377258300781,11,True
Random_n20_54,Random,20,SourceResolved-GA,1,20,20,0.001994609832763672,0,True
Random_n20_54,Random,20,SourceResolved-GA,1,20,20,0.02827310562133789,15,True
Random_n20_54,Random,20,SourceResolved-GA,1,20,20,0.03322458267211914,18,True
Random_n20_54,Random,20,SourceResolved-GA,1,20,20,0.055631160736083984,31,True
Random_n20_54,Random,20,SourceResolved-GA,1,20,20,0.0019750595092773438,0,True
Random_n20_54,Random,20,SourceResolved-GA,1,20,20,0.0019445419311523438,0,True
Random_n20_54,Random,20,SourceResolved-GA,0,18,18,0.3441288471221924,200,True
Random_n20_54,Random,20,SourceResolved-GA,1,20,20,0.027875900268554688,14,True
Random_n20_54,Random,20,SourceResolved-GA,1,20,20,0.024462223052978516,13,True
Random_n20_54,Random,20,SourceResolved-GA,1,20,20,0.001913309097290039,0,True
Random_n20_54,Random,20,MS-SourceResolved-GA,1,20,20,0.07139158248901367,0,True
Random_n20_54,Random,20,MS-SourceResolved-GA,1,20,20,0.02976822853088379,39,True
Random_n20_54,Random,20,MS-SourceResolved-GA,1,20,20,0.03176760673522949,32,True
Random_n20_54,Random,20,MS-SourceResolved-GA,1,20,20,0.07199621200561523,0,True
Random_n20_54,Random,20,MS-SourceResolved-GA,1,20,20,0.11844182014465332,27,True
Random_n20_54,Random,20,MS-SourceResolved-GA,1,20,20,0.07127261161804199,0,True
Random_n20_54,Random,20,MS-SourceResolved-GA,1,20,20,0.02487325668334961,36,True
Random_n20_54,Random,20,MS-SourceResolved-GA,1,20,20,0.01694631576538086,24,True
Random_n20_54,Random,20,MS-SourceResolved-GA,1,20,20,0.01692509651184082,24,True
Random_n20_54,Random,20,MS-SourceResolved-GA,1,20,20,0.061899423599243164,90,True
Random_n20_55,Random,20,SourceResolved-GA,1,20,20,0.060910940170288086,34,True
Random_n20_55,Random,20,SourceResolved-GA,0,20,20,0.3461277484893799,200,True
Random_n20_55,Random,20,SourceResolved-GA,1,20,20,0.001889944076538086,0,True
Random_n20_55,Random,20,SourceResolved-GA,1,20,20,0.0019254684448242188,0,True
Random_n20_55,Random,20,SourceResolved-GA,1,20,20,0.0018656253814697266,0,True
Random_n20_55,Random,20,SourceResolved-GA,1,20,20,0.3275914192199707,190,True
Random_n20_55,Random,20,SourceResolved-GA,1,20,20,0.007279872894287109,3,True
Random_n20_55,Random,20,SourceResolved-GA,1,20,20,0.0018873214721679688,0,True
Random_n20_55,Random,20,SourceResolved-GA,1,20,20,0.0195620059967041,10,True
Random_n20_55,Random,20,SourceResolved-GA,0,18,18,0.34580564498901367,200,True
Random_n20_55,Random,20,MS-SourceResolved-GA,1,20,20,0.021620512008666992,31,True
Random_n20_55,Random,20,MS-SourceResolved-GA,1,20,20,0.021750688552856445,31,True
Random_n20_55,Random,20,MS-SourceResolved-GA,1,20,20,0.07189631462097168,0,True
Random_n20_55,Random,20,MS-SourceResolved-GA,1,20,20,0.09832930564880371,14,True
Random_n20_55,Random,20,MS-SourceResolved-GA,1,20,20,0.07148599624633789,0,True
Random_n20_55,Random,20,MS-SourceResolved-GA,1,20,20,0.07236027717590332,0,True
Random_n20_55,Random,20,MS-SourceResolved-GA,1,20,20,0.1065366268157959,20,True
Random_n20_55,Random,20,MS-SourceResolved-GA,1,20,20,0.0710289478302002,0,True
Random_n20_55,Random,20,MS-SourceResolved-GA,1,20,20,0.07185864448547363,0,True
Random_n20_55,Random,20,MS-SourceResolved-GA,1,20,20,0.030554771423339844,44,True
Random_n20_56,Random,20,SourceResolved-GA,0,16,16,0.34380054473876953,200,True
Random_n20_56,Random,20,SourceResolved-GA,0,12,12,0.3483304977416992,200,True
Random_n20_56,Random,20,SourceResolved-GA,0,19,19,0.3466222286224365,200,True
Random_n20_56,Random,20,SourceResolved-GA,0,17,17,0.34878969192504883,200,True
Random_n20_56,Random,20,SourceResolved-GA,0,13,13,0.35169482231140137,200,True
Random_n20_56,Random,20,SourceResolved-GA,0,12,12,0.3454122543334961,200,True
Random_n20_56,Random,20,SourceResolved-GA,0,15,15,0.3475322723388672,200,True
Random_n20_56,Random,20,SourceResolved-GA,0,16,16,0.34914445877075195,200,True
Random_n20_56,Random,20,SourceResolved-GA,0,11,11,0.34730029106140137,200,True
Random_n20_56,Random,20,SourceResolved-GA,0,19,19,0.34876179695129395,200,True
Random_n20_56,Random,20,MS-SourceResolved-GA,0,12,12,0.3311622142791748,150,True
Random_n20_56,Random,20,MS-SourceResolved-GA,0,14,14,0.3321108818054199,150,True
Random_n20_56,Random,20,MS-SourceResolved-GA,0,20,20,0.33188891410827637,150,True
Random_n20_56,Random,20,MS-SourceResolved-GA,0,14,14,0.32897019386291504,150,True
Random_n20_56,Random,20,MS-SourceResolved-GA,0,19,19,0.32675957679748535,150,True
Random_n20_56,Random,20,MS-SourceResolved-GA,0,17,17,0.332932710647583,150,True
Random_n20_56,Random,20,MS-SourceResolved-GA,0,12,12,0.32983875274658203,150,True
Random_n20_56,Random,20,MS-SourceResolved-GA,0,18,18,0.3922853469848633,150,True
Random_n20_56,Random,20,MS-SourceResolved-GA,0,15,15,0.3314800262451172,150,True
Random_n20_56,Random,20,MS-SourceResolved-GA,0,19,19,0.3324143886566162,150,True
Random_n20_49,Random,20,SourceResolved-GA,0,17,17,0.3457956314086914,200,True
Random_n20_49,Random,20,SourceResolved-GA,1,20,20,0.0018601417541503906,0,True
Random_n20_49,Random,20,SourceResolved-GA,0,20,20,0.34395790100097656,200,True
Random_n20_49,Random,20,SourceResolved-GA,1,20,20,0.0019750595092773438,0,True
Random_n20_49,Random,20,SourceResolved-GA,1,20,20,0.03214597702026367,17,True
Random_n20_49,Random,20,SourceResolved-GA,1,20,20,0.04353213310241699,24,True
Random_n20_49,Random,20,SourceResolved-GA,1,20,20,0.21986651420593262,127,True
Random_n20_49,Random,20,SourceResolved-GA,1,20,20,0.0019414424896240234,0,True
Random_n20_49,Random,20,SourceResolved-GA,1,20,20,0.03279709815979004,18,True
Random_n20_49,Random,20,SourceResolved-GA,1,20,20,0.0018794536590576172,0,True
Random_n20_49,Random,20,MS-SourceResolved-GA,1,20,20,0.10476994514465332,18,True
Random_n20_49,Random,20,MS-SourceResolved-GA,1,20,20,0.11788415908813477,27,True
Random_n20_49,Random,20,MS-SourceResolved-GA,1,20,20,0.014764547348022461,21,True
Random_n20_49,Random,20,MS-SourceResolved-GA,1,20,20,0.051697731018066406,75,True
Random_n20_49,Random,20,MS-SourceResolved-GA,1,20,20,0.09049868583679199,11,True
Random_n20_49,Random,20,MS-SourceResolved-GA,1,20,20,0.08360719680786133,7,True
Random_n20_49,Random,20,MS-SourceResolved-GA,0,17,17,0.33083176612854004,150,True
Random_n20_49,Random,20,MS-SourceResolved-GA,1,20,20,0.11835289001464844,27,True
Random_n20_49,Random,20,MS-SourceResolved-GA,1,20,20,0.07114243507385254,0,True
Random_n20_49,Random,20,MS-SourceResolved-GA,1,20,20,0.10897636413574219,21,True
Random_n20_50,Random,20,SourceResolved-GA,0,16,16,0.34255242347717285,200,True
Random_n20_50,Random,20,SourceResolved-GA,0,13,13,0.34804749488830566,200,True
Random_n20_50,Random,20,SourceResolved-GA,0,18,18,0.34891796112060547,200,True
Random_n20_50,Random,20,SourceResolved-GA,0,12,12,0.3450183868408203,200,True
Random_n20_50,Random,20,SourceResolved-GA,0,19,19,0.3468508720397949,200,True
Random_n20_50,Random,20,SourceResolved-GA,0,19,19,0.34852123260498047,200,True
Random_n20_50,Random,20,SourceResolved-GA,0,11,11,0.3432130813598633,200,True
Random_n20_50,Random,20,SourceResolved-GA,0,18,18,0.34745264053344727,200,True
Random_n20_50,Random,20,SourceResolved-GA,0,15,15,0.34622979164123535,200,True
Random_n20_50,Random,20,SourceResolved-GA,0,18,18,0.3443164825439453,200,True
Random_n20_50,Random,20,MS-SourceResolved-GA,0,18,18,0.33167195320129395,150,True
Random_n20_50,Random,20,MS-SourceResolved-GA,0,19,19,0.33285045623779297,150,True
Random_n20_50,Random,20,MS-SourceResolved-GA,0,19,19,0.32959675788879395,150,True
Random_n20_50,Random,20,MS-SourceResolved-GA,0,19,19,0.3274867534637451,150,True
Random_n20_50,Random,20,MS-SourceResolved-GA,0,10,10,0.33404541015625,150,True
Random_n20_50,Random,20,MS-SourceResolved-GA,0,19,19,0.3392338752746582,150,True
Random_n20_50,Random,20,MS-SourceResolved-GA,0,19,19,0.331406831741333,150,True
Random_n20_50,Random,20,MS-SourceResolved-GA,0,18,18,0.33254194259643555,150,True
Random_n20_50,Random,20,MS-SourceResolved-GA,0,16,16,0.3291494846343994,150,True
Random_n20_50,Random,20,MS-SourceResolved-GA,0,17,17,0.3283843994140625,150,True
Random_n20_51,Random,20,SourceResolved-GA,1,20,20,0.0020232200622558594,0,True
Random_n20_51,Random,20,SourceResolved-GA,1,20,20,0.0018532276153564453,0,True
Random_n20_51,Random,20,SourceResolved-GA,1,20,20,0.0018410682678222656,0,True
Random_n20_51,Random,20,SourceResolved-GA,1,20,20,0.0018589496612548828,0,True
Random_n20_51,Random,20,SourceResolved-GA,1,20,20,0.031052589416503906,17,True
Random_n20_51,Random,20,SourceResolved-GA,1,20,20,0.001878499984741211,0,True
Random_n20_51,Random,20,SourceResolved-GA,0,19,19,0.34508275985717773,200,True
Random_n20_51,Random,20,SourceResolved-GA,1,20,20,0.0018444061279296875,0,True
Random_n20_51,Random,20,SourceResolved-GA,1,20,20,0.024077653884887695,13,True
Random_n20_51,Random,20,SourceResolved-GA,1,20,20,0.010675668716430664,5,True
Random_n20_51,Random,20,MS-SourceResolved-GA,1,20,20,0.07255959510803223,0,True
Random_n20_51,Random,20,MS-SourceResolved-GA,1,20,20,0.2727854251861572,117,True
Random_n20_51,Random,20,MS-SourceResolved-GA,1,20,20,0.07134699821472168,0,True
Random_n20_51,Random,20,MS-SourceResolved-GA,1,20,20,0.015601634979248047,22,True
Random_n20_51,Random,20,MS-SourceResolved-GA,1,20,20,0.08781671524047852,9,True
Random_n20_51,Random,20,MS-SourceResolved-GA,1,20,20,0.07428574562072754,2,True
Random_n20_51,Random,20,MS-SourceResolved-GA,1,20,20,0.07303214073181152,0,True
Random_n20_51,Random,20,MS-SourceResolved-GA,1,20,20,0.1006772518157959,17,True
Random_n20_51,Random,20,MS-SourceResolved-GA,1,20,20,0.11845588684082031,24,True
Random_n20_51,Random,20,MS-SourceResolved-GA,1,20,20,0.1066138744354248,21,True
Random_n20_52,Random,20,SourceResolved-GA,1,20,20,0.033374786376953125,18,True
Random_n20_52,Random,20,SourceResolved-GA,1,20,20,0.0019371509552001953,0,True
Random_n20_52,Random,20,SourceResolved-GA,1,20,20,0.03488516807556152,19,True
Random_n20_52,Random,20,SourceResolved-GA,1,20,20,0.04500579833984375,25,True
Random_n20_52,Random,20,SourceResolved-GA,1,20,20,0.0018856525421142578,0,True
Random_n20_52,Random,20,SourceResolved-GA,1,20,20,0.001911163330078125,0,True
Random_n20_52,Random,20,SourceResolved-GA,1,20,20,0.0019099712371826172,0,True
Random_n20_52,Random,20,SourceResolved-GA,1,20,20,0.0019071102142333984,0,True
Random_n20_52,Random,20,SourceResolved-GA,1,20,20,0.027997493743896484,15,True
Random_n20_52,Random,20,SourceResolved-GA,1,20,20,0.0019397735595703125,0,True
Random_n20_52,Random,20,MS-SourceResolved-GA,1,20,20,0.09584355354309082,12,True
Random_n20_52,Random,20,MS-SourceResolved-GA,1,20,20,0.07147097587585449,0,True
Random_n20_52,Random,20,MS-SourceResolved-GA,1,20,20,0.020083189010620117,29,True
Random_n20_52,Random,20,MS-SourceResolved-GA,1,20,20,0.07156777381896973,0,True
Random_n20_52,Random,20,MS-SourceResolved-GA,1,20,20,0.07145404815673828,0,True
Random_n20_52,Random,20,MS-SourceResolved-GA,1,20,20,0.01694321632385254,24,True
Random_n20_52,Random,20,MS-SourceResolved-GA,1,20,20,0.03270554542541504,47,True
Random_n20_52,Random,20,MS-SourceResolved-GA,1,20,20,0.07325243949890137,0,True
Random_n20_52,Random,20,MS-SourceResolved-GA,1,20,20,0.0713646411895752,0,True
Random_n20_52,Random,20,MS-SourceResolved-GA,1,20,20,0.07167220115661621,0,True
Random_n20_57,Random,20,SourceResolved-GA,1,20,20,0.0019040107727050781,0,True
Random_n20_57,Random,20,SourceResolved-GA,1,20,20,0.02288532257080078,12,True
Random_n20_57,Random,20,SourceResolved-GA,1,20,20,0.0018739700317382812,0,True
Random_n20_57,Random,20,SourceResolved-GA,1,20,20,0.0019183158874511719,0,True
Random_n20_57,Random,20,SourceResolved-GA,1,20,20,0.0019342899322509766,0,True
Random_n20_57,Random,20,SourceResolved-GA,1,20,20,0.048519134521484375,27,True
Random_n20_57,Random,20,SourceResolved-GA,1,20,20,0.020940303802490234,11,True
Random_n20_57,Random,20,SourceResolved-GA,1,20,20,0.04510688781738281,25,True
Random_n20_57,Random,20,SourceResolved-GA,1,20,20,0.001888275146484375,0,True
Random_n20_57,Random,20,SourceResolved-GA,1,20,20,0.06965351104736328,39,True
Random_n20_57,Random,20,MS-SourceResolved-GA,1,20,20,0.02531290054321289,36,True
Random_n20_57,Random,20,MS-SourceResolved-GA,1,20,20,0.11663532257080078,26,True
Random_n20_57,Random,20,MS-SourceResolved-GA,1,20,20,0.08100533485412598,5,True
Random_n20_57,Random,20,MS-SourceResolved-GA,1,20,20,0.05348777770996094,78,True
Random_n20_57,Random,20,MS-SourceResolved-GA,1,20,20,0.07119274139404297,0,True
Random_n20_57,Random,20,MS-SourceResolved-GA,1,20,20,0.02835249900817871,41,True
Random_n20_57,Random,20,MS-SourceResolved-GA,1,20,20,0.07140159606933594,0,True
Random_n20_57,Random,20,MS-SourceResolved-GA,1,20,20,0.020534515380859375,29,True
Random_n20_57,Random,20,MS-SourceResolved-GA,1,20,20,0.02248978614807129,32,True
Random_n20_57,Random,20,MS-SourceResolved-GA,1,20,20,0.04793524742126465,69,True
Random_n20_58,Random,20,SourceResolved-GA,1,20,20,0.07222628593444824,40,True
Random_n20_58,Random,20,SourceResolved-GA,0,19,19,0.33965039253234863,200,True
Random_n20_58,Random,20,SourceResolved-GA,1,20,20,0.04451870918273926,25,True
Random_n20_58,Random,20,SourceResolved-GA,0,19,19,0.34238409996032715,200,True
Random_n20_58,Random,20,SourceResolved-GA,0,17,17,0.3465707302093506,200,True
Random_n20_58,Random,20,SourceResolved-GA,1,20,20,0.08809638023376465,50,True
Random_n20_58,Random,20,SourceResolved-GA,1,20,20,0.0674901008605957,38,True
Random_n20_58,Random,20,SourceResolved-GA,0,16,16,0.3465251922607422,200,True
Random_n20_58,Random,20,SourceResolved-GA,0,10,10,0.3435685634613037,200,True
Random_n20_58,Random,20,SourceResolved-GA,1,20,20,0.0019404888153076172,0,True
Random_n20_58,Random,20,MS-SourceResolved-GA,0,12,12,0.32790136337280273,150,True
Random_n20_58,Random,20,MS-SourceResolved-GA,1,20,20,0.07085061073303223,0,True
Random_n20_58,Random,20,MS-SourceResolved-GA,0,11,11,0.326690673828125,150,True
Random_n20_58,Random,20,MS-SourceResolved-GA,0,18,18,0.3294041156768799,150,True
Random_n20_58,Random,20,MS-SourceResolved-GA,0,20,20,0.32805943489074707,150,True
Random_n20_58,Random,20,MS-SourceResolved-GA,0,17,17,0.3306589126586914,150,True
Random_n20_58,Random,20,MS-SourceResolved-GA,1,20,20,0.12889599800109863,33,True
Random_n20_58,Random,20,MS-SourceResolved-GA,0,20,20,0.3285789489746094,150,True
Random_n20_58,Random,20,MS-SourceResolved-GA,1,20,20,0.07038640975952148,0,True
Random_n20_58,Random,20,MS-SourceResolved-GA,1,20,20,0.16797733306884766,56,True
Random_n20_59,Random,20,SourceResolved-GA,1,20,20,0.07509660720825195,42,True
Random_n20_59,Random,20,SourceResolved-GA,1,20,20,0.04544210433959961,25,True
Random_n20_59,Random,20,SourceResolved-GA,0,20,20,0.3430488109588623,200,True
Random_n20_59,Random,20,SourceResolved-GA,1,20,20,0.0019068717956542969,0,True
Random_n20_59,Random,20,SourceResolved-GA,1,20,20,0.034922122955322266,19,True
Random_n20_59,Random,20,SourceResolved-GA,0,19,19,0.3426361083984375,200,True
Random_n20_59,Random,20,SourceResolved-GA,1,20,20,0.0037622451782226562,1,True
Random_n20_59,Random,20,SourceResolved-GA,0,17,17,0.3428044319152832,200,True
Random_n20_59,Random,20,SourceResolved-GA,1,20,20,0.02603936195373535,14,True
Random_n20_59,Random,20,SourceResolved-GA,1,20,20,0.0019578933715820312,0,True
Random_n20_59,Random,20,MS-SourceResolved-GA,1,20,20,0.13238191604614258,35,True
Random_n20_59,Random,20,MS-SourceResolved-GA,1,20,20,0.011307477951049805,16,True
Random_n20_59,Random,20,MS-SourceResolved-GA,1,20,20,0.1166377067565918,26,True
Random_n20_59,Random,20,MS-SourceResolved-GA,1,20,20,0.07198309898376465,0,True
Random_n20_59,Random,20,MS-SourceResolved-GA,1,20,20,0.07144045829772949,0,True
Random_n20_59,Random,20,MS-SourceResolved-GA,1,20,20,0.045958518981933594,66,True
Random_n20_59,Random,20,MS-SourceResolved-GA,1,20,20,0.1020057201385498,18,True
Random_n20_59,Random,20,MS-SourceResolved-GA,1,20,20,0.07163119316101074,0,True
Random_n20_59,Random,20,MS-SourceResolved-GA,1,20,20,0.023877859115600586,34,True
Random_n20_59,Random,20,MS-SourceResolved-GA,1,20,20,0.07128334045410156,0,True
Random_n20_60,Random,20,SourceResolved-GA,0,16,16,0.34249043464660645,200,True
Random_n20_60,Random,20,SourceResolved-GA,0,20,20,0.3452913761138916,200,True
Random_n20_60,Random,20,SourceResolved-GA,1,20,20,0.04349064826965332,24,True
Random_n20_60,Random,20,SourceResolved-GA,0,20,20,0.34600353240966797,200,True
Random_n20_60,Random,20,SourceResolved-GA,1,20,20,0.03465127944946289,19,True
Random_n20_60,Random,20,SourceResolved-GA,1,20,20,0.0018291473388671875,0,True
Random_n20_60,Random,20,SourceResolved-GA,1,20,20,0.015887022018432617,8,True
Random_n20_60,Random,20,SourceResolved-GA,0,18,18,0.3463423252105713,200,True
Random_n20_60,Random,20,SourceResolved-GA,0,11,11,0.34609484672546387,200,True
Random_n20_60,Random,20,SourceResolved-GA,0,17,17,0.41085362434387207,200,True
Random_n20_60,Random,20,MS-SourceResolved-GA,1,20,20,0.07080340385437012,0,True
Random_n20_60,Random,20,MS-SourceResolved-GA,0,20,20,0.3242151737213135,150,True
Random_n20_60,Random,20,MS-SourceResolved-GA,1,20,20,0.09369826316833496,13,True
Random_n20_60,Random,20,MS-SourceResolved-GA,1,20,20,0.07066869735717773,0,True
Random_n20_60,Random,20,MS-SourceResolved-GA,1,20,20,0.07066488265991211,0,True
Random_n20_60,Random,20,MS-SourceResolved-GA,1,20,20,0.0928037166595459,13,True
Random_n20_60,Random,20,MS-SourceResolved-GA,1,20,20,0.11960148811340332,28,True
Random_n20_60,Random,20,MS-SourceResolved-GA,1,20,20,0.07574343681335449,3,True
Random_n20_60,Random,20,MS-SourceResolved-GA,1,20,20,0.022904634475708008,33,True
Random_n20_60,Random,20,MS-SourceResolved-GA,1,20,20,0.07055521011352539,0,True
Random_n25_25,Random,25,SourceResolved-GA,1,25,25,0.04105019569396973,19,True
Random_n25_25,Random,25,SourceResolved-GA,1,25,25,0.16268420219421387,80,True
Random_n25_25,Random,25,SourceResolved-GA,1,25,25,0.0024194717407226562,0,True
Random_n25_25,Random,25,SourceResolved-GA,1,25,25,0.045040130615234375,21,True
Random_n25_25,Random,25,SourceResolved-GA,1,25,25,0.002324342727661133,0,True
Random_n25_25,Random,25,SourceResolved-GA,1,25,25,0.002338409423828125,0,True
Random_n25_25,Random,25,SourceResolved-GA,1,25,25,0.07265901565551758,35,True
Random_n25_25,Random,25,SourceResolved-GA,0,22,22,0.4012925624847412,200,True
Random_n25_25,Random,25,SourceResolved-GA,1,25,25,0.041422367095947266,19,True
Random_n25_25,Random,25,SourceResolved-GA,1,25,25,0.1495974063873291,74,True
Random_n25_25,Random,25,MS-SourceResolved-GA,1,25,25,0.04425549507141113,56,True
Random_n25_25,Random,25,MS-SourceResolved-GA,1,25,25,0.11859536170959473,18,True
Random_n25_25,Random,25,MS-SourceResolved-GA,1,25,25,0.0576481819152832,73,True
Random_n25_25,Random,25,MS-SourceResolved-GA,1,25,25,0.08154916763305664,0,True
Random_n25_25,Random,25,MS-SourceResolved-GA,1,25,25,0.03250908851623535,41,True
Random_n25_25,Random,25,MS-SourceResolved-GA,1,25,25,0.08296656608581543,0,True
Random_n25_25,Random,25,MS-SourceResolved-GA,1,25,25,0.041922807693481445,53,True
Random_n25_25,Random,25,MS-SourceResolved-GA,1,25,25,0.02110433578491211,27,True
Random_n25_25,Random,25,MS-SourceResolved-GA,1,25,25,0.11405706405639648,16,True
Random_n25_25,Random,25,MS-SourceResolved-GA,1,25,25,0.08751487731933594,3,True
Random_n25_26,Random,25,SourceResolved-GA,0,25,25,0.40370702743530273,200,True
Random_n25_26,Random,25,SourceResolved-GA,1,25,25,0.05462193489074707,25,True
Random_n25_26,Random,25,SourceResolved-GA,1,25,25,0.08105897903442383,39,True
Random_n25_26,Random,25,SourceResolved-GA,0,25,25,0.4016079902648926,200,True
Random_n25_26,Random,25,SourceResolved-GA,1,25,25,0.0023016929626464844,0,True
Random_n25_26,Random,25,SourceResolved-GA,0,25,25,0.4045877456665039,200,True
Random_n25_26,Random,25,SourceResolved-GA,1,25,25,0.02469158172607422,11,True
Random_n25_26,Random,25,SourceResolved-GA,1,25,25,0.05785846710205078,27,True
Random_n25_26,Random,25,SourceResolved-GA,1,25,25,0.002312898635864258,0,True
Random_n25_26,Random,25,SourceResolved-GA,0,25,25,0.40549373626708984,200,True
Random_n25_26,Random,25,MS-SourceResolved-GA,1,25,25,0.12392735481262207,21,True
Random_n25_26,Random,25,MS-SourceResolved-GA,1,25,25,0.345369815826416,132,True
Random_n25_26,Random,25,MS-SourceResolved-GA,1,25,25,0.17368745803833008,45,True
Random_n25_26,Random,25,MS-SourceResolved-GA,1,25,25,0.08150005340576172,0,True
Random_n25_26,Random,25,MS-SourceResolved-GA,1,25,25,0.0438077449798584,56,True
Random_n25_26,Random,25,MS-SourceResolved-GA,1,25,25,0.11606144905090332,17,True
Random_n25_26,Random,25,MS-SourceResolved-GA,1,25,25,0.13683199882507324,27,True
Random_n25_26,Random,25,MS-SourceResolved-GA,1,25,25,0.1319742202758789,25,True
Random_n25_26,Random,25,MS-SourceResolved-GA,0,25,25,0.3804290294647217,150,True
Random_n25_26,Random,25,MS-SourceResolved-GA,1,25,25,0.026931285858154297,34,True
Random_n25_27,Random,25,SourceResolved-GA,1,25,25,0.06695389747619629,32,True
Random_n25_27,Random,25,SourceResolved-GA,0,22,22,0.4003574848175049,200,True
Random_n25_27,Random,25,SourceResolved-GA,1,25,25,0.002415895462036133,0,True
Random_n25_27,Random,25,SourceResolved-GA,1,25,25,0.0034813880920410156,0,True
Random_n25_27,Random,25,SourceResolved-GA,1,25,25,0.0044248104095458984,0,True
Random_n25_27,Random,25,SourceResolved-GA,1,25,25,0.004388332366943359,0,True
Random_n25_27,Random,25,SourceResolved-GA,1,25,25,0.07401442527770996,17,True
Random_n25_27,Random,25,SourceResolved-GA,1,25,25,0.08666324615478516,32,True
Random_n25_27,Random,25,SourceResolved-GA,1,25,25,0.0023784637451171875,0,True
Random_n25_27,Random,25,SourceResolved-GA,1,25,25,0.002296924591064453,0,True
Random_n25_27,Random,25,MS-SourceResolved-GA,1,25,25,0.08161497116088867,0,True
Random_n25_27,Random,25,MS-SourceResolved-GA,1,25,25,0.1293942928314209,24,True
Random_n25_27,Random,25,MS-SourceResolved-GA,1,25,25,0.0807948112487793,0,True
Random_n25_27,Random,25,MS-SourceResolved-GA,1,25,25,0.08409261703491211,0,True
Random_n25_27,Random,25,MS-SourceResolved-GA,1,25,25,0.08090019226074219,0,True
Random_n25_27,Random,25,MS-SourceResolved-GA,1,25,25,0.10366463661193848,11,True
Random_n25_27,Random,25,MS-SourceResolved-GA,1,25,25,0.17572474479675293,47,True
Random_n25_27,Random,25,MS-SourceResolved-GA,1,25,25,0.08184075355529785,0,True
Random_n25_27,Random,25,MS-SourceResolved-GA,1,25,25,0.20067906379699707,60,True
Random_n25_27,Random,25,MS-SourceResolved-GA,1,25,25,0.12197709083557129,20,True
Random_n25_28,Random,25,SourceResolved-GA,1,25,25,0.0023975372314453125,0,True
Random_n25_28,Random,25,SourceResolved-GA,1,25,25,0.0023338794708251953,0,True
Random_n25_28,Random,25,SourceResolved-GA,1,25,25,0.0023202896118164062,0,True
Random_n25_28,Random,25,SourceResolved-GA,1,25,25,0.002370119094848633,0,True
Random_n25_28,Random,25,SourceResolved-GA,1,25,25,0.002319812774658203,0,True
Random_n25_28,Random,25,SourceResolved-GA,1,25,25,0.0023894309997558594,0,True
Random_n25_28,Random,25,SourceResolved-GA,1,25,25,0.0023517608642578125,0,True
Random_n25_28,Random,25,SourceResolved-GA,1,25,25,0.0023665428161621094,0,True
Random_n25_28,Random,25,SourceResolved-GA,1,25,25,0.002357006072998047,0,True
Random_n25_28,Random,25,SourceResolved-GA,1,25,25,0.006371498107910156,2,True
Random_n25_28,Random,25,MS-SourceResolved-GA,1,25,25,0.040618896484375,52,True
Random_n25_28,Random,25,MS-SourceResolved-GA,1,25,25,0.02596449851989746,33,True
Random_n25_28,Random,25,MS-SourceResolved-GA,1,25,25,0.05423712730407715,70,True
Random_n25_28,Random,25,MS-SourceResolved-GA,1,25,25,0.06818079948425293,88,True
Random_n25_28,Random,25,MS-SourceResolved-GA,1,25,25,0.018968820571899414,24,True
Random_n25_28,Random,25,MS-SourceResolved-GA,1,25,25,0.029103517532348633,37,True
Random_n25_28,Random,25,MS-SourceResolved-GA,1,25,25,0.02823638916015625,36,True
Random_n25_28,Random,25,MS-SourceResolved-GA,1,25,25,0.020717620849609375,26,True
Random_n25_28,Random,25,MS-SourceResolved-GA,1,25,25,0.08362650871276855,0,True
Random_n25_28,Random,25,MS-SourceResolved-GA,1,25,25,0.028316020965576172,36,True
Random_n20_41,Random,20,SourceResolved-GA,0,19,19,0.34689903259277344,200,True
Random_n20_41,Random,20,SourceResolved-GA,0,12,12,0.3485376834869385,200,True
Random_n20_41,Random,20,SourceResolved-GA,0,12,12,0.34893155097961426,200,True
Random_n20_41,Random,20,SourceResolved-GA,0,20,20,0.34709620475769043,200,True
Random_n20_41,Random,20,SourceResolved-GA,0,19,19,0.35052967071533203,200,True
Random_n20_41,Random,20,SourceResolved-GA,0,18,18,0.3467226028442383,200,True
Random_n20_41,Random,20,SourceResolved-GA,0,15,15,0.35774683952331543,200,True
Random_n20_41,Random,20,SourceResolved-GA,0,18,18,0.3497047424316406,200,True
Random_n20_41,Random,20,SourceResolved-GA,0,20,20,0.3428151607513428,200,True
Random_n20_41,Random,20,SourceResolved-GA,0,15,15,0.34700632095336914,200,True
Random_n20_41,Random,20,MS-SourceResolved-GA,0,19,19,0.33562707901000977,150,True
Random_n20_41,Random,20,MS-SourceResolved-GA,0,13,13,0.32959628105163574,150,True
Random_n20_41,Random,20,MS-SourceResolved-GA,0,10,10,0.32936668395996094,150,True
Random_n20_41,Random,20,MS-SourceResolved-GA,0,15,15,0.3315730094909668,150,True
Random_n20_41,Random,20,MS-SourceResolved-GA,0,19,19,0.32793331146240234,150,True
Random_n20_41,Random,20,MS-SourceResolved-GA,0,10,10,0.3266754150390625,150,True
Random_n20_41,Random,20,MS-SourceResolved-GA,0,15,15,0.3338184356689453,150,True
Random_n20_41,Random,20,MS-SourceResolved-GA,0,12,12,0.3433995246887207,150,True
Random_n20_41,Random,20,MS-SourceResolved-GA,0,19,19,0.32671308517456055,150,True
Random_n20_41,Random,20,MS-SourceResolved-GA,0,12,12,0.3327946662902832,150,True
Random_n20_42,Random,20,SourceResolved-GA,1,20,20,0.027498483657836914,15,True
Random_n20_42,Random,20,SourceResolved-GA,1,20,20,0.10208797454833984,58,True
Random_n20_42,Random,20,SourceResolved-GA,0,20,20,0.3465883731842041,200,True
Random_n20_42,Random,20,SourceResolved-GA,0,17,17,0.3437032699584961,200,True
Random_n20_42,Random,20,SourceResolved-GA,1,20,20,0.04326939582824707,24,True
Random_n20_42,Random,20,SourceResolved-GA,0,18,18,0.34341859817504883,200,True
Random_n20_42,Random,20,SourceResolved-GA,1,20,20,0.11090564727783203,63,True
Random_n20_42,Random,20,SourceResolved-GA,1,20,20,0.0019118785858154297,0,True
Random_n20_42,Random,20,SourceResolved-GA,1,20,20,0.03795576095581055,21,True
Random_n20_42,Random,20,SourceResolved-GA,1,20,20,0.0018856525421142578,0,True
Random_n20_42,Random,20,MS-SourceResolved-GA,1,20,20,0.12807488441467285,33,True
Random_n20_42,Random,20,MS-SourceResolved-GA,1,20,20,0.07225179672241211,0,True
Random_n20_42,Random,20,MS-SourceResolved-GA,0,18,18,0.33272337913513184,150,True
Random_n20_42,Random,20,MS-SourceResolved-GA,1,20,20,0.23895955085754395,98,True
Random_n20_42,Random,20,MS-SourceResolved-GA,1,20,20,0.03644275665283203,53,True
Random_n20_42,Random,20,MS-SourceResolved-GA,1,20,20,0.08430314064025879,8,True
Random_n20_42,Random,20,MS-SourceResolved-GA,1,20,20,0.07088565826416016,0,True
Random_n20_42,Random,20,MS-SourceResolved-GA,1,20,20,0.10948944091796875,22,True
Random_n20_42,Random,20,MS-SourceResolved-GA,1,20,20,0.10138678550720215,17,True
Random_n20_42,Random,20,MS-SourceResolved-GA,1,20,20,0.04644036293029785,67,True
Random_n20_43,Random,20,SourceResolved-GA,1,20,20,0.012188434600830078,6,True
Random_n20_43,Random,20,SourceResolved-GA,1,20,20,0.0018923282623291016,0,True
Random_n20_43,Random,20,SourceResolved-GA,1,20,20,0.032358646392822266,17,True
Random_n20_43,Random,20,SourceResolved-GA,1,20,20,0.0019147396087646484,0,True
Random_n20_43,Random,20,SourceResolved-GA,1,20,20,0.049073219299316406,27,True
Random_n20_43,Random,20,SourceResolved-GA,1,20,20,0.0018393993377685547,0,True
Random_n20_43,Random,20,SourceResolved-GA,1,20,20,0.029542207717895508,16,True
Random_n20_43,Random,20,SourceResolved-GA,1,20,20,0.06142091751098633,34,True
Random_n20_43,Random,20,SourceResolved-GA,1,20,20,0.001863241195678711,0,True
Random_n20_43,Random,20,SourceResolved-GA,0,19,19,0.3490307331085205,200,True
Random_n20_43,Random,20,MS-SourceResolved-GA,1,20,20,0.1472764015197754,44,True
Random_n20_43,Random,20,MS-SourceResolved-GA,1,20,20,0.12209248542785645,29,True
Random_n20_43,Random,20,MS-SourceResolved-GA,1,20,20,0.07754302024841309,4,True
Random_n20_43,Random,20,MS-SourceResolved-GA,1,20,20,0.022424697875976562,32,True
Random_n20_43,Random,20,MS-SourceResolved-GA,1,20,20,0.10898852348327637,22,True
Random_n20_43,Random,20,MS-SourceResolved-GA,1,20,20,0.07100367546081543,0,True
Random_n20_43,Random,20,MS-SourceResolved-GA,1,20,20,0.09963226318359375,16,True
Random_n20_43,Random,20,MS-SourceResolved-GA,1,20,20,0.09073710441589355,9,True
Random_n20_43,Random,20,MS-SourceResolved-GA,1,20,20,0.02882671356201172,42,True
Random_n20_43,Random,20,MS-SourceResolved-GA,1,20,20,0.09389925003051758,13,True
Random_n20_44,Random,20,SourceResolved-GA,0,19,19,0.3448967933654785,200,True
Random_n20_44,Random,20,SourceResolved-GA,0,20,20,0.34368157386779785,200,True
Random_n20_44,Random,20,SourceResolved-GA,1,20,20,0.026104211807250977,14,True
Random_n20_44,Random,20,SourceResolved-GA,0,18,18,0.3483099937438965,200,True
Random_n20_44,Random,20,SourceResolved-GA,0,18,18,0.3474862575531006,200,True
Random_n20_44,Random,20,SourceResolved-GA,0,12,12,0.34494495391845703,200,True
Random_n20_44,Random,20,SourceResolved-GA,1,20,20,0.043297767639160156,23,True
Random_n20_44,Random,20,SourceResolved-GA,1,20,20,0.05072641372680664,28,True
Random_n20_44,Random,20,SourceResolved-GA,0,17,17,0.3781697750091553,200,True
Random_n20_44,Random,20,SourceResolved-GA,1,20,20,0.04808521270751953,21,True
Random_n20_44,Random,20,MS-SourceResolved-GA,0,19,19,0.38196372985839844,150,True
Random_n20_44,Random,20,MS-SourceResolved-GA,1,20,20,0.09109139442443848,0,True
Random_n20_44,Random,20,MS-SourceResolved-GA,1,20,20,0.16881394386291504,48,True
Random_n20_44,Random,20,MS-SourceResolved-GA,1,20,20,0.1132516860961914,20,True
Random_n20_44,Random,20,MS-SourceResolved-GA,0,19,19,0.3314647674560547,150,True
Random_n20_44,Random,20,MS-SourceResolved-GA,1,20,20,0.2073040008544922,78,True
Random_n20_44,Random,20,MS-SourceResolved-GA,0,13,13,0.3436868190765381,150,True
Random_n20_44,Random,20,MS-SourceResolved-GA,0,20,20,0.32961535453796387,150,True
Random_n20_44,Random,20,MS-SourceResolved-GA,0,16,16,0.3691093921661377,150,True
Random_n20_44,Random,20,MS-SourceResolved-GA,0,16,16,0.3419482707977295,150,True
Random_n25_29,Random,25,SourceResolved-GA,1,25,25,0.002322673797607422,0,True
Random_n25_29,Random,25,SourceResolved-GA,1,25,25,0.0024018287658691406,0,True
Random_n25_29,Random,25,SourceResolved-GA,1,25,25,0.002336263656616211,0,True
Random_n25_29,Random,25,SourceResolved-GA,1,25,25,0.0022895336151123047,0,True
Random_n25_29,Random,25,SourceResolved-GA,1,25,25,0.07551932334899902,36,True
Random_n25_29,Random,25,SourceResolved-GA,1,25,25,0.06655597686767578,32,True
Random_n25_29,Random,25,SourceResolved-GA,1,25,25,0.002428770065307617,0,True
Random_n25_29,Random,25,SourceResolved-GA,1,25,25,0.05709433555603027,27,True
Random_n25_29,Random,25,SourceResolved-GA,1,25,25,0.022966384887695312,10,True
Random_n25_29,Random,25,SourceResolved-GA,1,25,25,0.002285003662109375,0,True
Random_n25_29,Random,25,MS-SourceResolved-GA,1,25,25,0.036071062088012695,46,True
Random_n25_29,Random,25,MS-SourceResolved-GA,1,25,25,0.08181619644165039,0,True
Random_n25_29,Random,25,MS-SourceResolved-GA,1,25,25,0.05595541000366211,68,True
Random_n25_29,Random,25,MS-SourceResolved-GA,1,25,25,0.04290151596069336,52,True
Random_n25_29,Random,25,MS-SourceResolved-GA,1,25,25,0.08437967300415039,0,True
Random_n25_29,Random,25,MS-SourceResolved-GA,1,25,25,0.08241033554077148,0,True
Random_n25_29,Random,25,MS-SourceResolved-GA,1,25,25,0.14637184143066406,32,True
Random_n25_29,Random,25,MS-SourceResolved-GA,1,25,25,0.08209919929504395,0,True
Random_n25_29,Random,25,MS-SourceResolved-GA,1,25,25,0.0659189224243164,84,True
Random_n25_29,Random,25,MS-SourceResolved-GA,1,25,25,0.0815277099609375,0,True
Random_n25_30,Random,25,SourceResolved-GA,1,25,25,0.01879715919494629,8,True
Random_n25_30,Random,25,SourceResolved-GA,1,25,25,0.09327554702758789,45,True
Random_n25_30,Random,25,SourceResolved-GA,1,25,25,0.0022842884063720703,0,True
Random_n25_30,Random,25,SourceResolved-GA,0,18,18,0.4028964042663574,200,True
Random_n25_30,Random,25,SourceResolved-GA,1,25,25,0.07792234420776367,37,True
Random_n25_30,Random,25,SourceResolved-GA,0,25,25,0.4011380672454834,200,True
Random_n25_30,Random,25,SourceResolved-GA,1,25,25,0.002318143844604492,0,True
Random_n25_30,Random,25,SourceResolved-GA,0,25,25,0.4038231372833252,200,True
Random_n25_30,Random,25,SourceResolved-GA,1,25,25,0.002402067184448242,0,True
Random_n25_30,Random,25,SourceResolved-GA,1,25,25,0.03520917892456055,16,True
Random_n25_30,Random,25,MS-SourceResolved-GA,1,25,25,0.13075542449951172,24,True
Random_n25_30,Random,25,MS-SourceResolved-GA,1,25,25,0.12303519248962402,20,True
Random_n25_30,Random,25,MS-SourceResolved-GA,1,25,25,0.14583373069763184,31,True
Random_n25_30,Random,25,MS-SourceResolved-GA,1,25,25,0.22341299057006836,70,True
Random_n25_30,Random,25,MS-SourceResolved-GA,1,25,25,0.030010461807250977,38,True
Random_n25_30,Random,25,MS-SourceResolved-GA,0,19,19,0.3815467357635498,150,True
Random_n25_30,Random,25,MS-SourceResolved-GA,0,21,21,0.3848843574523926,150,True
Random_n25_30,Random,25,MS-SourceResolved-GA,0,21,21,0.38158106803894043,150,True
Random_n25_30,Random,25,MS-SourceResolved-GA,1,25,25,0.1695859432220459,43,True
Random_n25_30,Random,25,MS-SourceResolved-GA,0,24,24,0.38353395462036133,150,True
Random_n25_31,Random,25,SourceResolved-GA,1,25,25,0.08266091346740723,40,True
Random_n25_31,Random,25,SourceResolved-GA,1,25,25,0.002393484115600586,0,True
Random_n25_31,Random,25,SourceResolved-GA,1,25,25,0.00232696533203125,0,True
Random_n25_31,Random,25,SourceResolved-GA,1,25,25,0.059656381607055664,24,True
Random_n25_31,Random,25,SourceResolved-GA,1,25,25,0.004444599151611328,0,True
Random_n25_31,Random,25,SourceResolved-GA,1,25,25,0.15465140342712402,50,True
Random_n25_31,Random,25,SourceResolved-GA,1,25,25,0.06879377365112305,33,True
Random_n25_31,Random,25,SourceResolved-GA,1,25,25,0.002332448959350586,0,True
Random_n25_31,Random,25,SourceResolved-GA,1,25,25,0.0023522377014160156,0,True
Random_n25_31,Random,25,SourceResolved-GA,1,25,25,0.00231170654296875,0,True
Random_n25_31,Random,25,MS-SourceResolved-GA,1,25,25,0.08184194564819336,0,True
Random_n25_31,Random,25,MS-SourceResolved-GA,1,25,25,0.1595325469970703,38,True
Random_n25_31,Random,25,MS-SourceResolved-GA,1,25,25,0.11742019653320312,17,True
Random_n25_31,Random,25,MS-SourceResolved-GA,1,25,25,0.04314565658569336,55,True
Random_n25_31,Random,25,MS-SourceResolved-GA,1,25,25,0.0409088134765625,52,True
Random_n25_31,Random,25,MS-SourceResolved-GA,1,25,25,0.030179977416992188,38,True
Random_n25_31,Random,25,MS-SourceResolved-GA,1,25,25,0.13220429420471191,25,True
Random_n25_31,Random,25,MS-SourceResolved-GA,1,25,25,0.08177304267883301,0,True
Random_n25_31,Random,25,MS-SourceResolved-GA,1,25,25,0.08293509483337402,0,True
Random_n25_31,Random,25,MS-SourceResolved-GA,1,25,25,0.10593414306640625,12,True
Random_n25_32,Random,25,SourceResolved-GA,1,25,25,0.0022954940795898438,0,True
Random_n25_32,Random,25,SourceResolved-GA,1,25,25,0.0023202896118164062,0,True
Random_n25_32,Random,25,SourceResolved-GA,0,24,24,0.40237975120544434,200,True
Random_n25_32,Random,25,SourceResolved-GA,1,25,25,0.0024144649505615234,0,True
Random_n25_32,Random,25,SourceResolved-GA,1,25,25,0.0023026466369628906,0,True
Random_n25_32,Random,25,SourceResolved-GA,0,21,21,0.4003317356109619,200,True
Random_n25_32,Random,25,SourceResolved-GA,1,25,25,0.0022649765014648438,0,True
Random_n25_32,Random,25,SourceResolved-GA,0,22,22,0.48012638092041016,200,True
Random_n25_32,Random,25,SourceResolved-GA,1,25,25,0.0022487640380859375,0,True
Random_n25_32,Random,25,SourceResolved-GA,1,25,25,0.0023355484008789062,0,True
Random_n25_32,Random,25,MS-SourceResolved-GA,1,25,25,0.08205962181091309,0,True
Random_n25_32,Random,25,MS-SourceResolved-GA,1,25,25,0.030554533004760742,38,True
Random_n25_32,Random,25,MS-SourceResolved-GA,1,25,25,0.08119797706604004,0,True
Random_n25_32,Random,25,MS-SourceResolved-GA,1,25,25,0.08262014389038086,0,True
Random_n25_32,Random,25,MS-SourceResolved-GA,1,25,25,0.0821843147277832,0,True
Random_n25_32,Random,25,MS-SourceResolved-GA,1,25,25,0.12083888053894043,78,True
Random_n25_32,Random,25,MS-SourceResolved-GA,1,25,25,0.06673574447631836,38,True
Random_n25_32,Random,25,MS-SourceResolved-GA,1,25,25,0.1293041706085205,74,True
Random_n25_32,Random,25,MS-SourceResolved-GA,1,25,25,0.17943549156188965,0,True
Random_n25_32,Random,25,MS-SourceResolved-GA,1,25,25,0.1805412769317627,0,True
Random_n25_21,Random,25,SourceResolved-GA,1,25,25,0.07468938827514648,36,True
Random_n25_21,Random,25,SourceResolved-GA,0,24,24,0.4055302143096924,200,True
Random_n25_21,Random,25,SourceResolved-GA,1,25,25,0.002264261245727539,0,True
Random_n25_21,Random,25,SourceResolved-GA,1,25,25,0.08066534996032715,39,True
Random_n25_21,Random,25,SourceResolved-GA,1,25,25,0.0023250579833984375,0,True
Random_n25_21,Random,25,SourceResolved-GA,1,25,25,0.08602738380432129,42,True
Random_n25_21,Random,25,SourceResolved-GA,1,25,25,0.06901049613952637,33,True
Random_n25_21,Random,25,SourceResolved-GA,1,25,25,0.05638933181762695,27,True
Random_n25_21,Random,25,SourceResolved-GA,1,25,25,0.002321481704711914,0,True
Random_n25_21,Random,25,SourceResolved-GA,1,25,25,0.0022563934326171875,0,True
Random_n25_21,Random,25,MS-SourceResolved-GA,1,25,25,0.023807287216186523,30,True
Random_n25_21,Random,25,MS-SourceResolved-GA,1,25,25,0.08171534538269043,0,True
Random_n25_21,Random,25,MS-SourceResolved-GA,1,25,25,0.08182978630065918,0,True
Random_n25_21,Random,25,MS-SourceResolved-GA,1,25,25,0.14015817642211914,29,True
Random_n25_21,Random,25,MS-SourceResolved-GA,0,24,24,0.39014267921447754,150,True
Random_n25_21,Random,25,MS-SourceResolved-GA,1,25,25,0.13538050651550293,27,True
Random_n25_21,Random,25,MS-SourceResolved-GA,0,23,23,0.3798513412475586,150,True
Random_n25_21,Random,25,MS-SourceResolved-GA,1,25,25,0.1448204517364502,28,True
Random_n25_21,Random,25,MS-SourceResolved-GA,1,25,25,0.08176136016845703,0,True
Random_n25_21,Random,25,MS-SourceResolved-GA,1,25,25,0.17249608039855957,46,True
Random_n25_22,Random,25,SourceResolved-GA,0,25,25,0.3967466354370117,200,True
Random_n25_22,Random,25,SourceResolved-GA,1,25,25,0.002313375473022461,0,True
Random_n25_22,Random,25,SourceResolved-GA,1,25,25,0.032502174377441406,15,True
Random_n25_22,Random,25,SourceResolved-GA,1,25,25,0.02655196189880371,12,True
Random_n25_22,Random,25,SourceResolved-GA,1,25,25,0.10874509811401367,53,True
Random_n25_22,Random,25,SourceResolved-GA,1,25,25,0.07493019104003906,36,True
Random_n25_22,Random,25,SourceResolved-GA,1,25,25,0.002396106719970703,0,True
Random_n25_22,Random,25,SourceResolved-GA,0,22,22,0.40817928314208984,200,True
Random_n25_22,Random,25,SourceResolved-GA,1,25,25,0.002331256866455078,0,True
Random_n25_22,Random,25,SourceResolved-GA,1,25,25,0.056998252868652344,27,True
Random_n25_22,Random,25,MS-SourceResolved-GA,1,25,25,0.09936642646789551,9,True
Random_n25_22,Random,25,MS-SourceResolved-GA,0,24,24,0.38375091552734375,150,True
Random_n25_22,Random,25,MS-SourceResolved-GA,1,25,25,0.02188897132873535,28,True
Random_n25_22,Random,25,MS-SourceResolved-GA,1,25,25,0.09137177467346191,1,True
Random_n25_22,Random,25,MS-SourceResolved-GA,0,25,25,0.37563085556030273,150,True
Random_n25_22,Random,25,MS-SourceResolved-GA,1,25,25,0.1273794174194336,23,True
Random_n25_22,Random,25,MS-SourceResolved-GA,1,25,25,0.10640168190002441,12,True
Random_n25_22,Random,25,MS-SourceResolved-GA,0,25,25,0.3887648582458496,150,True
Random_n25_22,Random,25,MS-SourceResolved-GA,1,25,25,0.13386774063110352,26,True
Random_n25_22,Random,25,MS-SourceResolved-GA,1,25,25,0.11128377914428711,14,True
Random_n25_23,Random,25,SourceResolved-GA,1,25,25,0.0609126091003418,29,True
Random_n25_23,Random,25,SourceResolved-GA,1,25,25,0.03672528266906738,17,True
Random_n25_23,Random,25,SourceResolved-GA,1,25,25,0.11778593063354492,58,True
Random_n25_23,Random,25,SourceResolved-GA,1,25,25,0.03482508659362793,16,True
Random_n25_23,Random,25,SourceResolved-GA,1,25,25,0.03852367401123047,18,True
Random_n25_23,Random,25,SourceResolved-GA,1,25,25,0.0023491382598876953,0,True
Random_n25_23,Random,25,SourceResolved-GA,0,25,25,0.4088015556335449,200,True
Random_n25_23,Random,25,SourceResolved-GA,1,25,25,0.024585962295532227,11,True
Random_n25_23,Random,25,SourceResolved-GA,1,25,25,0.0023708343505859375,0,True
Random_n25_23,Random,25,SourceResolved-GA,1,25,25,0.03262138366699219,15,True
Random_n25_23,Random,25,MS-SourceResolved-GA,1,25,25,0.033260345458984375,42,True
Random_n25_23,Random,25,MS-SourceResolved-GA,1,25,25,0.03985786437988281,49,True
Random_n25_23,Random,25,MS-SourceResolved-GA,1,25,25,0.13774728775024414,26,True
Random_n25_23,Random,25,MS-SourceResolved-GA,1,25,25,0.04646658897399902,59,True
Random_n25_23,Random,25,MS-SourceResolved-GA,1,25,25,0.08093380928039551,0,True
Random_n25_23,Random,25,MS-SourceResolved-GA,1,25,25,0.07271075248718262,93,True
Random_n25_23,Random,25,MS-SourceResolved-GA,0,25,25,0.381211519241333,150,True
Random_n25_23,Random,25,MS-SourceResolved-GA,1,25,25,0.11386275291442871,12,True
Random_n25_23,Random,25,MS-SourceResolved-GA,1,25,25,0.07086658477783203,88,True
Random_n25_23,Random,25,MS-SourceResolved-GA,0,25,25,0.3791928291320801,150,True
Random_n25_24,Random,25,SourceResolved-GA,1,25,25,0.0024423599243164062,0,True
Random_n25_24,Random,25,SourceResolved-GA,1,25,25,0.002329111099243164,0,True
Random_n25_24,Random,25,SourceResolved-GA,1,25,25,0.05467033386230469,26,True
Random_n25_24,Random,25,SourceResolved-GA,0,24,24,0.40058302879333496,200,True
Random_n25_24,Random,25,SourceResolved-GA,1,25,25,0.0518641471862793,21,True
Random_n25_24,Random,25,SourceResolved-GA,1,25,25,0.0022974014282226562,0,True
Random_n25_24,Random,25,SourceResolved-GA,1,25,25,0.0023009777069091797,0,True
Random_n25_24,Random,25,SourceResolved-GA,1,25,25,0.0023059844970703125,0,True
Random_n25_24,Random,25,SourceResolved-GA,0,24,24,0.3961524963378906,200,True
Random_n25_24,Random,25,SourceResolved-GA,1,25,25,0.03486824035644531,15,True
Random_n25_24,Random,25,MS-SourceResolved-GA,1,25,25,0.03597283363342285,43,True
Random_n25_24,Random,25,MS-SourceResolved-GA,1,25,25,0.0832822322845459,0,True
Random_n25_24,Random,25,MS-SourceResolved-GA,1,25,25,0.053778648376464844,68,True
Random_n25_24,Random,25,MS-SourceResolved-GA,1,25,25,0.11628413200378418,17,True
Random_n25_24,Random,25,MS-SourceResolved-GA,1,25,25,0.08105134963989258,0,True
Random_n25_24,Random,25,MS-SourceResolved-GA,1,25,25,0.21590757369995117,58,True
Random_n25_24,Random,25,MS-SourceResolved-GA,1,25,25,0.026895761489868164,32,True
Random_n25_24,Random,25,MS-SourceResolved-GA,1,25,25,0.035810232162475586,40,True
Random_n25_24,Random,25,MS-SourceResolved-GA,1,25,25,0.09191703796386719,0,True
Random_n25_24,Random,25,MS-SourceResolved-GA,0,18,18,0.47017931938171387,150,True
Random_n25_5,Random,25,SourceResolved-GA,1,25,25,0.08017706871032715,37,True
Random_n25_5,Random,25,SourceResolved-GA,1,25,25,0.050805091857910156,23,True
Random_n25_5,Random,25,SourceResolved-GA,1,25,25,0.023588895797729492,10,True
Random_n25_5,Random,25,SourceResolved-GA,1,25,25,0.10032153129577637,47,True
Random_n25_5,Random,25,SourceResolved-GA,0,14,14,0.41631603240966797,200,True
Random_n25_5,Random,25,SourceResolved-GA,1,25,25,0.050492286682128906,23,True
Random_n25_5,Random,25,SourceResolved-GA,0,24,24,0.41576671600341797,200,True
Random_n25_5,Random,25,SourceResolved-GA,0,25,25,0.4186835289001465,200,True
Random_n25_5,Random,25,SourceResolved-GA,1,25,25,0.15247416496276855,72,True
Random_n25_5,Random,25,SourceResolved-GA,1,25,25,0.01910114288330078,8,True
Random_n25_5,Random,25,MS-SourceResolved-GA,1,25,25,0.08311057090759277,0,True
Random_n25_5,Random,25,MS-SourceResolved-GA,0,25,25,0.39516687393188477,150,True
Random_n25_5,Random,25,MS-SourceResolved-GA,1,25,25,0.03824734687805176,48,True
Random_n25_5,Random,25,MS-SourceResolved-GA,0,24,24,0.3938772678375244,150,True
Random_n25_5,Random,25,MS-SourceResolved-GA,0,25,25,0.39610767364501953,150,True
Random_n25_5,Random,25,MS-SourceResolved-GA,1,25,25,0.08188080787658691,0,True
Random_n25_5,Random,25,MS-SourceResolved-GA,1,25,25,0.08228778839111328,0,True
Random_n25_5,Random,25,MS-SourceResolved-GA,0,25,25,0.3962135314941406,150,True
Random_n25_5,Random,25,MS-SourceResolved-GA,1,25,25,0.08279776573181152,0,True
Random_n25_5,Random,25,MS-SourceResolved-GA,1,25,25,0.08247613906860352,0,True
Random_n25_6,Random,25,SourceResolved-GA,1,25,25,0.11781191825866699,55,True
Random_n25_6,Random,25,SourceResolved-GA,1,25,25,0.0024721622467041016,0,True
Random_n25_6,Random,25,SourceResolved-GA,0,25,25,0.41759157180786133,200,True
Random_n25_6,Random,25,SourceResolved-GA,1,25,25,0.060101985931396484,27,True
Random_n25_6,Random,25,SourceResolved-GA,1,25,25,0.08657193183898926,40,True
Random_n25_6,Random,25,SourceResolved-GA,1,25,25,0.038338422775268555,17,True
Random_n25_6,Random,25,SourceResolved-GA,1,25,25,0.0024042129516601562,0,True
Random_n25_6,Random,25,SourceResolved-GA,0,22,22,0.4184224605560303,200,True
Random_n25_6,Random,25,SourceResolved-GA,1,25,25,0.06113314628601074,28,True
Random_n25_6,Random,25,SourceResolved-GA,1,25,25,0.06145191192626953,28,True
Random_n25_6,Random,25,MS-SourceResolved-GA,1,25,25,0.0241241455078125,30,True
Random_n25_6,Random,25,MS-SourceResolved-GA,0,24,24,0.395000696182251,150,True
Random_n25_6,Random,25,MS-SourceResolved-GA,0,25,25,0.39875268936157227,150,True
Random_n25_6,Random,25,MS-SourceResolved-GA,1,25,25,0.046201229095458984,58,True
Random_n25_6,Random,25,MS-SourceResolved-GA,1,25,25,0.17354750633239746,43,True
Random_n25_6,Random,25,MS-SourceResolved-GA,1,25,25,0.10247063636779785,10,True
Random_n25_6,Random,25,MS-SourceResolved-GA,0,24,24,0.39738917350769043,150,True
Random_n25_6,Random,25,MS-SourceResolved-GA,1,25,25,0.17352962493896484,43,True
Random_n25_6,Random,25,MS-SourceResolved-GA,1,25,25,0.023958444595336914,30,True
Random_n25_6,Random,25,MS-SourceResolved-GA,1,25,25,0.15265130996704102,33,True
Random_n25_7,Random,25,SourceResolved-GA,0,25,25,0.4186108112335205,200,True
Random_n25_7,Random,25,SourceResolved-GA,1,25,25,0.040311574935913086,18,True
Random_n25_7,Random,25,SourceResolved-GA,1,25,25,0.002437114715576172,0,True
Random_n25_7,Random,25,SourceResolved-GA,1,25,25,0.07388925552368164,34,True
Random_n25_7,Random,25,SourceResolved-GA,0,21,21,0.4203500747680664,200,True
Random_n25_7,Random,25,SourceResolved-GA,1,25,25,0.051177263259887695,23,True
Random_n25_7,Random,25,SourceResolved-GA,1,25,25,0.08850884437561035,41,True
Random_n25_7,Random,25,SourceResolved-GA,1,25,25,0.13642549514770508,64,True
Random_n25_7,Random,25,SourceResolved-GA,1,25,25,0.09730648994445801,45,True
Random_n25_7,Random,25,SourceResolved-GA,0,25,25,0.48415708541870117,200,True
Random_n25_7,Random,25,MS-SourceResolved-GA,1,25,25,0.3350181579589844,121,True
Random_n25_7,Random,25,MS-SourceResolved-GA,1,25,25,0.18073201179504395,46,True
Random_n25_7,Random,25,MS-SourceResolved-GA,1,25,25,0.08372020721435547,0,True
Random_n25_7,Random,25,MS-SourceResolved-GA,1,25,25,0.16286611557006836,38,True
Random_n25_7,Random,25,MS-SourceResolved-GA,1,25,25,0.16330242156982422,38,True
Random_n25_7,Random,25,MS-SourceResolved-GA,0,25,25,0.3946533203125,150,True
Random_n25_7,Random,25,MS-SourceResolved-GA,0,25,25,0.395613431930542,150,True
Random_n25_7,Random,25,MS-SourceResolved-GA,1,25,25,0.11052536964416504,13,True
Random_n25_7,Random,25,MS-SourceResolved-GA,1,25,25,0.13214468955993652,23,True
Random_n25_7,Random,25,MS-SourceResolved-GA,1,25,25,0.1356520652770996,23,True
Random_n25_8,Random,25,SourceResolved-GA,1,25,25,0.004584550857543945,0,True
Random_n25_8,Random,25,SourceResolved-GA,1,25,25,0.004797697067260742,0,True
Random_n25_8,Random,25,SourceResolved-GA,1,25,25,0.0051882266998291016,0,True
Random_n25_8,Random,25,SourceResolved-GA,1,25,25,0.0046155452728271484,0,True
Random_n25_8,Random,25,SourceResolved-GA,1,25,25,0.0045337677001953125,0,True
Random_n25_8,Random,25,SourceResolved-GA,1,25,25,0.1182870864868164,52,True
Random_n25_8,Random,25,SourceResolved-GA,1,25,25,0.0816807746887207,38,True
Random_n25_8,Random,25,SourceResolved-GA,1,25,25,0.041750431060791016,19,True
Random_n25_8,Random,25,SourceResolved-GA,1,25,25,0.09233546257019043,43,True
Random_n25_8,Random,25,SourceResolved-GA,1,25,25,0.002439737319946289,0,True
Random_n25_8,Random,25,MS-SourceResolved-GA,1,25,25,0.08338165283203125,0,True
Random_n25_8,Random,25,MS-SourceResolved-GA,1,25,25,0.31810665130615234,36,True
Random_n25_8,Random,25,MS-SourceResolved-GA,1,25,25,0.2604026794433594,18,True
Random_n25_8,Random,25,MS-SourceResolved-GA,1,25,25,0.18165373802185059,0,True
Random_n25_8,Random,25,MS-SourceResolved-GA,1,25,25,0.1829206943511963,0,True
Random_n25_8,Random,25,MS-SourceResolved-GA,1,25,25,0.18101859092712402,0,True
Random_n25_8,Random,25,MS-SourceResolved-GA,1,25,25,0.3125772476196289,29,True
Random_n25_8,Random,25,MS-SourceResolved-GA,1,25,25,0.04268360137939453,41,True
Random_n25_8,Random,25,MS-SourceResolved-GA,1,25,25,0.031594276428222656,39,True
Random_n25_8,Random,25,MS-SourceResolved-GA,1,25,25,0.08979344367980957,3,True
Random_n25_41,Random,25,SourceResolved-GA,0,25,25,0.4040830135345459,200,True
Random_n25_41,Random,25,SourceResolved-GA,1,25,25,0.002424001693725586,0,True
Random_n25_41,Random,25,SourceResolved-GA,1,25,25,0.03636980056762695,17,True
Random_n25_41,Random,25,SourceResolved-GA,1,25,25,0.046515464782714844,22,True
Random_n25_41,Random,25,SourceResolved-GA,1,25,25,0.0023407936096191406,0,True
Random_n25_41,Random,25,SourceResolved-GA,1,25,25,0.002362966537475586,0,True
Random_n25_41,Random,25,SourceResolved-GA,1,25,25,0.0023131370544433594,0,True
Random_n25_41,Random,25,SourceResolved-GA,1,25,25,0.002403736114501953,0,True
Random_n25_41,Random,25,SourceResolved-GA,1,25,25,0.002341032028198242,0,True
Random_n25_41,Random,25,SourceResolved-GA,1,25,25,0.0023598670959472656,0,True
Random_n25_41,Random,25,MS-SourceResolved-GA,1,25,25,0.1558055877685547,36,True
Random_n25_41,Random,25,MS-SourceResolved-GA,1,25,25,0.03544282913208008,45,True
Random_n25_41,Random,25,MS-SourceResolved-GA,1,25,25,0.02312755584716797,29,True
Random_n25_41,Random,25,MS-SourceResolved-GA,1,25,25,0.08107781410217285,0,True
Random_n25_41,Random,25,MS-SourceResolved-GA,1,25,25,0.11178421974182129,15,True
Random_n25_41,Random,25,MS-SourceResolved-GA,1,25,25,0.0813601016998291,0,True
Random_n25_41,Random,25,MS-SourceResolved-GA,1,25,25,0.1179037094116211,18,True
Random_n25_41,Random,25,MS-SourceResolved-GA,1,25,25,0.08147311210632324,0,True
Random_n25_41,Random,25,MS-SourceResolved-GA,1,25,25,0.13277721405029297,25,True
Random_n25_41,Random,25,MS-SourceResolved-GA,1,25,25,0.08346843719482422,0,True
Random_n25_42,Random,25,SourceResolved-GA,1,25,25,0.05250382423400879,24,True
Random_n25_42,Random,25,SourceResolved-GA,1,25,25,0.002328634262084961,0,True
Random_n25_42,Random,25,SourceResolved-GA,1,25,25,0.0023736953735351562,0,True
Random_n25_42,Random,25,SourceResolved-GA,1,25,25,0.02647852897644043,12,True
Random_n25_42,Random,25,SourceResolved-GA,1,25,25,0.06689739227294922,31,True
Random_n25_42,Random,25,SourceResolved-GA,1,25,25,0.020409822463989258,9,True
Random_n25_42,Random,25,SourceResolved-GA,0,16,16,0.4068889617919922,200,True
Random_n25_42,Random,25,SourceResolved-GA,1,25,25,0.061437368392944336,29,True
Random_n25_42,Random,25,SourceResolved-GA,1,25,25,0.08249855041503906,40,True
Random_n25_42,Random,25,SourceResolved-GA,1,25,25,0.0022809505462646484,0,True
Random_n25_42,Random,25,MS-SourceResolved-GA,1,25,25,0.18615269660949707,52,True
Random_n25_42,Random,25,MS-SourceResolved-GA,1,25,25,0.0821681022644043,0,True
Random_n25_42,Random,25,MS-SourceResolved-GA,1,25,25,0.16254329681396484,40,True
Random_n25_42,Random,25,MS-SourceResolved-GA,1,25,25,0.027107954025268555,34,True
Random_n25_42,Random,25,MS-SourceResolved-GA,0,25,25,0.4427509307861328,150,True
Random_n25_42,Random,25,MS-SourceResolved-GA,1,25,25,0.041547298431396484,53,True
Random_n25_42,Random,25,MS-SourceResolved-GA,1,25,25,0.11987853050231934,19,True
Random_n25_42,Random,25,MS-SourceResolved-GA,1,25,25,0.1341390609741211,23,True
Random_n25_42,Random,25,MS-SourceResolved-GA,1,25,25,0.08184337615966797,0,True
Random_n25_42,Random,25,MS-SourceResolved-GA,0,25,25,0.3816869258880615,150,True
Random_n25_43,Random,25,SourceResolved-GA,1,25,25,0.3512756824493408,175,True
Random_n25_43,Random,25,SourceResolved-GA,1,25,25,0.0023801326751708984,0,True
Random_n25_43,Random,25,SourceResolved-GA,1,25,25,0.002394437789916992,0,True
Random_n25_43,Random,25,SourceResolved-GA,1,25,25,0.0023431777954101562,0,True
Random_n25_43,Random,25,SourceResolved-GA,1,25,25,0.03031158447265625,14,True
Random_n25_43,Random,25,SourceResolved-GA,1,25,25,0.07686471939086914,35,True
Random_n25_43,Random,25,SourceResolved-GA,1,25,25,0.050618648529052734,24,True
Random_n25_43,Random,25,SourceResolved-GA,1,25,25,0.03925442695617676,15,True
Random_n25_43,Random,25,SourceResolved-GA,1,25,25,0.0024623870849609375,0,True
Random_n25_43,Random,25,SourceResolved-GA,1,25,25,0.002375364303588867,0,True
Random_n25_43,Random,25,MS-SourceResolved-GA,1,25,25,0.13847875595092773,27,True
Random_n25_43,Random,25,MS-SourceResolved-GA,1,25,25,0.08268928527832031,0,True
Random_n25_43,Random,25,MS-SourceResolved-GA,1,25,25,0.06457757949829102,82,True
Random_n25_43,Random,25,MS-SourceResolved-GA,1,25,25,0.08353447914123535,0,True
Random_n25_43,Random,25,MS-SourceResolved-GA,1,25,25,0.10240340232849121,9,True
Random_n25_43,Random,25,MS-SourceResolved-GA,1,25,25,0.08296942710876465,0,True
Random_n25_43,Random,25,MS-SourceResolved-GA,1,25,25,0.023769617080688477,30,True
Random_n25_43,Random,25,MS-SourceResolved-GA,1,25,25,0.15221929550170898,0,True
Random_n25_43,Random,25,MS-SourceResolved-GA,1,25,25,0.08772993087768555,0,True
Random_n25_43,Random,25,MS-SourceResolved-GA,1,25,25,0.033974409103393555,43,True
Random_n25_44,Random,25,SourceResolved-GA,1,25,25,0.024411439895629883,11,True
Random_n25_44,Random,25,SourceResolved-GA,1,25,25,0.0023725032806396484,0,True
Random_n25_44,Random,25,SourceResolved-GA,1,25,25,0.0043179988861083984,1,True
Random_n25_44,Random,25,SourceResolved-GA,1,25,25,0.08220744132995605,40,True
Random_n25_44,Random,25,SourceResolved-GA,0,24,24,0.7178566455841064,200,True
Random_n25_44,Random,25,SourceResolved-GA,1,25,25,0.08225059509277344,17,True
Random_n25_44,Random,25,SourceResolved-GA,1,25,25,0.005147695541381836,0,True
Random_n25_44,Random,25,SourceResolved-GA,1,25,25,0.005186796188354492,0,True
Random_n25_44,Random,25,SourceResolved-GA,1,25,25,0.0050411224365234375,0,True
Random_n25_44,Random,25,SourceResolved-GA,1,25,25,0.06884384155273438,27,True
Random_n25_44,Random,25,MS-SourceResolved-GA,1,25,25,0.046385765075683594,53,True
Random_n25_44,Random,25,MS-SourceResolved-GA,1,25,25,0.0900716781616211,0,True
Random_n25_44,Random,25,MS-SourceResolved-GA,1,25,25,0.09114575386047363,0,True
Random_n25_44,Random,25,MS-SourceResolved-GA,1,25,25,0.03755521774291992,43,True
Random_n25_44,Random,25,MS-SourceResolved-GA,1,25,25,0.07525229454040527,86,True
Random_n25_44,Random,25,MS-SourceResolved-GA,1,25,25,0.1289818286895752,17,True
Random_n25_44,Random,25,MS-SourceResolved-GA,1,25,25,0.22248506546020508,59,True
Random_n25_44,Random,25,MS-SourceResolved-GA,1,25,25,0.03926205635070801,49,True
Random_n25_44,Random,25,MS-SourceResolved-GA,1,25,25,0.08194088935852051,0,True
Random_n25_44,Random,25,MS-SourceResolved-GA,1,25,25,0.11951208114624023,18,True
Random_n25_17,Random,25,SourceResolved-GA,0,24,24,0.41031336784362793,200,True
Random_n25_17,Random,25,SourceResolved-GA,0,25,25,0.3985631465911865,200,True
Random_n25_17,Random,25,SourceResolved-GA,1,25,25,0.10940194129943848,53,True
Random_n25_17,Random,25,SourceResolved-GA,0,24,24,0.4015498161315918,200,True
Random_n25_17,Random,25,SourceResolved-GA,1,25,25,0.0024881362915039062,0,True
Random_n25_17,Random,25,SourceResolved-GA,1,25,25,0.0024018287658691406,0,True
Random_n25_17,Random,25,SourceResolved-GA,1,25,25,0.01843714714050293,8,True
Random_n25_17,Random,25,SourceResolved-GA,1,25,25,0.06417632102966309,30,True
Random_n25_17,Random,25,SourceResolved-GA,0,21,21,0.4048330783843994,200,True
Random_n25_17,Random,25,SourceResolved-GA,1,25,25,0.01827263832092285,8,True
Random_n25_17,Random,25,MS-SourceResolved-GA,0,25,25,0.3805239200592041,150,True
Random_n25_17,Random,25,MS-SourceResolved-GA,0,25,25,0.38891172409057617,150,True
Random_n25_17,Random,25,MS-SourceResolved-GA,1,25,25,0.09360146522521973,6,True
Random_n25_17,Random,25,MS-SourceResolved-GA,1,25,25,0.06187701225280762,79,True
Random_n25_17,Random,25,MS-SourceResolved-GA,0,25,25,0.3801872730255127,150,True
Random_n25_17,Random,25,MS-SourceResolved-GA,1,25,25,0.03413534164428711,43,True
Random_n25_17,Random,25,MS-SourceResolved-GA,0,24,24,0.38295888900756836,150,True
Random_n25_17,Random,25,MS-SourceResolved-GA,1,25,25,0.1336987018585205,26,True
Random_n25_17,Random,25,MS-SourceResolved-GA,0,24,24,0.37895870208740234,150,True
Random_n25_17,Random,25,MS-SourceResolved-GA,1,25,25,0.14032649993896484,29,True
Random_n25_18,Random,25,SourceResolved-GA,1,25,25,0.002378702163696289,0,True
Random_n25_18,Random,25,SourceResolved-GA,1,25,25,0.0525813102722168,25,True
Random_n25_18,Random,25,SourceResolved-GA,1,25,25,0.036978960037231445,17,True
Random_n25_18,Random,25,SourceResolved-GA,1,25,25,0.0023772716522216797,0,True
Random_n25_18,Random,25,SourceResolved-GA,1,25,25,0.027240753173828125,10,True
Random_n25_18,Random,25,SourceResolved-GA,1,25,25,0.023052453994750977,10,True
Random_n25_18,Random,25,SourceResolved-GA,1,25,25,0.06291413307189941,30,True
Random_n25_18,Random,25,SourceResolved-GA,1,25,25,0.0023317337036132812,0,True
Random_n25_18,Random,25,SourceResolved-GA,1,25,25,0.03431844711303711,16,True
Random_n25_18,Random,25,SourceResolved-GA,1,25,25,0.0023741722106933594,0,True
Random_n25_18,Random,25,MS-SourceResolved-GA,1,25,25,0.025595664978027344,32,True
Random_n25_18,Random,25,MS-SourceResolved-GA,1,25,25,0.09412932395935059,6,True
Random_n25_18,Random,25,MS-SourceResolved-GA,1,25,25,0.14270257949829102,30,True
Random_n25_18,Random,25,MS-SourceResolved-GA,1,25,25,0.028194904327392578,36,True
Random_n25_18,Random,25,MS-SourceResolved-GA,1,25,25,0.08133673667907715,0,True
Random_n25_18,Random,25,MS-SourceResolved-GA,1,25,25,0.026386260986328125,33,True
Random_n25_18,Random,25,MS-SourceResolved-GA,1,25,25,0.15634799003601074,37,True
Random_n25_18,Random,25,MS-SourceResolved-GA,1,25,25,0.08210492134094238,0,True
Random_n25_18,Random,25,MS-SourceResolved-GA,1,25,25,0.08162283897399902,0,True
Random_n25_18,Random,25,MS-SourceResolved-GA,1,25,25,0.023131608963012695,29,True
Random_n25_19,Random,25,SourceResolved-GA,0,24,24,0.4032578468322754,200,True
Random_n25_19,Random,25,SourceResolved-GA,1,25,25,0.002428770065307617,0,True
Random_n25_19,Random,25,SourceResolved-GA,1,25,25,0.15456557273864746,76,True
Random_n25_19,Random,25,SourceResolved-GA,1,25,25,0.0024085044860839844,0,True
Random_n25_19,Random,25,SourceResolved-GA,1,25,25,0.03503108024597168,16,True
Random_n25_19,Random,25,SourceResolved-GA,0,24,24,0.40218472480773926,200,True
Random_n25_19,Random,25,SourceResolved-GA,0,25,25,0.3989129066467285,200,True
Random_n25_19,Random,25,SourceResolved-GA,1,25,25,0.0023031234741210938,0,True
Random_n25_19,Random,25,SourceResolved-GA,1,25,25,0.002310514450073242,0,True
Random_n25_19,Random,25,SourceResolved-GA,1,25,25,0.002316713333129883,0,True
Random_n25_19,Random,25,MS-SourceResolved-GA,0,24,24,0.44576573371887207,150,True
Random_n25_19,Random,25,MS-SourceResolved-GA,1,25,25,0.15187811851501465,35,True
Random_n25_19,Random,25,MS-SourceResolved-GA,1,25,25,0.08131742477416992,0,True
Random_n25_19,Random,25,MS-SourceResolved-GA,0,25,25,0.3814525604248047,150,True
Random_n25_19,Random,25,MS-SourceResolved-GA,1,25,25,0.14261603355407715,30,True
Random_n25_19,Random,25,MS-SourceResolved-GA,0,24,24,0.38034868240356445,150,True
Random_n25_19,Random,25,MS-SourceResolved-GA,0,17,17,0.38060760498046875,150,True
Random_n25_19,Random,25,MS-SourceResolved-GA,1,25,25,0.08789491653442383,3,True
Random_n25_19,Random,25,MS-SourceResolved-GA,1,25,25,0.08175063133239746,0,True
Random_n25_19,Random,25,MS-SourceResolved-GA,0,25,25,0.4567148685455322,150,True
Random_n25_20,Random,25,SourceResolved-GA,1,25,25,0.04057574272155762,19,True
Random_n25_20,Random,25,SourceResolved-GA,1,25,25,0.02461075782775879,11,True
Random_n25_20,Random,25,SourceResolved-GA,1,25,25,0.002334117889404297,0,True
Random_n25_20,Random,25,SourceResolved-GA,1,25,25,0.0023272037506103516,0,True
Random_n25_20,Random,25,SourceResolved-GA,1,25,25,0.01652979850769043,7,True
Random_n25_20,Random,25,SourceResolved-GA,1,25,25,0.002344369888305664,0,True
Random_n25_20,Random,25,SourceResolved-GA,1,25,25,0.03234362602233887,15,True
Random_n25_20,Random,25,SourceResolved-GA,1,25,25,0.004328012466430664,1,True
Random_n25_20,Random,25,SourceResolved-GA,0,25,25,0.6157534122467041,200,True
Random_n25_20,Random,25,SourceResolved-GA,1,25,25,0.09826779365539551,21,True
Random_n25_20,Random,25,MS-SourceResolved-GA,1,25,25,0.20299458503723145,5,True
Random_n25_20,Random,25,MS-SourceResolved-GA,1,25,25,0.18049097061157227,0,True
Random_n25_20,Random,25,MS-SourceResolved-GA,1,25,25,0.18139100074768066,0,True
Random_n25_20,Random,25,MS-SourceResolved-GA,1,25,25,0.2377021312713623,13,True
Random_n25_20,Random,25,MS-SourceResolved-GA,1,25,25,0.1936173439025879,16,True
Random_n25_20,Random,25,MS-SourceResolved-GA,1,25,25,0.08157849311828613,0,True
Random_n25_20,Random,25,MS-SourceResolved-GA,1,25,25,0.08178329467773438,0,True
Random_n25_20,Random,25,MS-SourceResolved-GA,1,25,25,0.11423516273498535,16,True
Random_n25_20,Random,25,MS-SourceResolved-GA,1,25,25,0.10377120971679688,0,True
Random_n25_20,Random,25,MS-SourceResolved-GA,0,23,23,0.5079739093780518,150,True
Random_n25_1,Random,25,SourceResolved-GA,0,25,25,0.4039621353149414,200,True
Random_n25_1,Random,25,SourceResolved-GA,1,25,25,0.018270015716552734,8,True
Random_n25_1,Random,25,SourceResolved-GA,0,23,23,0.40374112129211426,200,True
Random_n25_1,Random,25,SourceResolved-GA,1,25,25,0.28368091583251953,140,True
Random_n25_1,Random,25,SourceResolved-GA,1,25,25,0.002422809600830078,0,True
Random_n25_1,Random,25,SourceResolved-GA,1,25,25,0.0022954940795898438,0,True
Random_n25_1,Random,25,SourceResolved-GA,1,25,25,0.002332925796508789,0,True
Random_n25_1,Random,25,SourceResolved-GA,0,25,25,0.4064147472381592,200,True
Random_n25_1,Random,25,SourceResolved-GA,1,25,25,0.05679440498352051,27,True
Random_n25_1,Random,25,SourceResolved-GA,1,25,25,0.07292675971984863,35,True
Random_n25_1,Random,25,MS-SourceResolved-GA,1,25,25,0.05585312843322754,64,True
Random_n25_1,Random,25,MS-SourceResolved-GA,0,24,24,0.38628196716308594,150,True
Random_n25_1,Random,25,MS-SourceResolved-GA,1,25,25,0.11608195304870605,16,True
Random_n25_1,Random,25,MS-SourceResolved-GA,1,25,25,0.08356976509094238,0,True
Random_n25_1,Random,25,MS-SourceResolved-GA,1,25,25,0.07922887802124023,99,True
Random_n25_1,Random,25,MS-SourceResolved-GA,1,25,25,0.0880894660949707,0,True
Random_n25_1,Random,25,MS-SourceResolved-GA,1,25,25,0.08171653747558594,0,True
Random_n25_1,Random,25,MS-SourceResolved-GA,1,25,25,0.12482380867004395,19,True
Random_n25_1,Random,25,MS-SourceResolved-GA,0,24,24,0.390183687210083,150,True
Random_n25_1,Random,25,MS-SourceResolved-GA,1,25,25,0.10530900955200195,11,True
Random_n25_2,Random,25,SourceResolved-GA,1,25,25,0.15655231475830078,75,True
Random_n25_2,Random,25,SourceResolved-GA,1,25,25,0.31525468826293945,148,True
Random_n25_2,Random,25,SourceResolved-GA,1,25,25,0.04865145683288574,23,True
Random_n25_2,Random,25,SourceResolved-GA,1,25,25,0.05603671073913574,26,True
Random_n25_2,Random,25,SourceResolved-GA,0,25,25,0.4058685302734375,200,True
Random_n25_2,Random,25,SourceResolved-GA,0,24,24,0.42754578590393066,200,True
Random_n25_2,Random,25,SourceResolved-GA,1,25,25,0.0022912025451660156,0,True
Random_n25_2,Random,25,SourceResolved-GA,1,25,25,0.002372264862060547,0,True
Random_n25_2,Random,25,SourceResolved-GA,0,24,24,0.4110536575317383,200,True
Random_n25_2,Random,25,SourceResolved-GA,1,25,25,0.0023446083068847656,0,True
Random_n25_2,Random,25,MS-SourceResolved-GA,1,25,25,0.08150625228881836,0,True
Random_n25_2,Random,25,MS-SourceResolved-GA,1,25,25,0.08175063133239746,0,True
Random_n25_2,Random,25,MS-SourceResolved-GA,1,25,25,0.08166956901550293,0,True
Random_n25_2,Random,25,MS-SourceResolved-GA,1,25,25,0.10163521766662598,10,True
Random_n25_2,Random,25,MS-SourceResolved-GA,0,25,25,0.38483762741088867,150,True
Random_n25_2,Random,25,MS-SourceResolved-GA,0,22,22,0.38175249099731445,150,True
Random_n25_2,Random,25,MS-SourceResolved-GA,1,25,25,0.11725330352783203,17,True
Random_n25_2,Random,25,MS-SourceResolved-GA,1,25,25,0.08248734474182129,0,True
Random_n25_2,Random,25,MS-SourceResolved-GA,1,25,25,0.02621936798095703,33,True
Random_n25_2,Random,25,MS-SourceResolved-GA,1,25,25,0.08221554756164551,0,True
Random_n25_3,Random,25,SourceResolved-GA,0,20,20,0.4007253646850586,200,True
Random_n25_3,Random,25,SourceResolved-GA,0,17,17,0.42212748527526855,200,True
Random_n25_3,Random,25,SourceResolved-GA,1,25,25,0.0664670467376709,32,True
Random_n25_3,Random,25,SourceResolved-GA,1,25,25,0.002315521240234375,0,True
Random_n25_3,Random,25,SourceResolved-GA,0,18,18,0.4045538902282715,200,True
Random_n25_3,Random,25,SourceResolved-GA,1,25,25,0.11008048057556152,53,True
Random_n25_3,Random,25,SourceResolved-GA,0,15,15,0.40405726432800293,200,True
Random_n25_3,Random,25,SourceResolved-GA,0,18,18,0.4024779796600342,200,True
Random_n25_3,Random,25,SourceResolved-GA,0,20,20,0.4000089168548584,200,True
Random_n25_3,Random,25,SourceResolved-GA,0,25,25,0.4094257354736328,200,True
Random_n25_3,Random,25,MS-SourceResolved-GA,1,25,25,0.22123408317565918,66,True
Random_n25_3,Random,25,MS-SourceResolved-GA,0,25,25,0.388791561126709,150,True
Random_n25_3,Random,25,MS-SourceResolved-GA,0,24,24,0.3817784786224365,150,True
Random_n25_3,Random,25,MS-SourceResolved-GA,1,25,25,0.21514344215393066,61,True
Random_n25_3,Random,25,MS-SourceResolved-GA,1,25,25,0.22989201545715332,73,True
Random_n25_3,Random,25,MS-SourceResolved-GA,0,23,23,0.38178133964538574,150,True
Random_n25_3,Random,25,MS-SourceResolved-GA,0,18,18,0.3958287239074707,150,True
Random_n25_3,Random,25,MS-SourceResolved-GA,1,25,25,0.295269250869751,100,True
Random_n25_3,Random,25,MS-SourceResolved-GA,0,25,25,0.8449842929840088,150,True
Random_n25_3,Random,25,MS-SourceResolved-GA,1,25,25,0.24500250816345215,52,True
Random_n25_4,Random,25,SourceResolved-GA,1,25,25,0.0028705596923828125,0,True
Random_n25_4,Random,25,SourceResolved-GA,1,25,25,0.05652880668640137,24,True
Random_n25_4,Random,25,SourceResolved-GA,1,25,25,0.06614947319030762,28,True
Random_n25_4,Random,25,SourceResolved-GA,1,25,25,0.09048962593078613,39,True
Random_n25_4,Random,25,SourceResolved-GA,0,24,24,0.40285277366638184,200,True
Random_n25_4,Random,25,SourceResolved-GA,1,25,25,0.10281848907470703,48,True
Random_n25_4,Random,25,SourceResolved-GA,1,25,25,0.036150455474853516,15,True
Random_n25_4,Random,25,SourceResolved-GA,1,25,25,0.23375177383422852,108,True
Random_n25_4,Random,25,SourceResolved-GA,1,25,25,0.05326533317565918,25,True
Random_n25_4,Random,25,SourceResolved-GA,1,25,25,0.10715413093566895,52,True
Random_n25_4,Random,25,MS-SourceResolved-GA,0,24,24,0.4092998504638672,150,True
Random_n25_4,Random,25,MS-SourceResolved-GA,1,25,25,0.03986167907714844,46,True
Random_n25_4,Random,25,MS-SourceResolved-GA,1,25,25,0.09073829650878906,0,True
Random_n25_4,Random,25,MS-SourceResolved-GA,1,25,25,0.09238171577453613,0,True
Random_n25_4,Random,25,MS-SourceResolved-GA,1,25,25,0.10529065132141113,6,True
Random_n25_4,Random,25,MS-SourceResolved-GA,1,25,25,0.0908975601196289,0,True
Random_n25_4,Random,25,MS-SourceResolved-GA,1,25,25,0.026472091674804688,30,True
Random_n25_4,Random,25,MS-SourceResolved-GA,1,25,25,0.1590251922607422,29,True
Random_n25_4,Random,25,MS-SourceResolved-GA,1,25,25,0.12118983268737793,13,True
Random_n25_4,Random,25,MS-SourceResolved-GA,1,25,25,0.13763213157653809,20,True
Random_n25_9,Random,25,SourceResolved-GA,1,25,25,0.04268002510070801,20,True
Random_n25_9,Random,25,SourceResolved-GA,0,25,25,0.4044632911682129,200,True
Random_n25_9,Random,25,SourceResolved-GA,1,25,25,0.002337932586669922,0,True
Random_n25_9,Random,25,SourceResolved-GA,0,24,24,0.40078258514404297,200,True
Random_n25_9,Random,25,SourceResolved-GA,1,25,25,0.0024738311767578125,0,True
Random_n25_9,Random,25,SourceResolved-GA,1,25,25,0.06695079803466797,32,True
Random_n25_9,Random,25,SourceResolved-GA,0,23,23,0.4052135944366455,200,True
Random_n25_9,Random,25,SourceResolved-GA,0,23,23,0.40435004234313965,200,True
Random_n25_9,Random,25,SourceResolved-GA,1,25,25,0.0023517608642578125,0,True
Random_n25_9,Random,25,SourceResolved-GA,0,24,24,0.4024474620819092,200,True
Random_n25_9,Random,25,MS-SourceResolved-GA,1,25,25,0.10155081748962402,10,True
Random_n25_9,Random,25,MS-SourceResolved-GA,1,25,25,0.1670548915863037,42,True
Random_n25_9,Random,25,MS-SourceResolved-GA,1,25,25,0.10412025451660156,11,True
Random_n25_9,Random,25,MS-SourceResolved-GA,1,25,25,0.1736609935760498,45,True
Random_n25_9,Random,25,MS-SourceResolved-GA,1,25,25,0.12348127365112305,20,True
Random_n25_9,Random,25,MS-SourceResolved-GA,0,23,23,0.38544344902038574,150,True
Random_n25_9,Random,25,MS-SourceResolved-GA,1,25,25,0.11184477806091309,15,True
Random_n25_9,Random,25,MS-SourceResolved-GA,0,25,25,0.3811509609222412,150,True
Random_n25_9,Random,25,MS-SourceResolved-GA,0,24,24,0.38370776176452637,150,True
Random_n25_9,Random,25,MS-SourceResolved-GA,1,25,25,0.15049529075622559,34,True
Random_n25_10,Random,25,SourceResolved-GA,0,23,23,0.4083383083343506,200,True
Random_n25_10,Random,25,SourceResolved-GA,1,25,25,0.08584451675415039,41,True
Random_n25_10,Random,25,SourceResolved-GA,1,25,25,0.03286314010620117,15,True
Random_n25_10,Random,25,SourceResolved-GA,1,25,25,0.19370460510253906,95,True
Random_n25_10,Random,25,SourceResolved-GA,0,23,23,0.4071536064147949,200,True
Random_n25_10,Random,25,SourceResolved-GA,0,24,24,0.4041452407836914,200,True
Random_n25_10,Random,25,SourceResolved-GA,1,25,25,0.002278566360473633,0,True
Random_n25_10,Random,25,SourceResolved-GA,1,25,25,0.04948830604553223,23,True
Random_n25_10,Random,25,SourceResolved-GA,1,25,25,0.0923318862915039,44,True
Random_n25_10,Random,25,SourceResolved-GA,0,24,24,0.4071469306945801,200,True
Random_n25_10,Random,25,MS-SourceResolved-GA,1,25,25,0.08255243301391602,0,True
Random_n25_10,Random,25,MS-SourceResolved-GA,1,25,25,0.056363821029663086,71,True
Random_n25_10,Random,25,MS-SourceResolved-GA,1,25,25,0.08282804489135742,0,True
Random_n25_10,Random,25,MS-SourceResolved-GA,0,25,25,0.38575220108032227,150,True
Random_n25_10,Random,25,MS-SourceResolved-GA,0,23,23,0.3847692012786865,150,True
Random_n25_10,Random,25,MS-SourceResolved-GA,0,22,22,0.38669252395629883,150,True
Random_n25_10,Random,25,MS-SourceResolved-GA,0,23,23,0.4452390670776367,150,True
Random_n25_10,Random,25,MS-SourceResolved-GA,1,25,25,0.17670035362243652,47,True
Random_n25_10,Random,25,MS-SourceResolved-GA,1,25,25,0.11812114715576172,18,True
Random_n25_10,Random,25,MS-SourceResolved-GA,1,25,25,0.1468644142150879,32,True
Random_n25_11,Random,25,SourceResolved-GA,1,25,25,0.0023260116577148438,0,True
Random_n25_11,Random,25,SourceResolved-GA,0,25,25,0.4015829563140869,200,True
Random_n25_11,Random,25,SourceResolved-GA,1,25,25,0.03464007377624512,16,True
Random_n25_11,Random,25,SourceResolved-GA,1,25,25,0.0023458003997802734,0,True
Random_n25_11,Random,25,SourceResolved-GA,1,25,25,0.062835693359375,30,True
Random_n25_11,Random,25,SourceResolved-GA,1,25,25,0.002325296401977539,0,True
Random_n25_11,Random,25,SourceResolved-GA,1,25,25,0.020338773727416992,9,True
Random_n25_11,Random,25,SourceResolved-GA,1,25,25,0.05110621452331543,24,True
Random_n25_11,Random,25,SourceResolved-GA,0,25,25,0.4008901119232178,200,True
Random_n25_11,Random,25,SourceResolved-GA,0,24,24,0.40239787101745605,200,True
Random_n25_11,Random,25,MS-SourceResolved-GA,1,25,25,0.04868888854980469,62,True
Random_n25_11,Random,25,MS-SourceResolved-GA,1,25,25,0.028683185577392578,36,True
Random_n25_11,Random,25,MS-SourceResolved-GA,0,24,24,0.45843982696533203,150,True
Random_n25_11,Random,25,MS-SourceResolved-GA,1,25,25,0.08225154876708984,0,True
Random_n25_11,Random,25,MS-SourceResolved-GA,1,25,25,0.08387446403503418,0,True
Random_n25_11,Random,25,MS-SourceResolved-GA,1,25,25,0.09991288185119629,0,True
Random_n25_11,Random,25,MS-SourceResolved-GA,1,25,25,0.22701668739318848,11,True
Random_n25_11,Random,25,MS-SourceResolved-GA,1,25,25,0.05432534217834473,31,True
Random_n25_11,Random,25,MS-SourceResolved-GA,1,25,25,0.07055234909057617,41,True
Random_n25_11,Random,25,MS-SourceResolved-GA,1,25,25,0.07894444465637207,46,True
Random_n25_12,Random,25,SourceResolved-GA,1,25,25,0.005135536193847656,0,True
Random_n25_12,Random,25,SourceResolved-GA,1,25,25,0.11355113983154297,24,True
Random_n25_12,Random,25,SourceResolved-GA,1,25,25,0.005010366439819336,0,True
Random_n25_12,Random,25,SourceResolved-GA,1,25,25,0.005059957504272461,0,True
Random_n25_12,Random,25,SourceResolved-GA,1,25,25,0.004927158355712891,0,True
Random_n25_12,Random,25,SourceResolved-GA,1,25,25,0.15442109107971191,33,True
Random_n25_12,Random,25,SourceResolved-GA,1,25,25,0.0050890445709228516,0,True
Random_n25_12,Random,25,SourceResolved-GA,1,25,25,0.1453843116760254,31,True
Random_n25_12,Random,25,SourceResolved-GA,1,25,25,0.005094051361083984,0,True
Random_n25_12,Random,25,SourceResolved-GA,1,25,25,0.2043147087097168,44,True
Random_n25_12,Random,25,MS-SourceResolved-GA,0,23,23,0.500368595123291,150,True
Random_n25_12,Random,25,MS-SourceResolved-GA,0,24,24,0.5343358516693115,150,True
Random_n25_12,Random,25,MS-SourceResolved-GA,1,25,25,0.13209891319274902,25,True
Random_n25_12,Random,25,MS-SourceResolved-GA,1,25,25,0.23475217819213867,21,True
Random_n25_12,Random,25,MS-SourceResolved-GA,1,25,25,0.22779536247253418,11,True
Random_n25_12,Random,25,MS-SourceResolved-GA,0,23,23,0.8575522899627686,150,True
Random_n25_12,Random,25,MS-SourceResolved-GA,1,25,25,0.35323643684387207,39,True
Random_n25_12,Random,25,MS-SourceResolved-GA,1,25,25,0.2984437942504883,27,True
Random_n25_12,Random,25,MS-SourceResolved-GA,0,21,21,0.840933084487915,150,True
Random_n25_12,Random,25,MS-SourceResolved-GA,1,25,25,0.17984890937805176,0,True
Random_n20_45,Random,20,SourceResolved-GA,1,20,20,0.044809818267822266,25,True
Random_n20_45,Random,20,SourceResolved-GA,1,20,20,0.029296398162841797,16,True
Random_n20_45,Random,20,SourceResolved-GA,1,20,20,0.03453683853149414,19,True
Random_n20_45,Random,20,SourceResolved-GA,0,16,16,0.346637487411499,200,True
Random_n20_45,Random,20,SourceResolved-GA,0,18,18,0.3514406681060791,200,True
Random_n20_45,Random,20,SourceResolved-GA,0,16,16,0.3465704917907715,200,True
Random_n20_45,Random,20,SourceResolved-GA,1,20,20,0.059125661849975586,33,True
Random_n20_45,Random,20,SourceResolved-GA,1,20,20,0.041778564453125,23,True
Random_n20_45,Random,20,SourceResolved-GA,0,20,20,0.3426401615142822,200,True
Random_n20_45,Random,20,SourceResolved-GA,1,20,20,0.001905679702758789,0,True
Random_n20_45,Random,20,MS-SourceResolved-GA,1,20,20,0.13738298416137695,34,True
Random_n20_45,Random,20,MS-SourceResolved-GA,0,18,18,0.3281526565551758,150,True
Random_n20_45,Random,20,MS-SourceResolved-GA,1,20,20,0.07084083557128906,0,True
Random_n20_45,Random,20,MS-SourceResolved-GA,1,20,20,0.15651488304138184,50,True
Random_n20_45,Random,20,MS-SourceResolved-GA,1,20,20,0.07109570503234863,0,True
Random_n20_45,Random,20,MS-SourceResolved-GA,1,20,20,0.027340412139892578,40,True
Random_n20_45,Random,20,MS-SourceResolved-GA,1,20,20,0.07051277160644531,0,True
Random_n20_45,Random,20,MS-SourceResolved-GA,1,20,20,0.13991665840148926,39,True
Random_n20_45,Random,20,MS-SourceResolved-GA,0,11,11,0.3344156742095947,150,True
Random_n20_45,Random,20,MS-SourceResolved-GA,1,20,20,0.07122659683227539,0,True
Random_n20_46,Random,20,SourceResolved-GA,0,19,19,0.3468301296234131,200,True
Random_n20_46,Random,20,SourceResolved-GA,1,20,20,0.0018932819366455078,0,True
Random_n20_46,Random,20,SourceResolved-GA,0,11,11,0.3493068218231201,200,True
Random_n20_46,Random,20,SourceResolved-GA,0,19,19,0.3490030765533447,200,True
Random_n20_46,Random,20,SourceResolved-GA,0,18,18,0.3446013927459717,200,True
Random_n20_46,Random,20,SourceResolved-GA,1,20,20,0.05971479415893555,33,True
Random_n20_46,Random,20,SourceResolved-GA,0,19,19,0.3481874465942383,200,True
Random_n20_46,Random,20,SourceResolved-GA,1,20,20,0.0018939971923828125,0,True
Random_n20_46,Random,20,SourceResolved-GA,1,20,20,0.03815650939941406,21,True
Random_n20_46,Random,20,SourceResolved-GA,1,20,20,0.045546770095825195,25,True
Random_n20_46,Random,20,MS-SourceResolved-GA,1,20,20,0.0914919376373291,11,True
Random_n20_46,Random,20,MS-SourceResolved-GA,1,20,20,0.09688615798950195,15,True
Random_n20_46,Random,20,MS-SourceResolved-GA,1,20,20,0.09549546241760254,14,True
Random_n20_46,Random,20,MS-SourceResolved-GA,1,20,20,0.07647943496704102,3,True
Random_n20_46,Random,20,MS-SourceResolved-GA,0,19,19,0.33098506927490234,150,True
Random_n20_46,Random,20,MS-SourceResolved-GA,0,19,19,0.33083462715148926,150,True
Random_n20_46,Random,20,MS-SourceResolved-GA,1,20,20,0.07218551635742188,0,True
Random_n20_46,Random,20,MS-SourceResolved-GA,0,20,20,0.33275437355041504,150,True
Random_n20_46,Random,20,MS-SourceResolved-GA,0,20,20,0.3328127861022949,150,True
Random_n20_46,Random,20,MS-SourceResolved-GA,1,20,20,0.1337568759918213,36,True
Random_n20_47,Random,20,SourceResolved-GA,0,19,19,0.34694981575012207,200,True
Random_n20_47,Random,20,SourceResolved-GA,1,20,20,0.04524517059326172,25,True
Random_n20_47,Random,20,SourceResolved-GA,0,19,19,0.3444855213165283,200,True
Random_n20_47,Random,20,SourceResolved-GA,0,19,19,0.34654712677001953,200,True
Random_n20_47,Random,20,SourceResolved-GA,0,13,13,0.34201717376708984,200,True
Random_n20_47,Random,20,SourceResolved-GA,0,19,19,0.348036527633667,200,True
Random_n20_47,Random,20,SourceResolved-GA,0,18,18,0.3445711135864258,200,True
Random_n20_47,Random,20,SourceResolved-GA,0,15,15,0.3455634117126465,200,True
Random_n20_47,Random,20,SourceResolved-GA,1,20,20,0.0019698143005371094,0,True
Random_n20_47,Random,20,SourceResolved-GA,1,20,20,0.059034109115600586,33,True
Random_n20_47,Random,20,MS-SourceResolved-GA,1,20,20,0.07105708122253418,0,True
Random_n20_47,Random,20,MS-SourceResolved-GA,1,20,20,0.09986495971679688,16,True
Random_n20_47,Random,20,MS-SourceResolved-GA,1,20,20,0.22263097763061523,88,True
Random_n20_47,Random,20,MS-SourceResolved-GA,1,20,20,0.010527610778808594,15,True
Random_n20_47,Random,20,MS-SourceResolved-GA,0,19,19,0.3269472122192383,150,True
Random_n20_47,Random,20,MS-SourceResolved-GA,1,20,20,0.05727958679199219,83,True
Random_n20_47,Random,20,MS-SourceResolved-GA,1,20,20,0.03354787826538086,48,True
Random_n20_47,Random,20,MS-SourceResolved-GA,1,20,20,0.12498092651367188,31,True
Random_n20_47,Random,20,MS-SourceResolved-GA,1,20,20,0.10967683792114258,22,True
Random_n20_47,Random,20,MS-SourceResolved-GA,1,20,20,0.07251977920532227,0,True
Random_n20_48,Random,20,SourceResolved-GA,0,12,12,0.35082578659057617,200,True
Random_n20_48,Random,20,SourceResolved-GA,0,15,15,0.34342527389526367,200,True
Random_n20_48,Random,20,SourceResolved-GA,0,19,19,0.34775638580322266,200,True
Random_n20_48,Random,20,SourceResolved-GA,0,18,18,0.34671449661254883,200,True
Random_n20_48,Random,20,SourceResolved-GA,0,18,18,0.35001420974731445,200,True
Random_n20_48,Random,20,SourceResolved-GA,0,20,20,0.3643174171447754,200,True
Random_n20_48,Random,20,SourceResolved-GA,0,12,12,0.34677553176879883,200,True
Random_n20_48,Random,20,SourceResolved-GA,0,19,19,0.4195990562438965,200,True
Random_n20_48,Random,20,SourceResolved-GA,0,11,11,0.5389273166656494,200,True
Random_n20_48,Random,20,SourceResolved-GA,0,16,16,0.7666096687316895,200,True
Random_n20_48,Random,20,MS-SourceResolved-GA,0,16,16,0.49837827682495117,150,True
Random_n20_48,Random,20,MS-SourceResolved-GA,0,14,14,0.479917049407959,150,True
Random_n20_48,Random,20,MS-SourceResolved-GA,0,19,19,0.3478739261627197,150,True
Random_n20_48,Random,20,MS-SourceResolved-GA,0,17,17,0.7186203002929688,150,True
Random_n20_48,Random,20,MS-SourceResolved-GA,0,12,12,0.7257835865020752,150,True
Random_n20_48,Random,20,MS-SourceResolved-GA,0,20,20,0.7199172973632812,150,True
Random_n20_48,Random,20,MS-SourceResolved-GA,0,19,19,0.7189500331878662,150,True
Random_n20_48,Random,20,MS-SourceResolved-GA,0,17,17,0.4481232166290283,150,True
Random_n20_48,Random,20,MS-SourceResolved-GA,0,14,14,0.4675023555755615,150,True
Random_n20_48,Random,20,MS-SourceResolved-GA,0,15,15,0.682023286819458,150,True
Random_n25_49,Random,25,SourceResolved-GA,1,25,25,0.04901528358459473,23,True
Random_n25_49,Random,25,SourceResolved-GA,1,25,25,0.08739829063415527,42,True
Random_n25_49,Random,25,SourceResolved-GA,1,25,25,0.002434968948364258,0,True
Random_n25_49,Random,25,SourceResolved-GA,1,25,25,0.010463237762451172,4,True
Random_n25_49,Random,25,SourceResolved-GA,1,25,25,0.0023276805877685547,0,True
Random_n25_49,Random,25,SourceResolved-GA,0,25,25,0.39710164070129395,200,True
Random_n25_49,Random,25,SourceResolved-GA,0,25,25,0.397200345993042,200,True
Random_n25_49,Random,25,SourceResolved-GA,1,25,25,0.002340078353881836,0,True
Random_n25_49,Random,25,SourceResolved-GA,1,25,25,0.02838897705078125,13,True
Random_n25_49,Random,25,SourceResolved-GA,1,25,25,0.002347230911254883,0,True
Random_n25_49,Random,25,MS-SourceResolved-GA,1,25,25,0.08152318000793457,0,True
Random_n25_49,Random,25,MS-SourceResolved-GA,1,25,25,0.1425621509552002,30,True
Random_n25_49,Random,25,MS-SourceResolved-GA,1,25,25,0.031215190887451172,38,True
Random_n25_49,Random,25,MS-SourceResolved-GA,1,25,25,0.12918782234191895,21,True
Random_n25_49,Random,25,MS-SourceResolved-GA,1,25,25,0.08204221725463867,0,True
Random_n25_49,Random,25,MS-SourceResolved-GA,1,25,25,0.1198725700378418,19,True
Random_n25_49,Random,25,MS-SourceResolved-GA,1,25,25,0.03301644325256348,42,True
Random_n25_49,Random,25,MS-SourceResolved-GA,1,25,25,0.08158278465270996,0,True
Random_n25_49,Random,25,MS-SourceResolved-GA,1,25,25,0.14701604843139648,26,True
Random_n25_49,Random,25,MS-SourceResolved-GA,1,25,25,0.10358929634094238,0,True
Random_n25_50,Random,25,SourceResolved-GA,0,25,25,0.5229113101959229,200,True
Random_n25_50,Random,25,SourceResolved-GA,1,25,25,0.16731977462768555,36,True
Random_n25_50,Random,25,SourceResolved-GA,1,25,25,0.1784675121307373,61,True
Random_n25_50,Random,25,SourceResolved-GA,1,25,25,0.0027832984924316406,0,True
Random_n25_50,Random,25,SourceResolved-GA,1,25,25,0.05628180503845215,22,True
Random_n25_50,Random,25,SourceResolved-GA,0,23,23,0.5373053550720215,200,True
Random_n25_50,Random,25,SourceResolved-GA,1,25,25,0.010566949844360352,4,True
Random_n25_50,Random,25,SourceResolved-GA,1,25,25,0.016809463500976562,7,True
Random_n25_50,Random,25,SourceResolved-GA,1,25,25,0.13279962539672852,49,True
Random_n25_50,Random,25,SourceResolved-GA,1,25,25,0.08221769332885742,18,True
Random_n25_50,Random,25,MS-SourceResolved-GA,1,25,25,0.12247490882873535,0,True
Random_n25_50,Random,25,MS-SourceResolved-GA,1,25,25,0.1076500415802002,12,True
Random_n25_50,Random,25,MS-SourceResolved-GA,1,25,25,0.08966231346130371,4,True
Random_n25_50,Random,25,MS-SourceResolved-GA,1,25,25,0.08142805099487305,0,True
Random_n25_50,Random,25,MS-SourceResolved-GA,1,25,25,0.15645217895507812,36,True
Random_n25_50,Random,25,MS-SourceResolved-GA,1,25,25,0.07914614677429199,92,True
Random_n25_50,Random,25,MS-SourceResolved-GA,1,25,25,0.2099006175994873,29,True
Random_n25_50,Random,25,MS-SourceResolved-GA,1,25,25,0.17765092849731445,0,True
Random_n25_50,Random,25,MS-SourceResolved-GA,1,25,25,0.29395198822021484,26,True
Random_n25_50,Random,25,MS-SourceResolved-GA,1,25,25,0.14569377899169922,0,True
Random_n25_51,Random,25,SourceResolved-GA,1,25,25,0.0027549266815185547,0,True
Random_n25_51,Random,25,SourceResolved-GA,1,25,25,0.0666496753692627,28,True
Random_n25_51,Random,25,SourceResolved-GA,1,25,25,0.14760136604309082,51,True
Random_n25_51,Random,25,SourceResolved-GA,1,25,25,0.005063772201538086,0,True
Random_n25_51,Random,25,SourceResolved-GA,1,25,25,0.01381230354309082,2,True
Random_n25_51,Random,25,SourceResolved-GA,1,25,25,0.0048999786376953125,0,True
Random_n25_51,Random,25,SourceResolved-GA,1,25,25,0.004910707473754883,0,True
Random_n25_51,Random,25,SourceResolved-GA,1,25,25,0.005080223083496094,0,True
Random_n25_51,Random,25,SourceResolved-GA,1,25,25,0.004988908767700195,0,True
Random_n25_51,Random,25,SourceResolved-GA,1,25,25,0.004981040954589844,0,True
Random_n25_51,Random,25,MS-SourceResolved-GA,1,25,25,0.17861223220825195,0,True
Random_n25_51,Random,25,MS-SourceResolved-GA,1,25,25,0.3215062618255615,32,True
Random_n25_51,Random,25,MS-SourceResolved-GA,1,25,25,0.05842399597167969,34,True
Random_n25_51,Random,25,MS-SourceResolved-GA,0,21,21,0.5038681030273438,150,True
Random_n25_51,Random,25,MS-SourceResolved-GA,1,25,25,0.021863937377929688,25,True
Random_n25_51,Random,25,MS-SourceResolved-GA,1,25,25,0.2258462905883789,33,True
Random_n25_51,Random,25,MS-SourceResolved-GA,1,25,25,0.0903162956237793,0,True
Random_n25_51,Random,25,MS-SourceResolved-GA,1,25,25,0.10226202011108398,0,True
Random_n25_51,Random,25,MS-SourceResolved-GA,1,25,25,0.09948134422302246,0,True
Random_n25_51,Random,25,MS-SourceResolved-GA,1,25,25,0.037750959396362305,40,True
Random_n25_52,Random,25,SourceResolved-GA,1,25,25,0.018870830535888672,4,True
Random_n25_52,Random,25,SourceResolved-GA,1,25,25,0.046320438385009766,16,True
Random_n25_52,Random,25,SourceResolved-GA,1,25,25,0.1007847785949707,39,True
Random_n25_52,Random,25,SourceResolved-GA,1,25,25,0.05092144012451172,24,True
Random_n25_52,Random,25,SourceResolved-GA,1,25,25,0.04897308349609375,23,True
Random_n25_52,Random,25,SourceResolved-GA,1,25,25,0.00229644775390625,0,True
Random_n25_52,Random,25,SourceResolved-GA,1,25,25,0.054781436920166016,26,True
Random_n25_52,Random,25,SourceResolved-GA,1,25,25,0.02646946907043457,12,True
Random_n25_52,Random,25,SourceResolved-GA,1,25,25,0.0023033618927001953,0,True
Random_n25_52,Random,25,SourceResolved-GA,0,17,17,0.4182167053222656,200,True
Random_n25_52,Random,25,MS-SourceResolved-GA,1,25,25,0.08945870399475098,0,True
Random_n25_52,Random,25,MS-SourceResolved-GA,1,25,25,0.07702255249023438,89,True
Random_n25_52,Random,25,MS-SourceResolved-GA,1,25,25,0.12901949882507324,18,True
Random_n25_52,Random,25,MS-SourceResolved-GA,1,25,25,0.22156596183776855,52,True
Random_n25_52,Random,25,MS-SourceResolved-GA,0,25,25,0.4968578815460205,150,True
Random_n25_52,Random,25,MS-SourceResolved-GA,1,25,25,0.13776230812072754,18,True
Random_n25_52,Random,25,MS-SourceResolved-GA,1,25,25,0.15274500846862793,19,True
Random_n25_52,Random,25,MS-SourceResolved-GA,1,25,25,0.0503079891204834,49,True
Random_n25_52,Random,25,MS-SourceResolved-GA,1,25,25,0.1299731731414795,12,True
Random_n25_52,Random,25,MS-SourceResolved-GA,1,25,25,0.13955378532409668,0,True
Random_n25_37,Random,25,SourceResolved-GA,1,25,25,0.057951927185058594,28,True
Random_n25_37,Random,25,SourceResolved-GA,0,18,18,0.3981506824493408,200,True
Random_n25_37,Random,25,SourceResolved-GA,0,19,19,0.39947962760925293,200,True
Random_n25_37,Random,25,SourceResolved-GA,1,25,25,0.028551340103149414,13,True
Random_n25_37,Random,25,SourceResolved-GA,0,13,13,0.3999063968658447,200,True
Random_n25_37,Random,25,SourceResolved-GA,0,25,25,0.39621925354003906,200,True
Random_n25_37,Random,25,SourceResolved-GA,0,21,21,0.4003612995147705,200,True
Random_n25_37,Random,25,SourceResolved-GA,0,25,25,0.4002823829650879,200,True
Random_n25_37,Random,25,SourceResolved-GA,0,23,23,0.3994922637939453,200,True
Random_n25_37,Random,25,SourceResolved-GA,1,25,25,0.06470990180969238,31,True
Random_n25_37,Random,25,MS-SourceResolved-GA,1,25,25,0.11237215995788574,15,True
Random_n25_37,Random,25,MS-SourceResolved-GA,0,24,24,0.37923240661621094,150,True
Random_n25_37,Random,25,MS-SourceResolved-GA,1,25,25,0.12182831764221191,20,True
Random_n25_37,Random,25,MS-SourceResolved-GA,1,25,25,0.14628314971923828,32,True
Random_n25_37,Random,25,MS-SourceResolved-GA,0,24,24,0.38796186447143555,150,True
Random_n25_37,Random,25,MS-SourceResolved-GA,0,24,24,0.38032960891723633,150,True
Random_n25_37,Random,25,MS-SourceResolved-GA,1,25,25,0.03918862342834473,48,True
Random_n25_37,Random,25,MS-SourceResolved-GA,1,25,25,0.12503290176391602,22,True
Random_n25_37,Random,25,MS-SourceResolved-GA,0,25,25,0.3811657428741455,150,True
Random_n25_37,Random,25,MS-SourceResolved-GA,0,23,23,0.3805510997772217,150,True
Random_n25_38,Random,25,SourceResolved-GA,0,23,23,0.48117780685424805,200,True
Random_n25_38,Random,25,SourceResolved-GA,1,25,25,0.05433034896850586,18,True
Random_n25_38,Random,25,SourceResolved-GA,0,22,22,0.4375040531158447,200,True
Random_n25_38,Random,25,SourceResolved-GA,1,25,25,0.0024237632751464844,0,True
Random_n25_38,Random,25,SourceResolved-GA,1,25,25,0.04248762130737305,20,True
Random_n25_38,Random,25,SourceResolved-GA,1,25,25,0.06431031227111816,31,True
Random_n25_38,Random,25,SourceResolved-GA,1,25,25,0.0024023056030273438,0,True
Random_n25_38,Random,25,SourceResolved-GA,1,25,25,0.034107208251953125,16,True
Random_n25_38,Random,25,SourceResolved-GA,1,25,25,0.002325296401977539,0,True
Random_n25_38,Random,25,SourceResolved-GA,1,25,25,0.048380136489868164,23,True
Random_n25_38,Random,25,MS-SourceResolved-GA,1,25,25,0.05518531799316406,71,True
Random_n25_38,Random,25,MS-SourceResolved-GA,1,25,25,0.04464077949523926,57,True
Random_n25_38,Random,25,MS-SourceResolved-GA,1,25,25,0.18853163719177246,41,True
Random_n25_38,Random,25,MS-SourceResolved-GA,1,25,25,0.18763208389282227,16,True
Random_n25_38,Random,25,MS-SourceResolved-GA,1,25,25,0.1803913116455078,0,True
Random_n25_38,Random,25,MS-SourceResolved-GA,1,25,25,0.20634198188781738,42,True
Random_n25_38,Random,25,MS-SourceResolved-GA,1,25,25,0.09308123588562012,0,True
Random_n25_38,Random,25,MS-SourceResolved-GA,1,25,25,0.03961014747619629,41,True
Random_n25_38,Random,25,MS-SourceResolved-GA,1,25,25,0.34554505348205566,42,True
Random_n25_38,Random,25,MS-SourceResolved-GA,1,25,25,0.11389327049255371,0,True
Random_n25_39,Random,25,SourceResolved-GA,1,25,25,0.002353668212890625,0,True
Random_n25_39,Random,25,SourceResolved-GA,0,25,25,0.4628934860229492,200,True
Random_n25_39,Random,25,SourceResolved-GA,1,25,25,0.005396366119384766,0,True
Random_n25_39,Random,25,SourceResolved-GA,1,25,25,0.1490764617919922,32,True
Random_n25_39,Random,25,SourceResolved-GA,1,25,25,0.06358599662780762,18,True
Random_n25_39,Random,25,SourceResolved-GA,1,25,25,0.004159450531005859,0,True
Random_n25_39,Random,25,SourceResolved-GA,0,24,24,0.6791691780090332,200,True
Random_n25_39,Random,25,SourceResolved-GA,1,25,25,0.004990339279174805,0,True
Random_n25_39,Random,25,SourceResolved-GA,1,25,25,0.05365729331970215,11,True
Random_n25_39,Random,25,SourceResolved-GA,0,24,24,0.6295003890991211,200,True
Random_n25_39,Random,25,MS-SourceResolved-GA,1,25,25,0.12343621253967285,10,True
Random_n25_39,Random,25,MS-SourceResolved-GA,0,22,22,0.4745767116546631,150,True
Random_n25_39,Random,25,MS-SourceResolved-GA,1,25,25,0.05277657508850098,60,True
Random_n25_39,Random,25,MS-SourceResolved-GA,0,25,25,0.42551112174987793,150,True
Random_n25_39,Random,25,MS-SourceResolved-GA,0,25,25,0.49587178230285645,150,True
Random_n25_39,Random,25,MS-SourceResolved-GA,1,25,25,0.326397180557251,28,True
Random_n25_39,Random,25,MS-SourceResolved-GA,1,25,25,0.2863881587982178,32,True
Random_n25_39,Random,25,MS-SourceResolved-GA,1,25,25,0.11132359504699707,15,True
Random_n25_39,Random,25,MS-SourceResolved-GA,1,25,25,0.08447480201721191,0,True
Random_n25_39,Random,25,MS-SourceResolved-GA,0,24,24,0.45752525329589844,150,True
Random_n25_40,Random,25,SourceResolved-GA,1,25,25,0.07924342155456543,28,True
Random_n25_40,Random,25,SourceResolved-GA,1,25,25,0.0026214122772216797,0,True
Random_n25_40,Random,25,SourceResolved-GA,1,25,25,0.0026781558990478516,0,True
Random_n25_40,Random,25,SourceResolved-GA,1,25,25,0.05641436576843262,23,True
Random_n25_40,Random,25,SourceResolved-GA,1,25,25,0.0037240982055664062,0,True
Random_n25_40,Random,25,SourceResolved-GA,1,25,25,0.0037565231323242188,0,True
Random_n25_40,Random,25,SourceResolved-GA,1,25,25,0.0032575130462646484,0,True
Random_n25_40,Random,25,SourceResolved-GA,1,25,25,0.0029175281524658203,0,True
Random_n25_40,Random,25,SourceResolved-GA,1,25,25,0.06950211524963379,27,True
Random_n25_40,Random,25,SourceResolved-GA,1,25,25,0.004113197326660156,0,True
Random_n25_40,Random,25,MS-SourceResolved-GA,1,25,25,0.08333587646484375,92,True
Random_n25_40,Random,25,MS-SourceResolved-GA,1,25,25,0.15656280517578125,21,True
Random_n25_40,Random,25,MS-SourceResolved-GA,1,25,25,0.03656196594238281,35,True
Random_n25_40,Random,25,MS-SourceResolved-GA,1,25,25,0.045754432678222656,35,True
Random_n25_40,Random,25,MS-SourceResolved-GA,1,25,25,0.0531764030456543,31,True
Random_n25_40,Random,25,MS-SourceResolved-GA,1,25,25,0.31108927726745605,30,True
Random_n25_40,Random,25,MS-SourceResolved-GA,1,25,25,0.17764067649841309,0,True
Random_n25_40,Random,25,MS-SourceResolved-GA,1,25,25,0.20878124237060547,7,True
Random_n25_40,Random,25,MS-SourceResolved-GA,1,25,25,0.05159902572631836,30,True
Random_n25_40,Random,25,MS-SourceResolved-GA,1,25,25,0.17559003829956055,0,True
Random_n25_13,Random,25,SourceResolved-GA,0,24,24,0.40549159049987793,200,True
Random_n25_13,Random,25,SourceResolved-GA,0,22,22,0.40343618392944336,200,True
Random_n25_13,Random,25,SourceResolved-GA,1,25,25,0.0023584365844726562,0,True
Random_n25_13,Random,25,SourceResolved-GA,1,25,25,0.024663448333740234,11,True
Random_n25_13,Random,25,SourceResolved-GA,1,25,25,0.043004751205444336,20,True
Random_n25_13,Random,25,SourceResolved-GA,1,25,25,0.04496479034423828,21,True
Random_n25_13,Random,25,SourceResolved-GA,1,25,25,0.0023348331451416016,0,True
Random_n25_13,Random,25,SourceResolved-GA,1,25,25,0.061533451080322266,29,True
Random_n25_13,Random,25,SourceResolved-GA,1,25,25,0.05115365982055664,24,True
Random_n25_13,Random,25,SourceResolved-GA,1,25,25,0.03253579139709473,15,True
Random_n25_13,Random,25,MS-SourceResolved-GA,1,25,25,0.11559295654296875,16,True
Random_n25_13,Random,25,MS-SourceResolved-GA,1,25,25,0.10079050064086914,9,True
Random_n25_13,Random,25,MS-SourceResolved-GA,1,25,25,0.11065244674682617,14,True
Random_n25_13,Random,25,MS-SourceResolved-GA,1,25,25,0.06666874885559082,85,True
Random_n25_13,Random,25,MS-SourceResolved-GA,1,25,25,0.13651251792907715,26,True
Random_n25_13,Random,25,MS-SourceResolved-GA,1,25,25,0.14540672302246094,31,True
Random_n25_13,Random,25,MS-SourceResolved-GA,1,25,25,0.08224797248840332,0,True
Random_n25_13,Random,25,MS-SourceResolved-GA,1,25,25,0.08269453048706055,0,True
Random_n25_13,Random,25,MS-SourceResolved-GA,1,25,25,0.018342971801757812,23,True
Random_n25_13,Random,25,MS-SourceResolved-GA,0,25,25,0.3862009048461914,150,True
Random_n25_14,Random,25,SourceResolved-GA,0,15,15,0.408843994140625,200,True
Random_n25_14,Random,25,SourceResolved-GA,1,25,25,0.03743124008178711,17,True
Random_n25_14,Random,25,SourceResolved-GA,1,25,25,0.027133941650390625,12,True
Random_n25_14,Random,25,SourceResolved-GA,1,25,25,0.05753588676452637,27,True
Random_n25_14,Random,25,SourceResolved-GA,1,25,25,0.12290191650390625,59,True
Random_n25_14,Random,25,SourceResolved-GA,1,25,25,0.030951976776123047,14,True
Random_n25_14,Random,25,SourceResolved-GA,1,25,25,0.10605955123901367,51,True
Random_n25_14,Random,25,SourceResolved-GA,1,25,25,0.03141498565673828,14,True
Random_n25_14,Random,25,SourceResolved-GA,0,25,25,0.41098904609680176,200,True
Random_n25_14,Random,25,SourceResolved-GA,1,25,25,0.002376556396484375,0,True
Random_n25_14,Random,25,MS-SourceResolved-GA,1,25,25,0.12251520156860352,20,True
Random_n25_14,Random,25,MS-SourceResolved-GA,0,19,19,0.38358259201049805,150,True
Random_n25_14,Random,25,MS-SourceResolved-GA,1,25,25,0.08208012580871582,0,True
Random_n25_14,Random,25,MS-SourceResolved-GA,0,22,22,0.38329076766967773,150,True
Random_n25_14,Random,25,MS-SourceResolved-GA,1,25,25,0.11086082458496094,14,True
Random_n25_14,Random,25,MS-SourceResolved-GA,1,25,25,0.1439058780670166,30,True
Random_n25_14,Random,25,MS-SourceResolved-GA,1,25,25,0.1745452880859375,45,True
Random_n25_14,Random,25,MS-SourceResolved-GA,1,25,25,0.15345191955566406,35,True
Random_n25_14,Random,25,MS-SourceResolved-GA,1,25,25,0.1565093994140625,36,True
Random_n25_14,Random,25,MS-SourceResolved-GA,1,25,25,0.11637592315673828,17,True
Random_n25_15,Random,25,SourceResolved-GA,1,25,25,0.07322216033935547,34,True
Random_n25_15,Random,25,SourceResolved-GA,0,25,25,0.4077944755554199,200,True
Random_n25_15,Random,25,SourceResolved-GA,0,13,13,0.4084663391113281,200,True
Random_n25_15,Random,25,SourceResolved-GA,1,25,25,0.07752084732055664,37,True
Random_n25_15,Random,25,SourceResolved-GA,0,23,23,0.40886926651000977,200,True
Random_n25_15,Random,25,SourceResolved-GA,0,22,22,0.4067976474761963,200,True
Random_n25_15,Random,25,SourceResolved-GA,0,25,25,0.4192643165588379,200,True
Random_n25_15,Random,25,SourceResolved-GA,0,20,20,0.4676964282989502,200,True
Random_n25_15,Random,25,SourceResolved-GA,1,25,25,0.0769655704498291,37,True
Random_n25_15,Random,25,SourceResolved-GA,0,14,14,0.41143250465393066,200,True
Random_n25_15,Random,25,MS-SourceResolved-GA,0,24,24,0.3834059238433838,150,True
Random_n25_15,Random,25,MS-SourceResolved-GA,0,23,23,0.38330793380737305,150,True
Random_n25_15,Random,25,MS-SourceResolved-GA,0,25,25,0.38673925399780273,150,True
Random_n25_15,Random,25,MS-SourceResolved-GA,1,25,25,0.1535799503326416,35,True
Random_n25_15,Random,25,MS-SourceResolved-GA,0,21,21,0.4638524055480957,150,True
Random_n25_15,Random,25,MS-SourceResolved-GA,0,21,21,0.5683941841125488,150,True
Random_n25_15,Random,25,MS-SourceResolved-GA,1,25,25,0.07390236854553223,43,True
Random_n25_15,Random,25,MS-SourceResolved-GA,0,22,22,0.8604550361633301,150,True
Random_n25_15,Random,25,MS-SourceResolved-GA,0,24,24,0.47568249702453613,150,True
Random_n25_15,Random,25,MS-SourceResolved-GA,1,25,25,0.3043344020843506,50,True
Random_n25_16,Random,25,SourceResolved-GA,1,25,25,0.07037997245788574,33,True
Random_n25_16,Random,25,SourceResolved-GA,1,25,25,0.041332244873046875,19,True
Random_n25_16,Random,25,SourceResolved-GA,1,25,25,0.0024025440216064453,0,True
Random_n25_16,Random,25,SourceResolved-GA,0,24,24,0.6931219100952148,200,True
Random_n25_16,Random,25,SourceResolved-GA,1,25,25,0.07706809043884277,16,True
Random_n25_16,Random,25,SourceResolved-GA,1,25,25,0.1404874324798584,30,True
Random_n25_16,Random,25,SourceResolved-GA,0,22,22,0.9109776020050049,200,True
Random_n25_16,Random,25,SourceResolved-GA,0,18,18,0.9002254009246826,200,True
Random_n25_16,Random,25,SourceResolved-GA,0,19,19,0.7258925437927246,200,True
Random_n25_16,Random,25,SourceResolved-GA,1,25,25,0.043439626693725586,20,True
Random_n25_16,Random,25,MS-SourceResolved-GA,1,25,25,0.061038970947265625,76,True
Random_n25_16,Random,25,MS-SourceResolved-GA,1,25,25,0.24343633651733398,22,True
Random_n25_16,Random,25,MS-SourceResolved-GA,1,25,25,0.1369168758392334,16,True
Random_n25_16,Random,25,MS-SourceResolved-GA,1,25,25,0.3250083923339844,58,True
Random_n25_16,Random,25,MS-SourceResolved-GA,1,25,25,0.17003202438354492,0,True
Random_n25_16,Random,25,MS-SourceResolved-GA,1,25,25,0.17900681495666504,0,True
Random_n25_16,Random,25,MS-SourceResolved-GA,0,22,22,0.8504195213317871,150,True
Random_n25_16,Random,25,MS-SourceResolved-GA,0,24,24,0.8132579326629639,150,True
Random_n25_16,Random,25,MS-SourceResolved-GA,1,25,25,0.3710362911224365,44,True
Random_n25_16,Random,25,MS-SourceResolved-GA,1,25,25,0.17800045013427734,0,True
Random_n25_33,Random,25,SourceResolved-GA,1,25,25,0.04450559616088867,21,True
Random_n25_33,Random,25,SourceResolved-GA,1,25,25,0.0023164749145507812,0,True
Random_n25_33,Random,25,SourceResolved-GA,1,25,25,0.0023469924926757812,0,True
Random_n25_33,Random,25,SourceResolved-GA,1,25,25,0.034531593322753906,16,True
Random_n25_33,Random,25,SourceResolved-GA,1,25,25,0.0987250804901123,48,True
Random_n25_33,Random,25,SourceResolved-GA,1,25,25,0.0023889541625976562,0,True
Random_n25_33,Random,25,SourceResolved-GA,1,25,25,0.0023462772369384766,0,True
Random_n25_33,Random,25,SourceResolved-GA,1,25,25,0.0023293495178222656,0,True
Random_n25_33,Random,25,SourceResolved-GA,1,25,25,0.07412528991699219,36,True
Random_n25_33,Random,25,SourceResolved-GA,1,25,25,0.0023641586303710938,0,True
Random_n25_33,Random,25,MS-SourceResolved-GA,1,25,25,0.11602663993835449,17,True
Random_n25_33,Random,25,MS-SourceResolved-GA,1,25,25,0.08208227157592773,0,True
Random_n25_33,Random,25,MS-SourceResolved-GA,1,25,25,0.04461550712585449,57,True
Random_n25_33,Random,25,MS-SourceResolved-GA,1,25,25,0.08279156684875488,0,True
Random_n25_33,Random,25,MS-SourceResolved-GA,1,25,25,0.1309523582458496,24,True
Random_n25_33,Random,25,MS-SourceResolved-GA,1,25,25,0.09723448753356934,8,True
Random_n25_33,Random,25,MS-SourceResolved-GA,1,25,25,0.13971233367919922,29,True
Random_n25_33,Random,25,MS-SourceResolved-GA,1,25,25,0.08100223541259766,0,True
Random_n25_33,Random,25,MS-SourceResolved-GA,1,25,25,0.11719369888305664,18,True
Random_n25_33,Random,25,MS-SourceResolved-GA,1,25,25,0.0818474292755127,0,True
Random_n25_34,Random,25,SourceResolved-GA,1,25,25,0.00844717025756836,3,True
Random_n25_34,Random,25,SourceResolved-GA,1,25,25,0.0447993278503418,21,True
Random_n25_34,Random,25,SourceResolved-GA,0,21,21,0.3997485637664795,200,True
Random_n25_34,Random,25,SourceResolved-GA,0,13,13,0.40599966049194336,200,True
Random_n25_34,Random,25,SourceResolved-GA,0,25,25,0.40160679817199707,200,True
Random_n25_34,Random,25,SourceResolved-GA,1,25,25,0.109466552734375,53,True
Random_n25_34,Random,25,SourceResolved-GA,0,24,24,0.3965640068054199,200,True
Random_n25_34,Random,25,SourceResolved-GA,1,25,25,0.08913445472717285,43,True
Random_n25_34,Random,25,SourceResolved-GA,0,14,14,0.4023125171661377,200,True
Random_n25_34,Random,25,SourceResolved-GA,0,24,24,0.39966273307800293,200,True
Random_n25_34,Random,25,MS-SourceResolved-GA,0,24,24,0.44689130783081055,150,True
Random_n25_34,Random,25,MS-SourceResolved-GA,1,25,25,0.08181595802307129,0,True
Random_n25_34,Random,25,MS-SourceResolved-GA,0,24,24,0.3796348571777344,150,True
Random_n25_34,Random,25,MS-SourceResolved-GA,0,21,21,0.3808901309967041,150,True
Random_n25_34,Random,25,MS-SourceResolved-GA,0,23,23,0.3783726692199707,150,True
Random_n25_34,Random,25,MS-SourceResolved-GA,0,24,24,0.38015103340148926,150,True
Random_n25_34,Random,25,MS-SourceResolved-GA,0,25,25,0.3829796314239502,150,True
Random_n25_34,Random,25,MS-SourceResolved-GA,1,25,25,0.07386612892150879,89,True
Random_n25_34,Random,25,MS-SourceResolved-GA,0,21,21,0.38367128372192383,150,True
Random_n25_34,Random,25,MS-SourceResolved-GA,0,20,20,0.42928338050842285,150,True
Random_n25_35,Random,25,SourceResolved-GA,1,25,25,0.002628803253173828,0,True
Random_n25_35,Random,25,SourceResolved-GA,1,25,25,0.07410264015197754,31,True
Random_n25_35,Random,25,SourceResolved-GA,1,25,25,0.08692741394042969,36,True
Random_n25_35,Random,25,SourceResolved-GA,1,25,25,0.004146099090576172,0,True
Random_n25_35,Random,25,SourceResolved-GA,0,15,15,0.5256593227386475,200,True
Random_n25_35,Random,25,SourceResolved-GA,1,25,25,0.05398702621459961,20,True
Random_n25_35,Random,25,SourceResolved-GA,1,25,25,0.0644679069519043,27,True
Random_n25_35,Random,25,SourceResolved-GA,1,25,25,0.10066676139831543,40,True
Random_n25_35,Random,25,SourceResolved-GA,0,25,25,0.43566465377807617,200,True
Random_n25_35,Random,25,SourceResolved-GA,1,25,25,0.07815361022949219,38,True
Random_n25_35,Random,25,MS-SourceResolved-GA,1,25,25,0.08885645866394043,0,True
Random_n25_35,Random,25,MS-SourceResolved-GA,0,25,25,0.42591238021850586,150,True
Random_n25_35,Random,25,MS-SourceResolved-GA,1,25,25,0.13928556442260742,22,True
Random_n25_35,Random,25,MS-SourceResolved-GA,1,25,25,0.09938359260559082,0,True
Random_n25_35,Random,25,MS-SourceResolved-GA,1,25,25,0.3614656925201416,109,True
Random_n25_35,Random,25,MS-SourceResolved-GA,1,25,25,0.19222211837768555,38,True
Random_n25_35,Random,25,MS-SourceResolved-GA,0,22,22,0.4509608745574951,150,True
Random_n25_35,Random,25,MS-SourceResolved-GA,1,25,25,0.16541266441345215,29,True
Random_n25_35,Random,25,MS-SourceResolved-GA,0,24,24,0.5009431838989258,150,True
Random_n25_35,Random,25,MS-SourceResolved-GA,1,25,25,0.18015003204345703,38,True
Random_n25_36,Random,25,SourceResolved-GA,0,23,23,0.6929612159729004,200,True
Random_n25_36,Random,25,SourceResolved-GA,1,25,25,0.0048770904541015625,0,True
Random_n25_36,Random,25,SourceResolved-GA,1,25,25,0.0699930191040039,21,True
Random_n25_36,Random,25,SourceResolved-GA,0,24,24,0.42725181579589844,200,True
Random_n25_36,Random,25,SourceResolved-GA,0,23,23,0.43958115577697754,200,True
Random_n25_36,Random,25,SourceResolved-GA,1,25,25,0.004112958908081055,0,True
Random_n25_36,Random,25,SourceResolved-GA,0,21,21,0.6362271308898926,200,True
Random_n25_36,Random,25,SourceResolved-GA,1,25,25,0.2455594539642334,50,True
Random_n25_36,Random,25,SourceResolved-GA,1,25,25,0.06604671478271484,13,True
Random_n25_36,Random,25,SourceResolved-GA,0,23,23,0.5454709529876709,200,True
Random_n25_36,Random,25,MS-SourceResolved-GA,1,25,25,0.16042852401733398,21,True
Random_n25_36,Random,25,MS-SourceResolved-GA,1,25,25,0.09915733337402344,0,True
Random_n25_36,Random,25,MS-SourceResolved-GA,0,24,24,0.4909024238586426,150,True
Random_n25_36,Random,25,MS-SourceResolved-GA,0,19,19,0.42580127716064453,150,True
Random_n25_36,Random,25,MS-SourceResolved-GA,1,25,25,0.036808013916015625,37,True
Random_n25_36,Random,25,MS-SourceResolved-GA,1,25,25,0.05071401596069336,54,True
Random_n25_36,Random,25,MS-SourceResolved-GA,0,23,23,0.44663453102111816,150,True
Random_n25_36,Random,25,MS-SourceResolved-GA,1,25,25,0.13749217987060547,16,True
Random_n25_36,Random,25,MS-SourceResolved-GA,1,25,25,0.18092036247253418,32,True
Random_n25_36,Random,25,MS-SourceResolved-GA,0,22,22,0.5270638465881348,150,True
Random_n25_45,Random,25,SourceResolved-GA,1,25,25,0.04088783264160156,19,True
Random_n25_45,Random,25,SourceResolved-GA,0,15,15,0.4026942253112793,200,True
Random_n25_45,Random,25,SourceResolved-GA,0,24,24,0.40485191345214844,200,True
Random_n25_45,Random,25,SourceResolved-GA,1,25,25,0.08159184455871582,39,True
Random_n25_45,Random,25,SourceResolved-GA,1,25,25,0.04039907455444336,19,True
Random_n25_45,Random,25,SourceResolved-GA,1,25,25,0.09749960899353027,47,True
Random_n25_45,Random,25,SourceResolved-GA,0,22,22,0.4777071475982666,200,True
Random_n25_45,Random,25,SourceResolved-GA,1,25,25,0.03261995315551758,15,True
Random_n25_45,Random,25,SourceResolved-GA,1,25,25,0.002367258071899414,0,True
Random_n25_45,Random,25,SourceResolved-GA,1,25,25,0.12586069107055664,61,True
Random_n25_45,Random,25,MS-SourceResolved-GA,1,25,25,0.03659868240356445,46,True
Random_n25_45,Random,25,MS-SourceResolved-GA,0,25,25,0.705930233001709,150,True
Random_n25_45,Random,25,MS-SourceResolved-GA,1,25,25,0.26021456718444824,18,True
Random_n25_45,Random,25,MS-SourceResolved-GA,1,25,25,0.6424221992492676,117,True
Random_n25_45,Random,25,MS-SourceResolved-GA,1,25,25,0.07735109329223633,99,True
Random_n25_45,Random,25,MS-SourceResolved-GA,1,25,25,0.06756019592285156,86,True
Random_n25_45,Random,25,MS-SourceResolved-GA,1,25,25,0.13045120239257812,24,True
Random_n25_45,Random,25,MS-SourceResolved-GA,1,25,25,0.2839186191558838,40,True
Random_n25_45,Random,25,MS-SourceResolved-GA,1,25,25,0.17420673370361328,31,True
Random_n25_45,Random,25,MS-SourceResolved-GA,1,25,25,0.12255167961120605,20,True
Random_n25_46,Random,25,SourceResolved-GA,1,25,25,0.0041844844818115234,0,True
Random_n25_46,Random,25,SourceResolved-GA,1,25,25,0.06129026412963867,14,True
Random_n25_46,Random,25,SourceResolved-GA,1,25,25,0.11733126640319824,26,True
Random_n25_46,Random,25,SourceResolved-GA,1,25,25,0.04081225395202637,8,True
Random_n25_46,Random,25,SourceResolved-GA,1,25,25,0.005042076110839844,0,True
Random_n25_46,Random,25,SourceResolved-GA,1,25,25,0.004925966262817383,0,True
Random_n25_46,Random,25,SourceResolved-GA,1,25,25,0.005107879638671875,0,True
Random_n25_46,Random,25,SourceResolved-GA,1,25,25,0.004929542541503906,0,True
Random_n25_46,Random,25,SourceResolved-GA,1,25,25,0.005057573318481445,0,True
Random_n25_46,Random,25,SourceResolved-GA,1,25,25,0.0050182342529296875,0,True
Random_n25_46,Random,25,MS-SourceResolved-GA,1,25,25,0.17978811264038086,0,True
Random_n25_46,Random,25,MS-SourceResolved-GA,1,25,25,0.1789412498474121,0,True
Random_n25_46,Random,25,MS-SourceResolved-GA,1,25,25,0.17956304550170898,0,True
Random_n25_46,Random,25,MS-SourceResolved-GA,1,25,25,0.28304529190063477,23,True
Random_n25_46,Random,25,MS-SourceResolved-GA,1,25,25,0.33633899688720703,35,True
Random_n25_46,Random,25,MS-SourceResolved-GA,1,25,25,0.07746028900146484,45,True
Random_n25_46,Random,25,MS-SourceResolved-GA,1,25,25,0.1812281608581543,0,True
Random_n25_46,Random,25,MS-SourceResolved-GA,1,25,25,0.27257347106933594,21,True
Random_n25_46,Random,25,MS-SourceResolved-GA,1,25,25,0.17757558822631836,0,True
Random_n25_46,Random,25,MS-SourceResolved-GA,1,25,25,0.1742396354675293,0,True
Random_n25_47,Random,25,SourceResolved-GA,1,25,25,0.005082130432128906,0,True
Random_n25_47,Random,25,SourceResolved-GA,1,25,25,0.09508657455444336,20,True
Random_n25_47,Random,25,SourceResolved-GA,0,22,22,0.7602429389953613,200,True
Random_n25_47,Random,25,SourceResolved-GA,1,25,25,0.0023488998413085938,0,True
Random_n25_47,Random,25,SourceResolved-GA,1,25,25,0.0023651123046875,0,True
Random_n25_47,Random,25,SourceResolved-GA,1,25,25,0.0024111270904541016,0,True
Random_n25_47,Random,25,SourceResolved-GA,1,25,25,0.002364635467529297,0,True
Random_n25_47,Random,25,SourceResolved-GA,1,25,25,0.00234222412109375,0,True
Random_n25_47,Random,25,SourceResolved-GA,1,25,25,0.03230142593383789,15,True
Random_n25_47,Random,25,SourceResolved-GA,1,25,25,0.002382516860961914,0,True
Random_n25_47,Random,25,MS-SourceResolved-GA,1,25,25,0.03476119041442871,43,True
Random_n25_47,Random,25,MS-SourceResolved-GA,1,25,25,0.022687673568725586,28,True
Random_n25_47,Random,25,MS-SourceResolved-GA,1,25,25,0.0915529727935791,89,True
Random_n25_47,Random,25,MS-SourceResolved-GA,1,25,25,0.2541463375091553,27,True
Random_n25_47,Random,25,MS-SourceResolved-GA,1,25,25,0.08232665061950684,0,True
Random_n25_47,Random,25,MS-SourceResolved-GA,1,25,25,0.09394454956054688,0,True
Random_n25_47,Random,25,MS-SourceResolved-GA,1,25,25,0.22649455070495605,12,True
Random_n25_47,Random,25,MS-SourceResolved-GA,1,25,25,0.05836057662963867,39,True
Random_n25_47,Random,25,MS-SourceResolved-GA,1,25,25,0.07251119613647461,42,True
Random_n25_47,Random,25,MS-SourceResolved-GA,0,24,24,0.8503131866455078,150,True
Random_n25_48,Random,25,SourceResolved-GA,1,25,25,0.005224943161010742,0,True
Random_n25_48,Random,25,SourceResolved-GA,1,25,25,0.18671083450317383,41,True
Random_n25_48,Random,25,SourceResolved-GA,1,25,25,0.004789113998413086,0,True
Random_n25_48,Random,25,SourceResolved-GA,1,25,25,0.00520777702331543,0,True
Random_n25_48,Random,25,SourceResolved-GA,1,25,25,0.026639461517333984,5,True
Random_n25_48,Random,25,SourceResolved-GA,0,25,25,0.861412525177002,200,True
Random_n25_48,Random,25,SourceResolved-GA,1,25,25,0.005000114440917969,0,True
Random_n25_48,Random,25,SourceResolved-GA,1,25,25,0.0049266815185546875,0,True
Random_n25_48,Random,25,SourceResolved-GA,1,25,25,0.004954814910888672,0,True
Random_n25_48,Random,25,SourceResolved-GA,1,25,25,0.062381744384765625,13,True
Random_n25_48,Random,25,MS-SourceResolved-GA,1,25,25,0.17545247077941895,0,True
Random_n25_48,Random,25,MS-SourceResolved-GA,1,25,25,0.3540964126586914,39,True
Random_n25_48,Random,25,MS-SourceResolved-GA,1,25,25,0.1776423454284668,0,True
Random_n25_48,Random,25,MS-SourceResolved-GA,1,25,25,0.27758312225341797,22,True
Random_n25_48,Random,25,MS-SourceResolved-GA,1,25,25,0.0652322769165039,38,True
Random_n25_48,Random,25,MS-SourceResolved-GA,1,25,25,0.17781996726989746,0,True
Random_n25_48,Random,25,MS-SourceResolved-GA,1,25,25,0.17568516731262207,0,True
Random_n25_48,Random,25,MS-SourceResolved-GA,1,25,25,0.06192970275878906,36,True
Random_n25_48,Random,25,MS-SourceResolved-GA,1,25,25,0.06009221076965332,35,True
Random_n25_48,Random,25,MS-SourceResolved-GA,1,25,25,0.04477667808532715,26,True
Random_n25_53,Random,25,SourceResolved-GA,1,25,25,0.08148956298828125,39,True
Random_n25_53,Random,25,SourceResolved-GA,1,25,25,0.0023741722106933594,0,True
Random_n25_53,Random,25,SourceResolved-GA,1,25,25,0.05444025993347168,26,True
Random_n25_53,Random,25,SourceResolved-GA,1,25,25,0.10632085800170898,52,True
Random_n25_53,Random,25,SourceResolved-GA,1,25,25,0.06318855285644531,30,True
Random_n25_53,Random,25,SourceResolved-GA,1,25,25,0.03688216209411621,17,True
Random_n25_53,Random,25,SourceResolved-GA,1,25,25,0.002430438995361328,0,True
Random_n25_53,Random,25,SourceResolved-GA,1,25,25,0.12771821022033691,62,True
Random_n25_53,Random,25,SourceResolved-GA,1,25,25,0.02079486846923828,9,True
Random_n25_53,Random,25,SourceResolved-GA,1,25,25,0.018847942352294922,8,True
Random_n25_53,Random,25,MS-SourceResolved-GA,1,25,25,0.08112812042236328,0,True
Random_n25_53,Random,25,MS-SourceResolved-GA,1,25,25,0.08120512962341309,0,True
Random_n25_53,Random,25,MS-SourceResolved-GA,1,25,25,0.20670247077941895,62,True
Random_n25_53,Random,25,MS-SourceResolved-GA,1,25,25,0.04877066612243652,49,True
Random_n25_53,Random,25,MS-SourceResolved-GA,1,25,25,0.20046615600585938,26,True
Random_n25_53,Random,25,MS-SourceResolved-GA,1,25,25,0.030102968215942383,38,True
Random_n25_53,Random,25,MS-SourceResolved-GA,1,25,25,0.04525876045227051,58,True
Random_n25_53,Random,25,MS-SourceResolved-GA,1,25,25,0.1568920612335205,37,True
Random_n25_53,Random,25,MS-SourceResolved-GA,1,25,25,0.19537115097045898,36,True
Random_n25_53,Random,25,MS-SourceResolved-GA,1,25,25,0.08321714401245117,49,True
Random_n25_54,Random,25,SourceResolved-GA,1,25,25,0.10742759704589844,23,True
Random_n25_54,Random,25,SourceResolved-GA,1,25,25,0.22014665603637695,48,True
Random_n25_54,Random,25,SourceResolved-GA,0,25,25,0.8694310188293457,200,True
Random_n25_54,Random,25,SourceResolved-GA,0,23,23,0.4561045169830322,200,True
Random_n25_54,Random,25,SourceResolved-GA,1,25,25,0.004937410354614258,0,True
Random_n25_54,Random,25,SourceResolved-GA,1,25,25,0.1761469841003418,39,True
Random_n25_54,Random,25,SourceResolved-GA,1,25,25,0.00244140625,0,True
Random_n25_54,Random,25,SourceResolved-GA,1,25,25,0.07482719421386719,36,True
Random_n25_54,Random,25,SourceResolved-GA,1,25,25,0.002347707748413086,0,True
Random_n25_54,Random,25,SourceResolved-GA,1,25,25,0.038834333419799805,18,True
Random_n25_54,Random,25,MS-SourceResolved-GA,1,25,25,0.08221077919006348,0,True
Random_n25_54,Random,25,MS-SourceResolved-GA,1,25,25,0.2127537727355957,37,True
Random_n25_54,Random,25,MS-SourceResolved-GA,1,25,25,0.2064037322998047,6,True
Random_n25_54,Random,25,MS-SourceResolved-GA,1,25,25,0.17963862419128418,0,True
Random_n25_54,Random,25,MS-SourceResolved-GA,1,25,25,0.18020892143249512,0,True
Random_n25_54,Random,25,MS-SourceResolved-GA,0,24,24,0.8462469577789307,150,True
Random_n25_54,Random,25,MS-SourceResolved-GA,1,25,25,0.34051060676574707,36,True
Random_n25_54,Random,25,MS-SourceResolved-GA,1,25,25,0.10236334800720215,60,True
Random_n25_54,Random,25,MS-SourceResolved-GA,1,25,25,0.3921685218811035,49,True
Random_n25_54,Random,25,MS-SourceResolved-GA,1,25,25,0.49803709983825684,71,True
Random_n25_55,Random,25,SourceResolved-GA,1,25,25,0.0050547122955322266,0,True
Random_n25_55,Random,25,SourceResolved-GA,1,25,25,0.04957437515258789,10,True
Random_n25_55,Random,25,SourceResolved-GA,0,23,23,0.5574309825897217,200,True
Random_n25_55,Random,25,SourceResolved-GA,1,25,25,0.1128702163696289,27,True
Random_n25_55,Random,25,SourceResolved-GA,0,25,25,0.6633877754211426,200,True
Random_n25_55,Random,25,SourceResolved-GA,1,25,25,0.28887200355529785,63,True
Random_n25_55,Random,25,SourceResolved-GA,1,25,25,0.08558344841003418,18,True
Random_n25_55,Random,25,SourceResolved-GA,1,25,25,0.16992449760437012,37,True
Random_n25_55,Random,25,SourceResolved-GA,1,25,25,0.004972219467163086,0,True
Random_n25_55,Random,25,SourceResolved-GA,1,25,25,0.14686965942382812,32,True
Random_n25_55,Random,25,MS-SourceResolved-GA,1,25,25,0.22265100479125977,10,True
Random_n25_55,Random,25,MS-SourceResolved-GA,1,25,25,0.38721752166748047,48,True
Random_n25_55,Random,25,MS-SourceResolved-GA,1,25,25,0.15012836456298828,0,True
Random_n25_55,Random,25,MS-SourceResolved-GA,1,25,25,0.19423699378967285,4,True
Random_n25_55,Random,25,MS-SourceResolved-GA,1,25,25,0.3494608402252197,39,True
Random_n25_55,Random,25,MS-SourceResolved-GA,1,25,25,0.11318826675415039,66,True
Random_n25_55,Random,25,MS-SourceResolved-GA,1,25,25,0.3210725784301758,32,True
Random_n25_55,Random,25,MS-SourceResolved-GA,1,25,25,0.2806131839752197,23,True
Random_n25_55,Random,25,MS-SourceResolved-GA,1,25,25,0.1353776454925537,79,True
Random_n25_55,Random,25,MS-SourceResolved-GA,1,25,25,0.08576083183288574,50,True
Random_n25_56,Random,25,SourceResolved-GA,1,25,25,0.005068302154541016,0,True
Random_n25_56,Random,25,SourceResolved-GA,1,25,25,0.0048334598541259766,0,True
Random_n25_56,Random,25,SourceResolved-GA,0,24,24,0.8907082080841064,200,True
Random_n25_56,Random,25,SourceResolved-GA,1,25,25,0.005032539367675781,0,True
Random_n25_56,Random,25,SourceResolved-GA,1,25,25,0.5000777244567871,111,True
Random_n25_56,Random,25,SourceResolved-GA,1,25,25,0.005117893218994141,0,True
Random_n25_56,Random,25,SourceResolved-GA,1,25,25,0.0049555301666259766,0,True
Random_n25_56,Random,25,SourceResolved-GA,1,25,25,0.0979013442993164,21,True
Random_n25_56,Random,25,SourceResolved-GA,1,25,25,0.00490117073059082,0,True
Random_n25_56,Random,25,SourceResolved-GA,1,25,25,0.004987955093383789,0,True
Random_n25_56,Random,25,MS-SourceResolved-GA,1,25,25,0.2942490577697754,26,True
Random_n25_56,Random,25,MS-SourceResolved-GA,1,25,25,0.2413017749786377,14,True
Random_n25_56,Random,25,MS-SourceResolved-GA,1,25,25,0.17847657203674316,0,True
Random_n25_56,Random,25,MS-SourceResolved-GA,1,25,25,0.08487963676452637,50,True
Random_n25_56,Random,25,MS-SourceResolved-GA,1,25,25,0.1192479133605957,69,True
Random_n25_56,Random,25,MS-SourceResolved-GA,1,25,25,0.1770627498626709,0,True
Random_n25_56,Random,25,MS-SourceResolved-GA,1,25,25,0.07364892959594727,43,True
Random_n25_56,Random,25,MS-SourceResolved-GA,1,25,25,0.08275532722473145,49,True
Random_n25_56,Random,25,MS-SourceResolved-GA,1,25,25,0.23126840591430664,12,True
Random_n25_56,Random,25,MS-SourceResolved-GA,1,25,25,0.11299633979797363,66,True
Random_n25_57,Random,25,SourceResolved-GA,1,25,25,0.04688453674316406,22,True
Random_n25_57,Random,25,SourceResolved-GA,1,25,25,0.002320528030395508,0,True
Random_n25_57,Random,25,SourceResolved-GA,1,25,25,0.0023164749145507812,0,True
Random_n25_57,Random,25,SourceResolved-GA,0,24,24,0.4325904846191406,200,True
Random_n25_57,Random,25,SourceResolved-GA,0,24,24,0.44955015182495117,200,True
Random_n25_57,Random,25,SourceResolved-GA,0,23,23,0.8216958045959473,200,True
Random_n25_57,Random,25,SourceResolved-GA,1,25,25,0.00516819953918457,0,True
Random_n25_57,Random,25,SourceResolved-GA,1,25,25,0.005087614059448242,0,True
Random_n25_57,Random,25,SourceResolved-GA,1,25,25,0.13054227828979492,28,True
Random_n25_57,Random,25,SourceResolved-GA,1,25,25,0.11870598793029785,25,True
Random_n25_57,Random,25,MS-SourceResolved-GA,0,22,22,0.6107544898986816,150,True
Random_n25_57,Random,25,MS-SourceResolved-GA,1,25,25,0.08157539367675781,0,True
Random_n25_57,Random,25,MS-SourceResolved-GA,1,25,25,0.0531463623046875,68,True
Random_n25_57,Random,25,MS-SourceResolved-GA,1,25,25,0.09802460670471191,99,True
Random_n25_57,Random,25,MS-SourceResolved-GA,1,25,25,0.17563962936401367,0,True
Random_n25_57,Random,25,MS-SourceResolved-GA,0,23,23,0.43973469734191895,150,True
Random_n25_57,Random,25,MS-SourceResolved-GA,1,25,25,0.08892083168029785,0,True
Random_n25_57,Random,25,MS-SourceResolved-GA,1,25,25,0.22074413299560547,44,True
Random_n25_57,Random,25,MS-SourceResolved-GA,1,25,25,0.1929178237915039,39,True
Random_n25_57,Random,25,MS-SourceResolved-GA,1,25,25,0.25652074813842773,41,True
Random_n25_58,Random,25,SourceResolved-GA,1,25,25,0.005069255828857422,0,True
Random_n25_58,Random,25,SourceResolved-GA,1,25,25,0.07715439796447754,16,True
Random_n25_58,Random,25,SourceResolved-GA,1,25,25,0.005072116851806641,0,True
Random_n25_58,Random,25,SourceResolved-GA,1,25,25,0.004927396774291992,0,True
Random_n25_58,Random,25,SourceResolved-GA,1,25,25,0.14348721504211426,31,True
Random_n25_58,Random,25,SourceResolved-GA,1,25,25,0.0049932003021240234,0,True
Random_n25_58,Random,25,SourceResolved-GA,1,25,25,0.005177974700927734,0,True
Random_n25_58,Random,25,SourceResolved-GA,1,25,25,0.1433238983154297,42,True
Random_n25_58,Random,25,SourceResolved-GA,1,25,25,0.002653837203979492,0,True
Random_n25_58,Random,25,SourceResolved-GA,1,25,25,0.002701997756958008,0,True
Random_n25_58,Random,25,MS-SourceResolved-GA,1,25,25,0.02841353416442871,32,True
Random_n25_58,Random,25,MS-SourceResolved-GA,1,25,25,0.17683696746826172,38,True
Random_n25_58,Random,25,MS-SourceResolved-GA,1,25,25,0.10956907272338867,3,True
Random_n25_58,Random,25,MS-SourceResolved-GA,1,25,25,0.04110980033874512,35,True
Random_n25_58,Random,25,MS-SourceResolved-GA,1,25,25,0.16927385330200195,0,True
Random_n25_58,Random,25,MS-SourceResolved-GA,1,25,25,0.08704662322998047,48,True
Random_n25_58,Random,25,MS-SourceResolved-GA,1,25,25,0.269730806350708,17,True
Random_n25_58,Random,25,MS-SourceResolved-GA,0,25,25,0.9078269004821777,150,True
Random_n25_58,Random,25,MS-SourceResolved-GA,1,25,25,0.22537946701049805,17,True
Random_n25_58,Random,25,MS-SourceResolved-GA,1,25,25,0.09679627418518066,0,True
Random_n25_59,Random,25,SourceResolved-GA,1,25,25,0.0047760009765625,0,True
Random_n25_59,Random,25,SourceResolved-GA,1,25,25,0.11369085311889648,25,True
Random_n25_59,Random,25,SourceResolved-GA,1,25,25,0.005164146423339844,0,True
Random_n25_59,Random,25,SourceResolved-GA,1,25,25,0.06949973106384277,31,True
Random_n25_59,Random,25,SourceResolved-GA,1,25,25,0.0023806095123291016,0,True
Random_n25_59,Random,25,SourceResolved-GA,1,25,25,0.06683182716369629,32,True
Random_n25_59,Random,25,SourceResolved-GA,1,25,25,0.0023894309997558594,0,True
Random_n25_59,Random,25,SourceResolved-GA,1,25,25,0.058259010314941406,26,True
Random_n25_59,Random,25,SourceResolved-GA,0,25,25,0.8794069290161133,200,True
Random_n25_59,Random,25,SourceResolved-GA,1,25,25,0.0051844120025634766,0,True
Random_n25_59,Random,25,MS-SourceResolved-GA,0,19,19,0.8386433124542236,150,True
Random_n25_59,Random,25,MS-SourceResolved-GA,1,25,25,0.1497201919555664,0,True
Random_n25_59,Random,25,MS-SourceResolved-GA,1,25,25,0.18019318580627441,0,True
Random_n25_59,Random,25,MS-SourceResolved-GA,1,25,25,0.17729473114013672,0,True
Random_n25_59,Random,25,MS-SourceResolved-GA,1,25,25,0.17586255073547363,0,True
Random_n25_59,Random,25,MS-SourceResolved-GA,1,25,25,0.25595998764038086,18,True
Random_n25_59,Random,25,MS-SourceResolved-GA,0,24,24,0.8477210998535156,150,True
Random_n25_59,Random,25,MS-SourceResolved-GA,1,25,25,0.29259681701660156,26,True
Random_n25_59,Random,25,MS-SourceResolved-GA,1,25,25,0.34967041015625,39,True
Random_n25_59,Random,25,MS-SourceResolved-GA,1,25,25,0.17624640464782715,0,True
Random_n25_60,Random,25,SourceResolved-GA,1,25,25,0.004899501800537109,0,True
Random_n25_60,Random,25,SourceResolved-GA,1,25,25,0.21659564971923828,48,True
Random_n25_60,Random,25,SourceResolved-GA,0,19,19,0.8969202041625977,200,True
Random_n25_60,Random,25,SourceResolved-GA,1,25,25,0.07198214530944824,15,True
Random_n25_60,Random,25,SourceResolved-GA,1,25,25,0.22202205657958984,49,True
Random_n25_60,Random,25,SourceResolved-GA,1,25,25,0.15317916870117188,33,True
Random_n25_60,Random,25,SourceResolved-GA,1,25,25,0.0051152706146240234,0,True
Random_n25_60,Random,25,SourceResolved-GA,1,25,25,0.08901834487915039,19,True
Random_n25_60,Random,25,SourceResolved-GA,0,25,25,0.8987698554992676,200,True
Random_n25_60,Random,25,SourceResolved-GA,0,19,19,0.8396685123443604,200,True
Random_n25_60,Random,25,MS-SourceResolved-GA,1,25,25,0.21027755737304688,7,True
Random_n25_60,Random,25,MS-SourceResolved-GA,0,22,22,0.8449211120605469,150,True
Random_n25_60,Random,25,MS-SourceResolved-GA,1,25,25,0.4482147693634033,60,True
Random_n25_60,Random,25,MS-SourceResolved-GA,0,23,23,0.8481972217559814,150,True
Random_n25_60,Random,25,MS-SourceResolved-GA,1,25,25,0.06412529945373535,38,True
Random_n25_60,Random,25,MS-SourceResolved-GA,1,25,25,0.3635368347167969,42,True
Random_n25_60,Random,25,MS-SourceResolved-GA,1,25,25,0.409923791885376,52,True
Random_n25_60,Random,25,MS-SourceResolved-GA,0,24,24,0.7748942375183105,150,True
Random_n25_60,Random,25,MS-SourceResolved-GA,0,24,24,0.3824193477630615,150,True
Random_n25_60,Random,25,MS-SourceResolved-GA,1,25,25,0.13168764114379883,14,True
Random_n30_1,Random,30,SourceResolved-GA,1,30,30,0.1165623664855957,31,True
Random_n30_1,Random,30,SourceResolved-GA,1,30,30,0.06571078300476074,21,True
Random_n30_1,Random,30,SourceResolved-GA,1,30,30,0.003286600112915039,0,True
Random_n30_1,Random,30,SourceResolved-GA,1,30,30,0.003095865249633789,0,True
Random_n30_1,Random,30,SourceResolved-GA,1,30,30,0.0908656120300293,33,True
Random_n30_1,Random,30,SourceResolved-GA,1,30,30,0.0032186508178710938,0,True
Random_n30_1,Random,30,SourceResolved-GA,0,29,29,0.6867921352386475,200,True
Random_n30_1,Random,30,SourceResolved-GA,1,30,30,0.003236055374145508,0,True
Random_n30_1,Random,30,SourceResolved-GA,1,30,30,0.0032203197479248047,0,True
Random_n30_1,Random,30,SourceResolved-GA,1,30,30,0.11567234992980957,29,True
Random_n30_1,Random,30,MS-SourceResolved-GA,1,30,30,0.15542197227478027,0,True
Random_n30_1,Random,30,MS-SourceResolved-GA,1,30,30,0.17320704460144043,26,True
Random_n30_1,Random,30,MS-SourceResolved-GA,1,30,30,0.11620140075683594,9,True
Random_n30_1,Random,30,MS-SourceResolved-GA,1,30,30,0.09535360336303711,0,True
Random_n30_1,Random,30,MS-SourceResolved-GA,1,30,30,0.05543684959411621,61,True
Random_n30_1,Random,30,MS-SourceResolved-GA,1,30,30,0.23732542991638184,52,True
Random_n30_1,Random,30,MS-SourceResolved-GA,1,30,30,0.10065650939941406,0,True
Random_n30_1,Random,30,MS-SourceResolved-GA,1,30,30,0.09473085403442383,0,True
Random_n30_1,Random,30,MS-SourceResolved-GA,1,30,30,0.09469366073608398,0,True
Random_n30_1,Random,30,MS-SourceResolved-GA,1,30,30,0.10913872718811035,0,True
Random_n30_2,Random,30,SourceResolved-GA,1,30,30,0.23798179626464844,66,True
Random_n30_2,Random,30,SourceResolved-GA,0,17,17,0.6501739025115967,200,True
Random_n30_2,Random,30,SourceResolved-GA,1,30,30,0.13718557357788086,25,True
Random_n30_2,Random,30,SourceResolved-GA,1,30,30,0.09554719924926758,28,True
Random_n30_2,Random,30,SourceResolved-GA,1,30,30,0.1055912971496582,33,True
Random_n30_2,Random,30,SourceResolved-GA,0,30,30,0.6276586055755615,200,True
Random_n30_2,Random,30,SourceResolved-GA,0,30,30,0.651252031326294,200,True
Random_n30_2,Random,30,SourceResolved-GA,0,28,28,0.5174133777618408,200,True
Random_n30_2,Random,30,SourceResolved-GA,1,30,30,0.08176922798156738,32,True
Random_n30_2,Random,30,SourceResolved-GA,0,29,29,0.5226161479949951,200,True
Random_n30_2,Random,30,MS-SourceResolved-GA,1,30,30,0.11414408683776855,0,True
Random_n30_2,Random,30,MS-SourceResolved-GA,0,25,25,0.6381027698516846,150,True
Random_n30_2,Random,30,MS-SourceResolved-GA,1,30,30,0.19385457038879395,34,True
Random_n30_2,Random,30,MS-SourceResolved-GA,1,30,30,0.17737603187561035,28,True
Random_n30_2,Random,30,MS-SourceResolved-GA,0,26,26,0.4978821277618408,150,True
Random_n30_2,Random,30,MS-SourceResolved-GA,0,29,29,0.5656387805938721,150,True
Random_n30_2,Random,30,MS-SourceResolved-GA,1,30,30,0.17119669914245605,17,True
Random_n30_2,Random,30,MS-SourceResolved-GA,1,30,30,0.19749879837036133,33,True
Random_n30_2,Random,30,MS-SourceResolved-GA,1,30,30,0.25743532180786133,53,True
Random_n30_2,Random,30,MS-SourceResolved-GA,1,30,30,0.3182528018951416,72,True
Random_n30_3,Random,30,SourceResolved-GA,1,30,30,0.3619425296783447,128,True
Random_n30_3,Random,30,SourceResolved-GA,0,30,30,0.5625307559967041,200,True
Random_n30_3,Random,30,SourceResolved-GA,1,30,30,0.1065680980682373,38,True
Random_n30_3,Random,30,SourceResolved-GA,0,29,29,0.5829629898071289,200,True
Random_n30_3,Random,30,SourceResolved-GA,1,30,30,0.004631519317626953,0,True
Random_n30_3,Random,30,SourceResolved-GA,1,30,30,0.0666799545288086,22,True
Random_n30_3,Random,30,SourceResolved-GA,0,30,30,0.5332760810852051,200,True
Random_n30_3,Random,30,SourceResolved-GA,1,30,30,0.0033426284790039062,0,True
Random_n30_3,Random,30,SourceResolved-GA,1,30,30,0.0030930042266845703,0,True
Random_n30_3,Random,30,SourceResolved-GA,1,30,30,0.05297088623046875,17,True
Random_n30_3,Random,30,MS-SourceResolved-GA,1,30,30,0.19366073608398438,29,True
Random_n30_3,Random,30,MS-SourceResolved-GA,1,30,30,0.11468815803527832,0,True
Random_n30_3,Random,30,MS-SourceResolved-GA,1,30,30,0.19795727729797363,23,True
Random_n30_3,Random,30,MS-SourceResolved-GA,0,27,27,0.5511107444763184,150,True
Random_n30_3,Random,30,MS-SourceResolved-GA,1,30,30,0.2548525333404541,20,True
Random_n30_3,Random,30,MS-SourceResolved-GA,1,30,30,0.49865198135375977,68,True
Random_n30_3,Random,30,MS-SourceResolved-GA,0,30,30,0.6874971389770508,150,True
Random_n30_3,Random,30,MS-SourceResolved-GA,1,30,30,0.1590425968170166,0,True
Random_n30_3,Random,30,MS-SourceResolved-GA,1,30,30,0.32370877265930176,23,True
Random_n30_3,Random,30,MS-SourceResolved-GA,1,30,30,0.11166739463806152,57,True
Random_n30_4,Random,30,SourceResolved-GA,1,30,30,0.0062901973724365234,0,True
Random_n30_4,Random,30,SourceResolved-GA,1,30,30,0.21133947372436523,39,True
Random_n30_4,Random,30,SourceResolved-GA,1,30,30,0.005999565124511719,0,True
Random_n30_4,Random,30,SourceResolved-GA,1,30,30,0.24135065078735352,45,True
Random_n30_4,Random,30,SourceResolved-GA,0,28,28,0.6885783672332764,200,True
Random_n30_4,Random,30,SourceResolved-GA,1,30,30,0.0032644271850585938,0,True
Random_n30_4,Random,30,SourceResolved-GA,0,26,26,0.5425198078155518,200,True
Random_n30_4,Random,30,SourceResolved-GA,1,30,30,0.11954092979431152,42,True
Random_n30_4,Random,30,SourceResolved-GA,1,30,30,0.2395496368408203,89,True
Random_n30_4,Random,30,SourceResolved-GA,1,30,30,0.0059049129486083984,1,True
Random_n30_4,Random,30,MS-SourceResolved-GA,1,30,30,0.4081122875213623,42,True
Random_n30_4,Random,30,MS-SourceResolved-GA,1,30,30,0.20583748817443848,0,True
Random_n30_4,Random,30,MS-SourceResolved-GA,0,28,28,0.6275393962860107,150,True
Random_n30_4,Random,30,MS-SourceResolved-GA,1,30,30,0.0942385196685791,0,True
Random_n30_4,Random,30,MS-SourceResolved-GA,1,30,30,0.22950339317321777,53,True
Random_n30_4,Random,30,MS-SourceResolved-GA,1,30,30,0.09396600723266602,0,True
Random_n30_4,Random,30,MS-SourceResolved-GA,0,28,28,0.6005034446716309,150,True
Random_n30_4,Random,30,MS-SourceResolved-GA,1,30,30,0.1865372657775879,0,True
Random_n30_4,Random,30,MS-SourceResolved-GA,1,30,30,0.46787118911743164,50,True
Random_n30_4,Random,30,MS-SourceResolved-GA,1,30,30,0.2943460941314697,31,True
Random_n30_5,Random,30,SourceResolved-GA,1,30,30,0.05351996421813965,9,True
Random_n30_5,Random,30,SourceResolved-GA,1,30,30,0.1377429962158203,25,True
Random_n30_5,Random,30,SourceResolved-GA,1,30,30,0.006044626235961914,0,True
Random_n30_5,Random,30,SourceResolved-GA,1,30,30,0.006088733673095703,0,True
Random_n30_5,Random,30,SourceResolved-GA,0,26,26,0.7172267436981201,200,True
Random_n30_5,Random,30,SourceResolved-GA,1,30,30,0.059302330017089844,24,True
Random_n30_5,Random,30,SourceResolved-GA,1,30,30,0.21990060806274414,56,True
Random_n30_5,Random,30,SourceResolved-GA,1,30,30,0.08452010154724121,15,True
Random_n30_5,Random,30,SourceResolved-GA,1,30,30,0.10362410545349121,35,True
Random_n30_5,Random,30,SourceResolved-GA,1,30,30,0.13176727294921875,55,True
Random_n30_5,Random,30,MS-SourceResolved-GA,1,30,30,0.09543561935424805,0,True
Random_n30_5,Random,30,MS-SourceResolved-GA,1,30,30,0.18519139289855957,0,True
Random_n30_5,Random,30,MS-SourceResolved-GA,1,30,30,0.26131510734558105,40,True
Random_n30_5,Random,30,MS-SourceResolved-GA,1,30,30,0.1070256233215332,0,True
Random_n30_5,Random,30,MS-SourceResolved-GA,1,30,30,0.15905547142028809,20,True
Random_n30_5,Random,30,MS-SourceResolved-GA,1,30,30,0.1049954891204834,0,True
Random_n30_5,Random,30,MS-SourceResolved-GA,1,30,30,0.10562372207641602,0,True
Random_n30_5,Random,30,MS-SourceResolved-GA,1,30,30,0.19509339332580566,34,True
Random_n30_5,Random,30,MS-SourceResolved-GA,1,30,30,0.20766162872314453,0,True
Random_n30_5,Random,30,MS-SourceResolved-GA,1,30,30,0.34421539306640625,26,True
Random_n30_6,Random,30,SourceResolved-GA,1,30,30,0.006167888641357422,0,True
Random_n30_6,Random,30,SourceResolved-GA,1,30,30,0.12098145484924316,22,True
Random_n30_6,Random,30,SourceResolved-GA,0,30,30,1.0395443439483643,200,True
Random_n30_6,Random,30,SourceResolved-GA,0,29,29,0.7069423198699951,200,True
Random_n30_6,Random,30,SourceResolved-GA,1,30,30,0.09639763832092285,33,True
Random_n30_6,Random,30,SourceResolved-GA,1,30,30,0.002794504165649414,0,True
Random_n30_6,Random,30,SourceResolved-GA,0,26,26,0.8906326293945312,200,True
Random_n30_6,Random,30,SourceResolved-GA,1,30,30,0.9669983386993408,185,True
Random_n30_6,Random,30,SourceResolved-GA,0,25,25,1.008885383605957,200,True
Random_n30_6,Random,30,SourceResolved-GA,1,30,30,0.11543703079223633,21,True
Random_n30_6,Random,30,MS-SourceResolved-GA,1,30,30,0.33339571952819824,24,True
Random_n30_6,Random,30,MS-SourceResolved-GA,1,30,30,0.36431455612182617,30,True
Random_n30_6,Random,30,MS-SourceResolved-GA,0,30,30,0.9790363311767578,150,True
Random_n30_6,Random,30,MS-SourceResolved-GA,1,30,30,0.20603394508361816,0,True
Random_n30_6,Random,30,MS-SourceResolved-GA,0,28,28,0.9886717796325684,150,True
Random_n30_6,Random,30,MS-SourceResolved-GA,1,30,30,0.20480036735534668,0,True
Random_n30_6,Random,30,MS-SourceResolved-GA,0,30,30,0.97873854637146,150,True
Random_n30_6,Random,30,MS-SourceResolved-GA,1,30,30,0.21124815940856934,13,True
Random_n30_6,Random,30,MS-SourceResolved-GA,0,29,29,0.989687442779541,150,True
Random_n30_6,Random,30,MS-SourceResolved-GA,1,30,30,0.20634102821350098,0,True
Random_n30_7,Random,30,SourceResolved-GA,1,30,30,0.13166379928588867,24,True
Random_n30_7,Random,30,SourceResolved-GA,1,30,30,0.006069660186767578,0,True
Random_n30_7,Random,30,SourceResolved-GA,1,30,30,0.06960415840148926,12,True
Random_n30_7,Random,30,SourceResolved-GA,1,30,30,0.006160259246826172,0,True
Random_n30_7,Random,30,SourceResolved-GA,1,30,30,0.006032466888427734,0,True
Random_n30_7,Random,30,SourceResolved-GA,1,30,30,0.005978822708129883,0,True
Random_n30_7,Random,30,SourceResolved-GA,1,30,30,0.006225109100341797,0,True
Random_n30_7,Random,30,SourceResolved-GA,1,30,30,0.021931171417236328,3,True
Random_n30_7,Random,30,SourceResolved-GA,1,30,30,0.006045341491699219,0,True
Random_n30_7,Random,30,SourceResolved-GA,1,30,30,0.2864079475402832,53,True
Random_n30_7,Random,30,MS-SourceResolved-GA,1,30,30,0.20664048194885254,0,True
Random_n30_7,Random,30,MS-SourceResolved-GA,1,30,30,0.2960801124572754,17,True
Random_n30_7,Random,30,MS-SourceResolved-GA,1,30,30,0.2102220058441162,0,True
Random_n30_7,Random,30,MS-SourceResolved-GA,1,30,30,0.20841217041015625,0,True
Random_n30_7,Random,30,MS-SourceResolved-GA,1,30,30,0.2069382667541504,0,True
Random_n30_7,Random,30,MS-SourceResolved-GA,1,30,30,0.20499515533447266,0,True
Random_n30_7,Random,30,MS-SourceResolved-GA,1,30,30,0.20650053024291992,0,True
Random_n30_7,Random,30,MS-SourceResolved-GA,1,30,30,0.11887454986572266,60,True
Random_n30_7,Random,30,MS-SourceResolved-GA,1,30,30,0.09412908554077148,47,True
Random_n30_7,Random,30,MS-SourceResolved-GA,1,30,30,0.11296319961547852,57,True
Random_n30_8,Random,30,SourceResolved-GA,1,30,30,0.16121983528137207,30,True
Random_n30_8,Random,30,SourceResolved-GA,1,30,30,0.006030559539794922,0,True
Random_n30_8,Random,30,SourceResolved-GA,1,30,30,0.07314944267272949,13,True
Random_n30_8,Random,30,SourceResolved-GA,1,30,30,0.00596165657043457,0,True
Random_n30_8,Random,30,SourceResolved-GA,1,30,30,0.00590062141418457,0,True
Random_n30_8,Random,30,SourceResolved-GA,1,30,30,0.23390507698059082,44,True
Random_n30_8,Random,30,SourceResolved-GA,1,30,30,0.09969234466552734,18,True
Random_n30_8,Random,30,SourceResolved-GA,1,30,30,0.0060138702392578125,0,True
Random_n30_8,Random,30,SourceResolved-GA,1,30,30,0.09398746490478516,17,True
Random_n30_8,Random,30,SourceResolved-GA,0,29,29,0.5264208316802979,200,True
Random_n30_8,Random,30,MS-SourceResolved-GA,1,30,30,0.14909696578979492,14,True
Random_n30_8,Random,30,MS-SourceResolved-GA,1,30,30,0.4223940372467041,45,True
Random_n30_8,Random,30,MS-SourceResolved-GA,1,30,30,0.28210020065307617,32,True
Random_n30_8,Random,30,MS-SourceResolved-GA,1,30,30,0.39593052864074707,36,True
Random_n30_8,Random,30,MS-SourceResolved-GA,0,29,29,0.8594098091125488,150,True
Random_n30_8,Random,30,MS-SourceResolved-GA,1,30,30,0.17659974098205566,90,True
Random_n30_8,Random,30,MS-SourceResolved-GA,0,25,25,0.9216117858886719,150,True
Random_n30_8,Random,30,MS-SourceResolved-GA,1,30,30,0.12378835678100586,11,True
Random_n30_8,Random,30,MS-SourceResolved-GA,1,30,30,0.07167720794677734,79,True
Random_n30_8,Random,30,MS-SourceResolved-GA,1,30,30,0.1812889575958252,25,True
Random_n30_33,Random,30,SourceResolved-GA,0,30,30,1.0326831340789795,200,True
Random_n30_33,Random,30,SourceResolved-GA,1,30,30,0.06899142265319824,15,True
Random_n30_33,Random,30,SourceResolved-GA,1,30,30,0.005878448486328125,0,True
Random_n30_33,Random,30,SourceResolved-GA,1,30,30,0.005864143371582031,0,True
Random_n30_33,Random,30,SourceResolved-GA,1,30,30,0.0058498382568359375,0,True
Random_n30_33,Random,30,SourceResolved-GA,1,30,30,0.0058460235595703125,0,True
Random_n30_33,Random,30,SourceResolved-GA,0,28,28,1.0466034412384033,200,True
Random_n30_33,Random,30,SourceResolved-GA,1,30,30,0.359882116317749,68,True
Random_n30_33,Random,30,SourceResolved-GA,1,30,30,0.4470489025115967,85,True
Random_n30_33,Random,30,SourceResolved-GA,1,30,30,0.1232767105102539,23,True
Random_n30_33,Random,30,MS-SourceResolved-GA,1,30,30,0.20767855644226074,0,True
Random_n30_33,Random,30,MS-SourceResolved-GA,1,30,30,0.33165669441223145,27,True
Random_n30_33,Random,30,MS-SourceResolved-GA,1,30,30,0.10659360885620117,0,True
Random_n30_33,Random,30,MS-SourceResolved-GA,1,30,30,0.10329151153564453,0,True
Random_n30_33,Random,30,MS-SourceResolved-GA,1,30,30,0.10376334190368652,0,True
Random_n30_33,Random,30,MS-SourceResolved-GA,1,30,30,0.10421133041381836,0,True
Random_n30_33,Random,30,MS-SourceResolved-GA,0,28,28,0.4890129566192627,150,True
Random_n30_33,Random,30,MS-SourceResolved-GA,1,30,30,0.06525778770446777,61,True
Random_n30_33,Random,30,MS-SourceResolved-GA,1,30,30,0.09060263633728027,85,True
Random_n30_33,Random,30,MS-SourceResolved-GA,1,30,30,0.23159289360046387,49,True
Random_n30_34,Random,30,SourceResolved-GA,0,27,27,0.5286829471588135,200,True
Random_n30_34,Random,30,SourceResolved-GA,1,30,30,0.06371855735778809,23,True
Random_n30_34,Random,30,SourceResolved-GA,1,30,30,0.0031425952911376953,0,True
Random_n30_34,Random,30,SourceResolved-GA,1,30,30,0.22549772262573242,82,True
Random_n30_34,Random,30,SourceResolved-GA,1,30,30,0.0032806396484375,0,True
Random_n30_34,Random,30,SourceResolved-GA,1,30,30,0.0961155891418457,36,True
Random_n30_34,Random,30,SourceResolved-GA,1,30,30,0.0031821727752685547,0,True
Random_n30_34,Random,30,SourceResolved-GA,1,30,30,0.02197551727294922,7,True
Random_n30_34,Random,30,SourceResolved-GA,1,30,30,0.003183603286743164,0,True
Random_n30_34,Random,30,SourceResolved-GA,1,30,30,0.13363194465637207,50,True
Random_n30_34,Random,30,MS-SourceResolved-GA,1,30,30,0.2575356960296631,62,True
Random_n30_34,Random,30,MS-SourceResolved-GA,1,30,30,0.18428516387939453,32,True
Random_n30_34,Random,30,MS-SourceResolved-GA,1,30,30,0.6460540294647217,109,True
Random_n30_34,Random,30,MS-SourceResolved-GA,1,30,30,0.207932710647583,0,True
Random_n30_34,Random,30,MS-SourceResolved-GA,1,30,30,0.3016798496246338,18,True
Random_n30_34,Random,30,MS-SourceResolved-GA,0,28,28,0.9898865222930908,150,True
Random_n30_34,Random,30,MS-SourceResolved-GA,1,30,30,0.20807695388793945,0,True
Random_n30_34,Random,30,MS-SourceResolved-GA,1,30,30,0.2079460620880127,0,True
Random_n30_34,Random,30,MS-SourceResolved-GA,1,30,30,0.1551072597503662,78,True
Random_n30_34,Random,30,MS-SourceResolved-GA,1,30,30,0.11225080490112305,57,True
Random_n30_35,Random,30,SourceResolved-GA,1,30,30,0.11442160606384277,21,True
Random_n30_35,Random,30,SourceResolved-GA,1,30,30,0.06235551834106445,11,True
Random_n30_35,Random,30,SourceResolved-GA,0,27,27,1.044093132019043,200,True
Random_n30_35,Random,30,SourceResolved-GA,1,30,30,0.13057732582092285,24,True
Random_n30_35,Random,30,SourceResolved-GA,0,27,27,0.5537712574005127,200,True
Random_n30_35,Random,30,SourceResolved-GA,1,30,30,0.0028214454650878906,0,True
Random_n30_35,Random,30,SourceResolved-GA,0,28,28,0.7840263843536377,200,True
Random_n30_35,Random,30,SourceResolved-GA,1,30,30,0.005403757095336914,0,True
Random_n30_35,Random,30,SourceResolved-GA,1,30,30,0.005439043045043945,0,True
Random_n30_35,Random,30,SourceResolved-GA,1,30,30,0.005315065383911133,0,True
Random_n30_35,Random,30,MS-SourceResolved-GA,0,27,27,0.9095323085784912,150,True
Random_n30_35,Random,30,MS-SourceResolved-GA,1,30,30,0.15129446983337402,0,True
Random_n30_35,Random,30,MS-SourceResolved-GA,1,30,30,0.2017991542816162,0,True
Random_n30_35,Random,30,MS-SourceResolved-GA,1,30,30,0.3597865104675293,29,True
Random_n30_35,Random,30,MS-SourceResolved-GA,1,30,30,0.20692801475524902,27,True
Random_n30_35,Random,30,MS-SourceResolved-GA,1,30,30,0.375262975692749,106,True
Random_n30_35,Random,30,MS-SourceResolved-GA,1,30,30,0.4222984313964844,135,True
Random_n30_35,Random,30,MS-SourceResolved-GA,0,30,30,0.5134177207946777,150,True
Random_n30_35,Random,30,MS-SourceResolved-GA,1,30,30,0.09478592872619629,0,True
Random_n30_35,Random,30,MS-SourceResolved-GA,1,30,30,0.10352969169616699,0,True
Random_n30_36,Random,30,SourceResolved-GA,1,30,30,0.002869129180908203,0,True
Random_n30_36,Random,30,SourceResolved-GA,1,30,30,0.05076265335083008,17,True
Random_n30_36,Random,30,SourceResolved-GA,1,30,30,0.0031805038452148438,0,True
Random_n30_36,Random,30,SourceResolved-GA,1,30,30,0.0394747257232666,14,True
Random_n30_36,Random,30,SourceResolved-GA,0,29,29,0.5741715431213379,200,True
Random_n30_36,Random,30,SourceResolved-GA,1,30,30,0.0031485557556152344,0,True
Random_n30_36,Random,30,SourceResolved-GA,1,30,30,0.0031409263610839844,0,True
Random_n30_36,Random,30,SourceResolved-GA,1,30,30,0.09922456741333008,37,True
Random_n30_36,Random,30,SourceResolved-GA,1,30,30,0.058141231536865234,21,True
Random_n30_36,Random,30,SourceResolved-GA,1,30,30,0.17778921127319336,67,True
Random_n30_36,Random,30,MS-SourceResolved-GA,1,30,30,0.2098379135131836,35,True
Random_n30_36,Random,30,MS-SourceResolved-GA,1,30,30,0.19589710235595703,34,True
Random_n30_36,Random,30,MS-SourceResolved-GA,1,30,30,0.15331459045410156,14,True
Random_n30_36,Random,30,MS-SourceResolved-GA,1,30,30,0.048349857330322266,46,True
Random_n30_36,Random,30,MS-SourceResolved-GA,1,30,30,0.04557299613952637,45,True
Random_n30_36,Random,30,MS-SourceResolved-GA,1,30,30,0.3732187747955322,102,True
Random_n30_36,Random,30,MS-SourceResolved-GA,1,30,30,0.10961699485778809,0,True
Random_n30_36,Random,30,MS-SourceResolved-GA,1,30,30,0.18245315551757812,30,True
Random_n30_36,Random,30,MS-SourceResolved-GA,1,30,30,0.2496933937072754,41,True
Random_n30_36,Random,30,MS-SourceResolved-GA,1,30,30,0.22807836532592773,48,True
Random_n30_9,Random,30,SourceResolved-GA,1,30,30,0.3003840446472168,107,True
Random_n30_9,Random,30,SourceResolved-GA,0,28,28,0.724069356918335,200,True
Random_n30_9,Random,30,SourceResolved-GA,1,30,30,0.22035956382751465,45,True
Random_n30_9,Random,30,SourceResolved-GA,1,30,30,0.006261110305786133,0,True
Random_n30_9,Random,30,SourceResolved-GA,1,30,30,0.2171633243560791,76,True
Random_n30_9,Random,30,SourceResolved-GA,1,30,30,0.0028760433197021484,0,True
Random_n30_9,Random,30,SourceResolved-GA,1,30,30,0.052744150161743164,21,True
Random_n30_9,Random,30,SourceResolved-GA,1,30,30,0.0029289722442626953,0,True
Random_n30_9,Random,30,SourceResolved-GA,1,30,30,0.002815723419189453,0,True
Random_n30_9,Random,30,SourceResolved-GA,1,30,30,0.05682992935180664,23,True
Random_n30_9,Random,30,MS-SourceResolved-GA,1,30,30,0.22757577896118164,14,True
Random_n30_9,Random,30,MS-SourceResolved-GA,1,30,30,0.09323740005493164,44,True
Random_n30_9,Random,30,MS-SourceResolved-GA,1,30,30,0.2267158031463623,0,True
Random_n30_9,Random,30,MS-SourceResolved-GA,1,30,30,0.41167187690734863,31,True
Random_n30_9,Random,30,MS-SourceResolved-GA,1,30,30,0.21036672592163086,0,True
Random_n30_9,Random,30,MS-SourceResolved-GA,0,27,27,0.986670970916748,150,True
Random_n30_9,Random,30,MS-SourceResolved-GA,1,30,30,0.20642662048339844,0,True
Random_n30_9,Random,30,MS-SourceResolved-GA,1,30,30,0.2192387580871582,2,True
Random_n30_9,Random,30,MS-SourceResolved-GA,1,30,30,0.3374159336090088,18,True
Random_n30_9,Random,30,MS-SourceResolved-GA,1,30,30,0.2351839542388916,0,True
Random_n30_10,Random,30,SourceResolved-GA,1,30,30,0.003307819366455078,0,True
Random_n30_10,Random,30,SourceResolved-GA,0,29,29,0.637681245803833,200,True
Random_n30_10,Random,30,SourceResolved-GA,1,30,30,0.11760091781616211,36,True
Random_n30_10,Random,30,SourceResolved-GA,1,30,30,0.248732328414917,80,True
Random_n30_10,Random,30,SourceResolved-GA,0,30,30,0.5873095989227295,200,True
Random_n30_10,Random,30,SourceResolved-GA,1,30,30,0.20638680458068848,67,True
Random_n30_10,Random,30,SourceResolved-GA,1,30,30,0.27179718017578125,86,True
Random_n30_10,Random,30,SourceResolved-GA,1,30,30,0.07243585586547852,22,True
Random_n30_10,Random,30,SourceResolved-GA,0,29,29,0.5973865985870361,200,True
Random_n30_10,Random,30,SourceResolved-GA,1,30,30,0.13965272903442383,47,True
Random_n30_10,Random,30,MS-SourceResolved-GA,1,30,30,0.33719587326049805,78,True
Random_n30_10,Random,30,MS-SourceResolved-GA,1,30,30,0.05219149589538574,46,True
Random_n30_10,Random,30,MS-SourceResolved-GA,0,29,29,0.5520548820495605,150,True
Random_n30_10,Random,30,MS-SourceResolved-GA,1,30,30,0.12470054626464844,0,True
Random_n30_10,Random,30,MS-SourceResolved-GA,1,30,30,0.232590913772583,35,True
Random_n30_10,Random,30,MS-SourceResolved-GA,1,30,30,0.12934160232543945,2,True
Random_n30_10,Random,30,MS-SourceResolved-GA,1,30,30,0.18545198440551758,21,True
Random_n30_10,Random,30,MS-SourceResolved-GA,0,29,29,0.579617977142334,150,True
Random_n30_10,Random,30,MS-SourceResolved-GA,0,25,25,0.5756635665893555,150,True
Random_n30_10,Random,30,MS-SourceResolved-GA,1,30,30,0.2406935691833496,40,True
Random_n30_11,Random,30,SourceResolved-GA,0,30,30,0.6021795272827148,200,True
Random_n30_11,Random,30,SourceResolved-GA,0,29,29,0.6220853328704834,200,True
Random_n30_11,Random,30,SourceResolved-GA,1,30,30,0.02565741539001465,7,True
Random_n30_11,Random,30,SourceResolved-GA,0,29,29,0.6146314144134521,200,True
Random_n30_11,Random,30,SourceResolved-GA,1,30,30,0.22632789611816406,45,True
Random_n30_11,Random,30,SourceResolved-GA,0,30,30,1.1569766998291016,200,True
Random_n30_11,Random,30,SourceResolved-GA,1,30,30,0.2725963592529297,43,True
Random_n30_11,Random,30,SourceResolved-GA,1,30,30,0.007359981536865234,0,True
Random_n30_11,Random,30,SourceResolved-GA,1,30,30,0.14854788780212402,23,True
Random_n30_11,Random,30,SourceResolved-GA,1,30,30,0.11902093887329102,19,True
Random_n30_11,Random,30,MS-SourceResolved-GA,1,30,30,0.3958437442779541,26,True
Random_n30_11,Random,30,MS-SourceResolved-GA,0,29,29,1.173600673675537,150,True
Random_n30_11,Random,30,MS-SourceResolved-GA,0,27,27,1.0985925197601318,150,True
Random_n30_11,Random,30,MS-SourceResolved-GA,1,30,30,0.17641782760620117,20,True
Random_n30_11,Random,30,MS-SourceResolved-GA,1,30,30,0.2512400150299072,44,True
Random_n30_11,Random,30,MS-SourceResolved-GA,1,30,30,0.5858819484710693,68,True
Random_n30_11,Random,30,MS-SourceResolved-GA,1,30,30,0.4942138195037842,56,True
Random_n30_11,Random,30,MS-SourceResolved-GA,1,30,30,0.23931002616882324,0,True
Random_n30_11,Random,30,MS-SourceResolved-GA,0,29,29,1.0394361019134521,150,True
Random_n30_11,Random,30,MS-SourceResolved-GA,1,30,30,0.561798095703125,55,True
Random_n30_12,Random,30,SourceResolved-GA,1,30,30,0.13223528861999512,32,True
Random_n30_12,Random,30,SourceResolved-GA,1,30,30,0.0445706844329834,14,True
Random_n30_12,Random,30,SourceResolved-GA,1,30,30,0.003463268280029297,0,True
Random_n30_12,Random,30,SourceResolved-GA,1,30,30,0.003571033477783203,0,True
Random_n30_12,Random,30,SourceResolved-GA,1,30,30,0.003599882125854492,0,True
Random_n30_12,Random,30,SourceResolved-GA,1,30,30,0.0034525394439697266,0,True
Random_n30_12,Random,30,SourceResolved-GA,1,30,30,0.0925898551940918,30,True
Random_n30_12,Random,30,SourceResolved-GA,1,30,30,0.1615149974822998,52,True
Random_n30_12,Random,30,SourceResolved-GA,1,30,30,0.19472694396972656,31,True
Random_n30_12,Random,30,SourceResolved-GA,1,30,30,0.007097721099853516,0,True
Random_n30_12,Random,30,MS-SourceResolved-GA,1,30,30,0.14373254776000977,0,True
Random_n30_12,Random,30,MS-SourceResolved-GA,1,30,30,0.16424155235290527,8,True
Random_n30_12,Random,30,MS-SourceResolved-GA,1,30,30,0.32198619842529297,14,True
Random_n30_12,Random,30,MS-SourceResolved-GA,1,30,30,0.2981431484222412,10,True
Random_n30_12,Random,30,MS-SourceResolved-GA,1,30,30,0.41698265075683594,30,True
Random_n30_12,Random,30,MS-SourceResolved-GA,1,30,30,0.31400465965270996,13,True
Random_n30_12,Random,30,MS-SourceResolved-GA,1,30,30,0.23745250701904297,0,True
Random_n30_12,Random,30,MS-SourceResolved-GA,1,30,30,0.23704075813293457,0,True
Random_n30_12,Random,30,MS-SourceResolved-GA,1,30,30,0.2379131317138672,0,True
Random_n30_12,Random,30,MS-SourceResolved-GA,0,29,29,0.9486172199249268,150,True
Random_n30_25,Random,30,SourceResolved-GA,0,30,30,0.8387625217437744,200,True
Random_n30_25,Random,30,SourceResolved-GA,1,30,30,0.006222248077392578,0,True
Random_n30_25,Random,30,SourceResolved-GA,1,30,30,0.005933284759521484,0,True
Random_n30_25,Random,30,SourceResolved-GA,1,30,30,0.1839745044708252,35,True
Random_n30_25,Random,30,SourceResolved-GA,1,30,30,0.2922496795654297,65,True
Random_n30_25,Random,30,SourceResolved-GA,0,27,27,0.614006757736206,200,True
Random_n30_25,Random,30,SourceResolved-GA,1,30,30,0.06385684013366699,26,True
Random_n30_25,Random,30,SourceResolved-GA,0,22,22,0.48354649543762207,200,True
Random_n30_25,Random,30,SourceResolved-GA,1,30,30,0.0028014183044433594,0,True
Random_n30_25,Random,30,SourceResolved-GA,1,30,30,0.0855705738067627,35,True
Random_n30_25,Random,30,MS-SourceResolved-GA,0,30,30,0.5687265396118164,150,True
Random_n30_25,Random,30,MS-SourceResolved-GA,1,30,30,0.23253607749938965,25,True
Random_n30_25,Random,30,MS-SourceResolved-GA,1,30,30,0.14652609825134277,0,True
Random_n30_25,Random,30,MS-SourceResolved-GA,1,30,30,0.17587614059448242,85,True
Random_n30_25,Random,30,MS-SourceResolved-GA,1,30,30,0.18859624862670898,77,True
Random_n30_25,Random,30,MS-SourceResolved-GA,1,30,30,0.40018653869628906,24,True
Random_n30_25,Random,30,MS-SourceResolved-GA,1,30,30,0.49534153938293457,50,True
Random_n30_25,Random,30,MS-SourceResolved-GA,1,30,30,0.11499309539794922,58,True
Random_n30_25,Random,30,MS-SourceResolved-GA,1,30,30,0.20701932907104492,0,True
Random_n30_25,Random,30,MS-SourceResolved-GA,1,30,30,0.44556713104248047,45,True
Random_n30_26,Random,30,SourceResolved-GA,1,30,30,0.003961086273193359,0,True
Random_n30_26,Random,30,SourceResolved-GA,1,30,30,0.08567047119140625,23,True
Random_n30_26,Random,30,SourceResolved-GA,1,30,30,0.20557546615600586,59,True
Random_n30_26,Random,30,SourceResolved-GA,1,30,30,0.08732342720031738,27,True
Random_n30_26,Random,30,SourceResolved-GA,1,30,30,0.02797412872314453,8,True
Random_n30_26,Random,30,SourceResolved-GA,1,30,30,0.0036737918853759766,0,True
Random_n30_26,Random,30,SourceResolved-GA,0,30,30,0.9848654270172119,200,True
Random_n30_26,Random,30,SourceResolved-GA,1,30,30,0.007207155227661133,0,True
Random_n30_26,Random,30,SourceResolved-GA,0,29,29,1.0218956470489502,200,True
Random_n30_26,Random,30,SourceResolved-GA,0,29,29,1.1038038730621338,200,True
Random_n30_26,Random,30,MS-SourceResolved-GA,1,30,30,0.07827448844909668,66,True
Random_n30_26,Random,30,MS-SourceResolved-GA,1,30,30,0.1372814178466797,0,True
Random_n30_26,Random,30,MS-SourceResolved-GA,1,30,30,0.2655465602874756,44,True
Random_n30_26,Random,30,MS-SourceResolved-GA,1,30,30,0.1265091896057129,0,True
Random_n30_26,Random,30,MS-SourceResolved-GA,1,30,30,0.23052382469177246,31,True
Random_n30_26,Random,30,MS-SourceResolved-GA,1,30,30,0.23384428024291992,31,True
Random_n30_26,Random,30,MS-SourceResolved-GA,1,30,30,0.27006101608276367,45,True
Random_n30_26,Random,30,MS-SourceResolved-GA,1,30,30,0.1637275218963623,11,True
Random_n30_26,Random,30,MS-SourceResolved-GA,1,30,30,0.12638497352600098,0,True
Random_n30_26,Random,30,MS-SourceResolved-GA,1,30,30,0.12386918067932129,0,True
Random_n30_27,Random,30,SourceResolved-GA,0,28,28,0.7122232913970947,200,True
Random_n30_27,Random,30,SourceResolved-GA,0,29,29,0.6557352542877197,200,True
Random_n30_27,Random,30,SourceResolved-GA,1,30,30,0.00363922119140625,0,True
Random_n30_27,Random,30,SourceResolved-GA,0,21,21,0.6389627456665039,200,True
Random_n30_27,Random,30,SourceResolved-GA,1,30,30,0.07118105888366699,22,True
Random_n30_27,Random,30,SourceResolved-GA,0,30,30,0.5992755889892578,200,True
Random_n30_27,Random,30,SourceResolved-GA,0,30,30,0.6489872932434082,200,True
Random_n30_27,Random,30,SourceResolved-GA,1,30,30,0.003354310989379883,0,True
Random_n30_27,Random,30,SourceResolved-GA,1,30,30,0.05597329139709473,18,True
Random_n30_27,Random,30,SourceResolved-GA,1,30,30,0.23429155349731445,80,True
Random_n30_27,Random,30,MS-SourceResolved-GA,0,17,17,0.5986618995666504,150,True
Random_n30_27,Random,30,MS-SourceResolved-GA,1,30,30,0.06898188591003418,57,True
Random_n30_27,Random,30,MS-SourceResolved-GA,1,30,30,0.3456883430480957,67,True
Random_n30_27,Random,30,MS-SourceResolved-GA,1,30,30,0.23835134506225586,38,True
Random_n30_27,Random,30,MS-SourceResolved-GA,1,30,30,0.24173855781555176,35,True
Random_n30_27,Random,30,MS-SourceResolved-GA,1,30,30,0.19929862022399902,23,True
Random_n30_27,Random,30,MS-SourceResolved-GA,1,30,30,0.19856882095336914,22,True
Random_n30_27,Random,30,MS-SourceResolved-GA,0,29,29,0.8436813354492188,150,True
Random_n30_27,Random,30,MS-SourceResolved-GA,0,29,29,0.8040938377380371,150,True
Random_n30_27,Random,30,MS-SourceResolved-GA,0,26,26,0.825573205947876,150,True
Random_n30_28,Random,30,SourceResolved-GA,1,30,30,0.07845139503479004,12,True
Random_n30_28,Random,30,SourceResolved-GA,1,30,30,0.007031679153442383,0,True
Random_n30_28,Random,30,SourceResolved-GA,1,30,30,0.1683199405670166,27,True
Random_n30_28,Random,30,SourceResolved-GA,1,30,30,0.0071794986724853516,0,True
Random_n30_28,Random,30,SourceResolved-GA,1,30,30,0.2567412853240967,42,True
Random_n30_28,Random,30,SourceResolved-GA,1,30,30,0.006574153900146484,0,True
Random_n30_28,Random,30,SourceResolved-GA,1,30,30,0.007289409637451172,0,True
Random_n30_28,Random,30,SourceResolved-GA,1,30,30,0.1494293212890625,24,True
Random_n30_28,Random,30,SourceResolved-GA,1,30,30,0.007302284240722656,0,True
Random_n30_28,Random,30,SourceResolved-GA,1,30,30,0.0598444938659668,9,True
Random_n30_28,Random,30,MS-SourceResolved-GA,1,30,30,0.23517990112304688,0,True
Random_n30_28,Random,30,MS-SourceResolved-GA,1,30,30,0.23757505416870117,0,True
Random_n30_28,Random,30,MS-SourceResolved-GA,1,30,30,0.23487639427185059,0,True
Random_n30_28,Random,30,MS-SourceResolved-GA,1,30,30,0.23447871208190918,0,True
Random_n30_28,Random,30,MS-SourceResolved-GA,1,30,30,0.5276432037353516,48,True
Random_n30_28,Random,30,MS-SourceResolved-GA,1,30,30,0.13595890998840332,0,True
Random_n30_28,Random,30,MS-SourceResolved-GA,1,30,30,0.1552717685699463,0,True
Random_n30_28,Random,30,MS-SourceResolved-GA,1,30,30,0.2012498378753662,0,True
Random_n30_28,Random,30,MS-SourceResolved-GA,1,30,30,0.17208027839660645,0,True
Random_n30_28,Random,30,MS-SourceResolved-GA,1,30,30,0.23489975929260254,0,True
Random_n30_49,Random,30,SourceResolved-GA,1,30,30,0.06546282768249512,22,True
Random_n30_49,Random,30,SourceResolved-GA,0,28,28,0.7737047672271729,200,True
Random_n30_49,Random,30,SourceResolved-GA,1,30,30,0.006059885025024414,0,True
Random_n30_49,Random,30,SourceResolved-GA,0,24,24,1.0383105278015137,200,True
Random_n30_49,Random,30,SourceResolved-GA,1,30,30,0.0061299800872802734,0,True
Random_n30_49,Random,30,SourceResolved-GA,1,30,30,0.14770913124084473,28,True
Random_n30_49,Random,30,SourceResolved-GA,0,29,29,0.5453405380249023,200,True
Random_n30_49,Random,30,SourceResolved-GA,0,26,26,0.5796880722045898,200,True
Random_n30_49,Random,30,SourceResolved-GA,1,30,30,0.0032498836517333984,0,True
Random_n30_49,Random,30,SourceResolved-GA,0,30,30,0.5596528053283691,200,True
Random_n30_49,Random,30,MS-SourceResolved-GA,1,30,30,0.16702532768249512,0,True
Random_n30_49,Random,30,MS-SourceResolved-GA,1,30,30,0.18987417221069336,21,True
Random_n30_49,Random,30,MS-SourceResolved-GA,1,30,30,0.22387337684631348,18,True
Random_n30_49,Random,30,MS-SourceResolved-GA,1,30,30,0.11368823051452637,0,True
Random_n30_49,Random,30,MS-SourceResolved-GA,1,30,30,0.10898756980895996,0,True
Random_n30_49,Random,30,MS-SourceResolved-GA,1,30,30,0.23973488807678223,50,True
Random_n30_49,Random,30,MS-SourceResolved-GA,0,30,30,0.6233022212982178,150,True
Random_n30_49,Random,30,MS-SourceResolved-GA,1,30,30,0.17467665672302246,26,True
Random_n30_49,Random,30,MS-SourceResolved-GA,1,30,30,0.2007458209991455,0,True
Random_n30_49,Random,30,MS-SourceResolved-GA,1,30,30,0.12662482261657715,64,True
Random_n30_50,Random,30,SourceResolved-GA,1,30,30,0.2679765224456787,51,True
Random_n30_50,Random,30,SourceResolved-GA,0,30,30,0.5522582530975342,200,True
Random_n30_50,Random,30,SourceResolved-GA,1,30,30,0.037000417709350586,13,True
Random_n30_50,Random,30,SourceResolved-GA,1,30,30,0.04532933235168457,16,True
Random_n30_50,Random,30,SourceResolved-GA,1,30,30,0.003158092498779297,0,True
Random_n30_50,Random,30,SourceResolved-GA,1,30,30,0.021046161651611328,6,True
Random_n30_50,Random,30,SourceResolved-GA,1,30,30,0.07901573181152344,29,True
Random_n30_50,Random,30,SourceResolved-GA,0,29,29,0.5436575412750244,200,True
Random_n30_50,Random,30,SourceResolved-GA,0,30,30,0.5301828384399414,200,True
Random_n30_50,Random,30,SourceResolved-GA,1,30,30,0.11322188377380371,47,True
Random_n30_50,Random,30,MS-SourceResolved-GA,1,30,30,0.21329641342163086,20,True
Random_n30_50,Random,30,MS-SourceResolved-GA,1,30,30,0.14873409271240234,19,True
Random_n30_50,Random,30,MS-SourceResolved-GA,1,30,30,0.10548520088195801,0,True
Random_n30_50,Random,30,MS-SourceResolved-GA,1,30,30,0.10735440254211426,0,True
Random_n30_50,Random,30,MS-SourceResolved-GA,1,30,30,0.0387723445892334,39,True
Random_n30_50,Random,30,MS-SourceResolved-GA,0,30,30,0.4812147617340088,150,True
Random_n30_50,Random,30,MS-SourceResolved-GA,1,30,30,0.20216894149780273,36,True
Random_n30_50,Random,30,MS-SourceResolved-GA,1,30,30,0.08340859413146973,83,True
Random_n30_50,Random,30,MS-SourceResolved-GA,1,30,30,0.2127704620361328,44,True
Random_n30_50,Random,30,MS-SourceResolved-GA,1,30,30,0.12253737449645996,0,True
Random_n30_51,Random,30,SourceResolved-GA,0,29,29,0.8439631462097168,200,True
Random_n30_51,Random,30,SourceResolved-GA,0,29,29,0.6912081241607666,200,True
Random_n30_51,Random,30,SourceResolved-GA,1,30,30,0.0027894973754882812,0,True
Random_n30_51,Random,30,SourceResolved-GA,1,30,30,0.00283050537109375,0,True
Random_n30_51,Random,30,SourceResolved-GA,1,30,30,0.3461909294128418,89,True
Random_n30_51,Random,30,SourceResolved-GA,1,30,30,0.07998919486999512,33,True
Random_n30_51,Random,30,SourceResolved-GA,1,30,30,0.002832174301147461,0,True
Random_n30_51,Random,30,SourceResolved-GA,1,30,30,0.0027871131896972656,0,True
Random_n30_51,Random,30,SourceResolved-GA,0,30,30,0.8912391662597656,200,True
Random_n30_51,Random,30,SourceResolved-GA,1,30,30,0.00603485107421875,0,True
Random_n30_51,Random,30,MS-SourceResolved-GA,1,30,30,0.20713543891906738,0,True
Random_n30_51,Random,30,MS-SourceResolved-GA,1,30,30,0.4711761474609375,51,True
Random_n30_51,Random,30,MS-SourceResolved-GA,1,30,30,0.08302474021911621,42,True
Random_n30_51,Random,30,MS-SourceResolved-GA,1,30,30,0.12459754943847656,63,True
Random_n30_51,Random,30,MS-SourceResolved-GA,1,30,30,0.32048749923706055,22,True
Random_n30_51,Random,30,MS-SourceResolved-GA,1,30,30,0.1685779094696045,86,True
Random_n30_51,Random,30,MS-SourceResolved-GA,1,30,30,0.14099979400634766,0,True
Random_n30_51,Random,30,MS-SourceResolved-GA,1,30,30,0.12708258628845215,9,True
Random_n30_51,Random,30,MS-SourceResolved-GA,1,30,30,0.10316133499145508,0,True
Random_n30_51,Random,30,MS-SourceResolved-GA,1,30,30,0.12778854370117188,9,True
Random_n30_52,Random,30,SourceResolved-GA,0,30,30,0.485736608505249,200,True
Random_n30_52,Random,30,SourceResolved-GA,1,30,30,0.054230690002441406,17,True
Random_n30_52,Random,30,SourceResolved-GA,1,30,30,0.0029129981994628906,0,True
Random_n30_52,Random,30,SourceResolved-GA,1,30,30,0.003057241439819336,0,True
Random_n30_52,Random,30,SourceResolved-GA,1,30,30,0.018202543258666992,6,True
Random_n30_52,Random,30,SourceResolved-GA,1,30,30,0.11048650741577148,42,True
Random_n30_52,Random,30,SourceResolved-GA,1,30,30,0.10022091865539551,37,True
Random_n30_52,Random,30,SourceResolved-GA,1,30,30,0.03451991081237793,12,True
Random_n30_52,Random,30,SourceResolved-GA,1,30,30,0.05866217613220215,21,True
Random_n30_52,Random,30,SourceResolved-GA,1,30,30,0.011013031005859375,3,True
Random_n30_52,Random,30,MS-SourceResolved-GA,1,30,30,0.056975603103637695,56,True
Random_n30_52,Random,30,MS-SourceResolved-GA,1,30,30,0.19183969497680664,26,True
Random_n30_52,Random,30,MS-SourceResolved-GA,1,30,30,0.06113719940185547,58,True
Random_n30_52,Random,30,MS-SourceResolved-GA,1,30,30,0.0865938663482666,86,True
Random_n30_52,Random,30,MS-SourceResolved-GA,1,30,30,0.11805200576782227,0,True
Random_n30_52,Random,30,MS-SourceResolved-GA,1,30,30,0.0813593864440918,71,True
Random_n30_52,Random,30,MS-SourceResolved-GA,1,30,30,0.12146925926208496,0,True
Random_n30_52,Random,30,MS-SourceResolved-GA,0,30,30,0.5426263809204102,150,True
Random_n30_52,Random,30,MS-SourceResolved-GA,1,30,30,0.033908843994140625,30,True
Random_n30_52,Random,30,MS-SourceResolved-GA,1,30,30,0.05883145332336426,54,True
Random_n30_13,Random,30,SourceResolved-GA,1,30,30,0.09147310256958008,36,True
Random_n30_13,Random,30,SourceResolved-GA,0,30,30,0.6327023506164551,200,True
Random_n30_13,Random,30,SourceResolved-GA,1,30,30,0.2027885913848877,48,True
Random_n30_13,Random,30,SourceResolved-GA,1,30,30,0.0064775943756103516,0,True
Random_n30_13,Random,30,SourceResolved-GA,1,30,30,0.14896059036254883,27,True
Random_n30_13,Random,30,SourceResolved-GA,1,30,30,0.0062389373779296875,0,True
Random_n30_13,Random,30,SourceResolved-GA,0,27,27,1.0575122833251953,200,True
Random_n30_13,Random,30,SourceResolved-GA,1,30,30,0.2599761486053467,48,True
Random_n30_13,Random,30,SourceResolved-GA,1,30,30,0.11092519760131836,20,True
Random_n30_13,Random,30,SourceResolved-GA,0,30,30,1.0561823844909668,200,True
Random_n30_13,Random,30,MS-SourceResolved-GA,0,28,28,0.7233927249908447,150,True
Random_n30_13,Random,30,MS-SourceResolved-GA,1,30,30,0.18223786354064941,5,True
Random_n30_13,Random,30,MS-SourceResolved-GA,1,30,30,0.24495530128479004,40,True
Random_n30_13,Random,30,MS-SourceResolved-GA,1,30,30,0.3271610736846924,24,True
Random_n30_13,Random,30,MS-SourceResolved-GA,1,30,30,0.17302799224853516,87,True
Random_n30_13,Random,30,MS-SourceResolved-GA,1,30,30,0.6897075176239014,92,True
Random_n30_13,Random,30,MS-SourceResolved-GA,1,30,30,0.23918843269348145,6,True
Random_n30_13,Random,30,MS-SourceResolved-GA,1,30,30,0.43964123725891113,50,True
Random_n30_13,Random,30,MS-SourceResolved-GA,1,30,30,0.2995290756225586,18,True
Random_n30_13,Random,30,MS-SourceResolved-GA,1,30,30,0.6434924602508545,83,True
Random_n30_14,Random,30,SourceResolved-GA,1,30,30,0.20376944541931152,38,True
Random_n30_14,Random,30,SourceResolved-GA,0,29,29,1.041515827178955,200,True
Random_n30_14,Random,30,SourceResolved-GA,1,30,30,0.005985736846923828,0,True
Random_n30_14,Random,30,SourceResolved-GA,1,30,30,0.005938529968261719,0,True
Random_n30_14,Random,30,SourceResolved-GA,1,30,30,0.0060923099517822266,0,True
Random_n30_14,Random,30,SourceResolved-GA,1,30,30,0.005966663360595703,0,True
Random_n30_14,Random,30,SourceResolved-GA,1,30,30,0.006093263626098633,0,True
Random_n30_14,Random,30,SourceResolved-GA,1,30,30,0.057738304138183594,10,True
Random_n30_14,Random,30,SourceResolved-GA,1,30,30,0.25408053398132324,48,True
Random_n30_14,Random,30,SourceResolved-GA,1,30,30,0.13160991668701172,24,True
Random_n30_14,Random,30,MS-SourceResolved-GA,0,30,30,0.9870517253875732,150,True
Random_n30_14,Random,30,MS-SourceResolved-GA,1,30,30,0.20572471618652344,0,True
Random_n30_14,Random,30,MS-SourceResolved-GA,1,30,30,0.13094544410705566,66,True
Random_n30_14,Random,30,MS-SourceResolved-GA,1,30,30,0.07084512710571289,36,True
Random_n30_14,Random,30,MS-SourceResolved-GA,0,17,17,0.9443247318267822,150,True
Random_n30_14,Random,30,MS-SourceResolved-GA,1,30,30,0.19195818901062012,0,True
Random_n30_14,Random,30,MS-SourceResolved-GA,1,30,30,0.20917463302612305,0,True
Random_n30_14,Random,30,MS-SourceResolved-GA,0,28,28,0.9941442012786865,150,True
Random_n30_14,Random,30,MS-SourceResolved-GA,1,30,30,0.49091625213623047,54,True
Random_n30_14,Random,30,MS-SourceResolved-GA,1,30,30,0.2078380584716797,0,True
Random_n30_15,Random,30,SourceResolved-GA,1,30,30,0.12140941619873047,22,True
Random_n30_15,Random,30,SourceResolved-GA,1,30,30,0.2740612030029297,51,True
Random_n30_15,Random,30,SourceResolved-GA,1,30,30,0.006203889846801758,0,True
Random_n30_15,Random,30,SourceResolved-GA,1,30,30,0.24108266830444336,45,True
Random_n30_15,Random,30,SourceResolved-GA,0,30,30,1.0436015129089355,200,True
Random_n30_15,Random,30,SourceResolved-GA,1,30,30,0.22472238540649414,42,True
Random_n30_15,Random,30,SourceResolved-GA,1,30,30,0.05814218521118164,10,True
Random_n30_15,Random,30,SourceResolved-GA,0,30,30,0.7338564395904541,200,True
Random_n30_15,Random,30,SourceResolved-GA,1,30,30,0.26284098625183105,84,True
Random_n30_15,Random,30,SourceResolved-GA,1,30,30,0.0028791427612304688,0,True
Random_n30_15,Random,30,MS-SourceResolved-GA,1,30,30,0.29729175567626953,32,True
Random_n30_15,Random,30,MS-SourceResolved-GA,1,30,30,0.20119071006774902,0,True
Random_n30_15,Random,30,MS-SourceResolved-GA,1,30,30,0.10416293144226074,55,True
Random_n30_15,Random,30,MS-SourceResolved-GA,1,30,30,0.16447043418884277,8,True
Random_n30_15,Random,30,MS-SourceResolved-GA,1,30,30,0.2078564167022705,0,True
Random_n30_15,Random,30,MS-SourceResolved-GA,1,30,30,0.4669623374938965,50,True
Random_n30_15,Random,30,MS-SourceResolved-GA,1,30,30,0.2235393524169922,24,True
Random_n30_15,Random,30,MS-SourceResolved-GA,1,30,30,0.1675126552581787,88,True
Random_n30_15,Random,30,MS-SourceResolved-GA,1,30,30,0.2008960247039795,0,True
Random_n30_15,Random,30,MS-SourceResolved-GA,1,30,30,0.4763908386230469,52,True
Random_n30_16,Random,30,SourceResolved-GA,1,30,30,0.12423348426818848,23,True
Random_n30_16,Random,30,SourceResolved-GA,1,30,30,0.16903424263000488,32,True
Random_n30_16,Random,30,SourceResolved-GA,1,30,30,0.17197322845458984,36,True
Random_n30_16,Random,30,SourceResolved-GA,0,28,28,0.6152546405792236,200,True
Random_n30_16,Random,30,SourceResolved-GA,0,29,29,0.7827017307281494,200,True
Random_n30_16,Random,30,SourceResolved-GA,1,30,30,0.11666631698608398,21,True
Random_n30_16,Random,30,SourceResolved-GA,1,30,30,0.3165395259857178,60,True
Random_n30_16,Random,30,SourceResolved-GA,1,30,30,0.19666361808776855,37,True
Random_n30_16,Random,30,SourceResolved-GA,0,29,29,1.034909725189209,200,True
Random_n30_16,Random,30,SourceResolved-GA,1,30,30,0.1658635139465332,31,True
Random_n30_16,Random,30,MS-SourceResolved-GA,1,30,30,0.39592909812927246,65,True
Random_n30_16,Random,30,MS-SourceResolved-GA,1,30,30,0.14081335067749023,0,True
Random_n30_16,Random,30,MS-SourceResolved-GA,0,30,30,0.8361215591430664,150,True
Random_n30_16,Random,30,MS-SourceResolved-GA,1,30,30,0.0969235897064209,49,True
Random_n30_16,Random,30,MS-SourceResolved-GA,1,30,30,0.2070167064666748,0,True
Random_n30_16,Random,30,MS-SourceResolved-GA,1,30,30,0.2075483798980713,0,True
Random_n30_16,Random,30,MS-SourceResolved-GA,1,30,30,0.20488858222961426,0,True
Random_n30_16,Random,30,MS-SourceResolved-GA,1,30,30,0.26358819007873535,11,True
Random_n30_16,Random,30,MS-SourceResolved-GA,1,30,30,0.3850440979003906,36,True
Random_n30_16,Random,30,MS-SourceResolved-GA,0,30,30,0.9802353382110596,150,True
Random_n30_45,Random,30,SourceResolved-GA,1,30,30,0.28867554664611816,54,True
Random_n30_45,Random,30,SourceResolved-GA,1,30,30,0.1616959571838379,30,True
Random_n30_45,Random,30,SourceResolved-GA,0,23,23,1.0462555885314941,200,True
Random_n30_45,Random,30,SourceResolved-GA,1,30,30,0.09394192695617676,17,True
Random_n30_45,Random,30,SourceResolved-GA,1,30,30,0.0311739444732666,5,True
Random_n30_45,Random,30,SourceResolved-GA,1,30,30,0.1982126235961914,37,True
Random_n30_45,Random,30,SourceResolved-GA,1,30,30,0.2635226249694824,50,True
Random_n30_45,Random,30,SourceResolved-GA,1,30,30,0.05367326736450195,9,True
Random_n30_45,Random,30,SourceResolved-GA,1,30,30,0.08872079849243164,16,True
Random_n30_45,Random,30,SourceResolved-GA,1,30,30,0.20508766174316406,38,True
Random_n30_45,Random,30,MS-SourceResolved-GA,1,30,30,0.11685800552368164,59,True
Random_n30_45,Random,30,MS-SourceResolved-GA,1,30,30,0.41341710090637207,40,True
Random_n30_45,Random,30,MS-SourceResolved-GA,0,30,30,0.9876477718353271,150,True
Random_n30_45,Random,30,MS-SourceResolved-GA,1,30,30,0.45721006393432617,60,True
Random_n30_45,Random,30,MS-SourceResolved-GA,1,30,30,0.20898056030273438,0,True
Random_n30_45,Random,30,MS-SourceResolved-GA,1,30,30,0.20812201499938965,0,True
Random_n30_45,Random,30,MS-SourceResolved-GA,1,30,30,0.3563046455383301,28,True
Random_n30_45,Random,30,MS-SourceResolved-GA,1,30,30,0.34290552139282227,26,True
Random_n30_45,Random,30,MS-SourceResolved-GA,1,30,30,0.209334135055542,0,True
Random_n30_45,Random,30,MS-SourceResolved-GA,1,30,30,0.3341686725616455,24,True
Random_n30_46,Random,30,SourceResolved-GA,1,30,30,0.006116390228271484,0,True
Random_n30_46,Random,30,SourceResolved-GA,1,30,30,0.0060617923736572266,0,True
Random_n30_46,Random,30,SourceResolved-GA,0,29,29,1.0461227893829346,200,True
Random_n30_46,Random,30,SourceResolved-GA,1,30,30,0.2104048728942871,40,True
Random_n30_46,Random,30,SourceResolved-GA,1,30,30,0.1352553367614746,25,True
Random_n30_46,Random,30,SourceResolved-GA,1,30,30,0.006002664566040039,0,True
Random_n30_46,Random,30,SourceResolved-GA,1,30,30,0.0059757232666015625,0,True
Random_n30_46,Random,30,SourceResolved-GA,1,30,30,0.0060884952545166016,0,True
Random_n30_46,Random,30,SourceResolved-GA,1,30,30,0.005975246429443359,0,True
Random_n30_46,Random,30,SourceResolved-GA,1,30,30,0.00615692138671875,0,True
Random_n30_46,Random,30,MS-SourceResolved-GA,1,30,30,0.4332542419433594,43,True
Random_n30_46,Random,30,MS-SourceResolved-GA,1,30,30,0.3004729747772217,18,True
Random_n30_46,Random,30,MS-SourceResolved-GA,1,30,30,0.11425614356994629,58,True
Random_n30_46,Random,30,MS-SourceResolved-GA,1,30,30,0.14422965049743652,73,True
Random_n30_46,Random,30,MS-SourceResolved-GA,1,30,30,0.2836432456970215,27,True
Random_n30_46,Random,30,MS-SourceResolved-GA,1,30,30,0.12141275405883789,11,True
Random_n30_46,Random,30,MS-SourceResolved-GA,1,30,30,0.04789566993713379,52,True
Random_n30_46,Random,30,MS-SourceResolved-GA,1,30,30,0.18077349662780762,36,True
Random_n30_46,Random,30,MS-SourceResolved-GA,1,30,30,0.15676045417785645,19,True
Random_n30_46,Random,30,MS-SourceResolved-GA,1,30,30,0.19488120079040527,0,True
Random_n30_47,Random,30,SourceResolved-GA,1,30,30,0.15980935096740723,30,True
Random_n30_47,Random,30,SourceResolved-GA,1,30,30,0.10256433486938477,21,True
Random_n30_47,Random,30,SourceResolved-GA,1,30,30,0.25516271591186523,63,True
Random_n30_47,Random,30,SourceResolved-GA,1,30,30,0.005981922149658203,0,True
Random_n30_47,Random,30,SourceResolved-GA,1,30,30,0.13100790977478027,24,True
Random_n30_47,Random,30,SourceResolved-GA,1,30,30,0.0736083984375,13,True
Random_n30_47,Random,30,SourceResolved-GA,1,30,30,0.006147146224975586,0,True
Random_n30_47,Random,30,SourceResolved-GA,1,30,30,0.1472158432006836,27,True
Random_n30_47,Random,30,SourceResolved-GA,1,30,30,0.30828356742858887,58,True
Random_n30_47,Random,30,SourceResolved-GA,1,30,30,0.08127260208129883,31,True
Random_n30_47,Random,30,MS-SourceResolved-GA,1,30,30,0.38044214248657227,41,True
Random_n30_47,Random,30,MS-SourceResolved-GA,1,30,30,0.2083275318145752,0,True
Random_n30_47,Random,30,MS-SourceResolved-GA,1,30,30,0.3083791732788086,20,True
Random_n30_47,Random,30,MS-SourceResolved-GA,1,30,30,0.4210939407348633,42,True
Random_n30_47,Random,30,MS-SourceResolved-GA,1,30,30,0.16600775718688965,0,True
Random_n30_47,Random,30,MS-SourceResolved-GA,1,30,30,0.2649352550506592,72,True
Random_n30_47,Random,30,MS-SourceResolved-GA,1,30,30,0.11926770210266113,0,True
Random_n30_47,Random,30,MS-SourceResolved-GA,1,30,30,0.24677538871765137,18,True
Random_n30_47,Random,30,MS-SourceResolved-GA,1,30,30,0.09519743919372559,0,True
Random_n30_47,Random,30,MS-SourceResolved-GA,1,30,30,0.10403943061828613,0,True
Random_n30_48,Random,30,SourceResolved-GA,1,30,30,0.11491227149963379,22,True
Random_n30_48,Random,30,SourceResolved-GA,1,30,30,0.17421174049377441,32,True
Random_n30_48,Random,30,SourceResolved-GA,0,29,29,1.048783302307129,200,True
Random_n30_48,Random,30,SourceResolved-GA,1,30,30,0.3397953510284424,64,True
Random_n30_48,Random,30,SourceResolved-GA,1,30,30,0.21264123916625977,40,True
Random_n30_48,Random,30,SourceResolved-GA,1,30,30,0.09345555305480957,17,True
Random_n30_48,Random,30,SourceResolved-GA,1,30,30,0.18140959739685059,34,True
Random_n30_48,Random,30,SourceResolved-GA,1,30,30,0.0057637691497802734,0,True
Random_n30_48,Random,30,SourceResolved-GA,1,30,30,0.3224973678588867,61,True
Random_n30_48,Random,30,SourceResolved-GA,1,30,30,0.1905663013458252,69,True
Random_n30_48,Random,30,MS-SourceResolved-GA,1,30,30,0.06951379776000977,59,True
Random_n30_48,Random,30,MS-SourceResolved-GA,1,30,30,0.19785571098327637,0,True
Random_n30_48,Random,30,MS-SourceResolved-GA,0,29,29,0.8281748294830322,150,True
Random_n30_48,Random,30,MS-SourceResolved-GA,1,30,30,0.8775393962860107,129,True
Random_n30_48,Random,30,MS-SourceResolved-GA,1,30,30,0.20483756065368652,0,True
Random_n30_48,Random,30,MS-SourceResolved-GA,1,30,30,0.2386484146118164,8,True
Random_n30_48,Random,30,MS-SourceResolved-GA,1,30,30,0.20632696151733398,0,True
Random_n30_48,Random,30,MS-SourceResolved-GA,1,30,30,0.2745084762573242,13,True
Random_n30_48,Random,30,MS-SourceResolved-GA,1,30,30,0.33867788314819336,25,True
Random_n30_48,Random,30,MS-SourceResolved-GA,1,30,30,0.392855167388916,36,True
Random_n30_53,Random,30,SourceResolved-GA,1,30,30,0.0060808658599853516,0,True
Random_n30_53,Random,30,SourceResolved-GA,1,30,30,0.005995750427246094,0,True
Random_n30_53,Random,30,SourceResolved-GA,1,30,30,0.0059049129486083984,0,True
Random_n30_53,Random,30,SourceResolved-GA,1,30,30,0.12459540367126465,23,True
Random_n30_53,Random,30,SourceResolved-GA,1,30,30,0.00597691535949707,0,True
Random_n30_53,Random,30,SourceResolved-GA,1,30,30,0.006006956100463867,0,True
Random_n30_53,Random,30,SourceResolved-GA,1,30,30,0.0062253475189208984,0,True
Random_n30_53,Random,30,SourceResolved-GA,1,30,30,0.005907773971557617,0,True
Random_n30_53,Random,30,SourceResolved-GA,1,30,30,0.08354330062866211,15,True
Random_n30_53,Random,30,SourceResolved-GA,1,30,30,0.0059621334075927734,0,True
Random_n30_53,Random,30,MS-SourceResolved-GA,1,30,30,0.2564408779144287,10,True
Random_n30_53,Random,30,MS-SourceResolved-GA,1,30,30,0.2087397575378418,0,True
Random_n30_53,Random,30,MS-SourceResolved-GA,1,30,30,0.12439155578613281,63,True
Random_n30_53,Random,30,MS-SourceResolved-GA,1,30,30,0.20575881004333496,0,True
Random_n30_53,Random,30,MS-SourceResolved-GA,1,30,30,0.09244155883789062,46,True
Random_n30_53,Random,30,MS-SourceResolved-GA,1,30,30,0.20673632621765137,0,True
Random_n30_53,Random,30,MS-SourceResolved-GA,1,30,30,0.0910487174987793,46,True
Random_n30_53,Random,30,MS-SourceResolved-GA,1,30,30,0.1932203769683838,98,True
Random_n30_53,Random,30,MS-SourceResolved-GA,1,30,30,0.20770955085754395,0,True
Random_n30_53,Random,30,MS-SourceResolved-GA,1,30,30,0.05440974235534668,27,True
Random_n30_54,Random,30,SourceResolved-GA,1,30,30,0.49231600761413574,94,True
Random_n30_54,Random,30,SourceResolved-GA,1,30,30,0.00606536865234375,0,True
Random_n30_54,Random,30,SourceResolved-GA,1,30,30,0.14312362670898438,26,True
Random_n30_54,Random,30,SourceResolved-GA,1,30,30,0.0630495548248291,11,True
Random_n30_54,Random,30,SourceResolved-GA,1,30,30,0.08387064933776855,15,True
Random_n30_54,Random,30,SourceResolved-GA,0,29,29,0.9834885597229004,200,True
Random_n30_54,Random,30,SourceResolved-GA,0,30,30,1.059690237045288,200,True
Random_n30_54,Random,30,SourceResolved-GA,1,30,30,0.8341889381408691,159,True
Random_n30_54,Random,30,SourceResolved-GA,1,30,30,0.0996103286743164,18,True
Random_n30_54,Random,30,SourceResolved-GA,1,30,30,0.3312866687774658,63,True
Random_n30_54,Random,30,MS-SourceResolved-GA,1,30,30,0.09225153923034668,47,True
Random_n30_54,Random,30,MS-SourceResolved-GA,0,29,29,0.9901065826416016,150,True
Random_n30_54,Random,30,MS-SourceResolved-GA,1,30,30,0.15674757957458496,79,True
Random_n30_54,Random,30,MS-SourceResolved-GA,1,30,30,0.31587958335876465,44,True
Random_n30_54,Random,30,MS-SourceResolved-GA,1,30,30,0.09435176849365234,0,True
Random_n30_54,Random,30,MS-SourceResolved-GA,1,30,30,0.5445578098297119,145,True
Random_n30_54,Random,30,MS-SourceResolved-GA,1,30,30,0.20146608352661133,1,True
Random_n30_54,Random,30,MS-SourceResolved-GA,1,30,30,0.6294450759887695,98,True
Random_n30_54,Random,30,MS-SourceResolved-GA,1,30,30,0.31038498878479004,20,True
Random_n30_54,Random,30,MS-SourceResolved-GA,1,30,30,0.2694740295410156,33,True
Random_n30_55,Random,30,SourceResolved-GA,1,30,30,0.1504204273223877,29,True
Random_n30_55,Random,30,SourceResolved-GA,1,30,30,0.10885858535766602,20,True
Random_n30_55,Random,30,SourceResolved-GA,1,30,30,0.005982398986816406,0,True
Random_n30_55,Random,30,SourceResolved-GA,1,30,30,0.006001949310302734,0,True
Random_n30_55,Random,30,SourceResolved-GA,1,30,30,0.0059969425201416016,0,True
Random_n30_55,Random,30,SourceResolved-GA,1,30,30,0.006068229675292969,0,True
Random_n30_55,Random,30,SourceResolved-GA,1,30,30,0.005971670150756836,0,True
Random_n30_55,Random,30,SourceResolved-GA,0,30,30,1.0412137508392334,200,True
Random_n30_55,Random,30,SourceResolved-GA,1,30,30,0.05964946746826172,23,True
Random_n30_55,Random,30,SourceResolved-GA,1,30,30,0.0028302669525146484,0,True
Random_n30_55,Random,30,MS-SourceResolved-GA,1,30,30,0.04748344421386719,52,True
Random_n30_55,Random,30,MS-SourceResolved-GA,1,30,30,0.14890456199645996,23,True
Random_n30_55,Random,30,MS-SourceResolved-GA,1,30,30,0.0865013599395752,96,True
Random_n30_55,Random,30,MS-SourceResolved-GA,1,30,30,0.15233278274536133,97,True
Random_n30_55,Random,30,MS-SourceResolved-GA,1,30,30,0.1062004566192627,56,True
Random_n30_55,Random,30,MS-SourceResolved-GA,1,30,30,0.048146724700927734,37,True
Random_n30_55,Random,30,MS-SourceResolved-GA,1,30,30,0.13250303268432617,16,True
Random_n30_55,Random,30,MS-SourceResolved-GA,1,30,30,0.3657059669494629,49,True
Random_n30_55,Random,30,MS-SourceResolved-GA,1,30,30,0.08833932876586914,44,True
Random_n30_55,Random,30,MS-SourceResolved-GA,1,30,30,0.17634224891662598,88,True
Random_n30_56,Random,30,SourceResolved-GA,1,30,30,0.28858160972595215,54,True
Random_n30_56,Random,30,SourceResolved-GA,1,30,30,0.005972385406494141,0,True
Random_n30_56,Random,30,SourceResolved-GA,1,30,30,0.0059452056884765625,0,True
Random_n30_56,Random,30,SourceResolved-GA,1,30,30,0.005822896957397461,0,True
Random_n30_56,Random,30,SourceResolved-GA,1,30,30,0.006069660186767578,0,True
Random_n30_56,Random,30,SourceResolved-GA,1,30,30,0.2553138732910156,48,True
Random_n30_56,Random,30,SourceResolved-GA,0,28,28,1.0388600826263428,200,True
Random_n30_56,Random,30,SourceResolved-GA,0,16,16,0.7988433837890625,200,True
Random_n30_56,Random,30,SourceResolved-GA,1,30,30,0.0028188228607177734,0,True
Random_n30_56,Random,30,SourceResolved-GA,1,30,30,0.12024378776550293,47,True
Random_n30_56,Random,30,MS-SourceResolved-GA,1,30,30,0.11771655082702637,63,True
Random_n30_56,Random,30,MS-SourceResolved-GA,1,30,30,0.29367899894714355,18,True
Random_n30_56,Random,30,MS-SourceResolved-GA,0,26,26,0.9801514148712158,150,True
Random_n30_56,Random,30,MS-SourceResolved-GA,1,30,30,0.27991724014282227,14,True
Random_n30_56,Random,30,MS-SourceResolved-GA,1,30,30,0.47221803665161133,53,True
Random_n30_56,Random,30,MS-SourceResolved-GA,0,22,22,0.9862022399902344,150,True
Random_n30_56,Random,30,MS-SourceResolved-GA,1,30,30,0.20740294456481934,0,True
Random_n30_56,Random,30,MS-SourceResolved-GA,1,30,30,0.208693265914917,0,True
Random_n30_56,Random,30,MS-SourceResolved-GA,1,30,30,0.24946093559265137,8,True
Random_n30_56,Random,30,MS-SourceResolved-GA,1,30,30,0.25906801223754883,10,True
Random_n30_37,Random,30,SourceResolved-GA,1,30,30,0.13428449630737305,28,True
Random_n30_37,Random,30,SourceResolved-GA,1,30,30,0.03974270820617676,13,True
Random_n30_37,Random,30,SourceResolved-GA,1,30,30,0.18683815002441406,65,True
Random_n30_37,Random,30,SourceResolved-GA,1,30,30,0.14002633094787598,45,True
Random_n30_37,Random,30,SourceResolved-GA,1,30,30,0.003172636032104492,0,True
Random_n30_37,Random,30,SourceResolved-GA,0,29,29,0.8122899532318115,200,True
Random_n30_37,Random,30,SourceResolved-GA,1,30,30,0.005619049072265625,0,True
Random_n30_37,Random,30,SourceResolved-GA,0,30,30,0.8993215560913086,200,True
Random_n30_37,Random,30,SourceResolved-GA,0,23,23,0.6326742172241211,200,True
Random_n30_37,Random,30,SourceResolved-GA,1,30,30,0.7076873779296875,136,True
Random_n30_37,Random,30,MS-SourceResolved-GA,1,30,30,0.2067546844482422,0,True
Random_n30_37,Random,30,MS-SourceResolved-GA,1,30,30,0.206496000289917,0,True
Random_n30_37,Random,30,MS-SourceResolved-GA,1,30,30,0.2050623893737793,0,True
Random_n30_37,Random,30,MS-SourceResolved-GA,1,30,30,0.5216372013092041,61,True
Random_n30_37,Random,30,MS-SourceResolved-GA,1,30,30,0.17635130882263184,90,True
Random_n30_37,Random,30,MS-SourceResolved-GA,1,30,30,0.16932988166809082,86,True
Random_n30_37,Random,30,MS-SourceResolved-GA,1,30,30,0.4559793472290039,60,True
Random_n30_37,Random,30,MS-SourceResolved-GA,1,30,30,0.2068948745727539,0,True
Random_n30_37,Random,30,MS-SourceResolved-GA,1,30,30,0.20920562744140625,0,True
Random_n30_37,Random,30,MS-SourceResolved-GA,1,30,30,0.20797085762023926,0,True
Random_n30_38,Random,30,SourceResolved-GA,1,30,30,0.19856548309326172,37,True
Random_n30_38,Random,30,SourceResolved-GA,1,30,30,0.08091068267822266,16,True
Random_n30_38,Random,30,SourceResolved-GA,1,30,30,0.0031309127807617188,0,True
Random_n30_38,Random,30,SourceResolved-GA,1,30,30,0.11232185363769531,42,True
Random_n30_38,Random,30,SourceResolved-GA,1,30,30,0.10219550132751465,32,True
Random_n30_38,Random,30,SourceResolved-GA,1,30,30,0.047617197036743164,17,True
Random_n30_38,Random,30,SourceResolved-GA,1,30,30,0.003154754638671875,0,True
Random_n30_38,Random,30,SourceResolved-GA,1,30,30,0.0031964778900146484,0,True
Random_n30_38,Random,30,SourceResolved-GA,1,30,30,0.06358766555786133,23,True
Random_n30_38,Random,30,SourceResolved-GA,1,30,30,0.03184771537780762,11,True
Random_n30_38,Random,30,MS-SourceResolved-GA,1,30,30,0.06686258316040039,66,True
Random_n30_38,Random,30,MS-SourceResolved-GA,1,30,30,0.12033867835998535,4,True
Random_n30_38,Random,30,MS-SourceResolved-GA,1,30,30,0.1585099697113037,18,True
Random_n30_38,Random,30,MS-SourceResolved-GA,1,30,30,0.09571647644042969,87,True
Random_n30_38,Random,30,MS-SourceResolved-GA,1,30,30,0.3183145523071289,23,True
Random_n30_38,Random,30,MS-SourceResolved-GA,1,30,30,0.14318346977233887,0,True
Random_n30_38,Random,30,MS-SourceResolved-GA,1,30,30,0.2129228115081787,1,True
Random_n30_38,Random,30,MS-SourceResolved-GA,1,30,30,0.20749711990356445,0,True
Random_n30_38,Random,30,MS-SourceResolved-GA,1,30,30,0.20588254928588867,0,True
Random_n30_38,Random,30,MS-SourceResolved-GA,1,30,30,0.32451486587524414,23,True
Random_n30_39,Random,30,SourceResolved-GA,1,30,30,0.11931157112121582,22,True
Random_n30_39,Random,30,SourceResolved-GA,1,30,30,0.11074686050415039,20,True
Random_n30_39,Random,30,SourceResolved-GA,0,30,30,0.8035814762115479,200,True
Random_n30_39,Random,30,SourceResolved-GA,0,28,28,0.5626106262207031,200,True
Random_n30_39,Random,30,SourceResolved-GA,0,29,29,0.7106072902679443,200,True
Random_n30_39,Random,30,SourceResolved-GA,0,20,20,0.9487226009368896,200,True
Random_n30_39,Random,30,SourceResolved-GA,1,30,30,0.05683755874633789,23,True
Random_n30_39,Random,30,SourceResolved-GA,1,30,30,0.0028793811798095703,0,True
Random_n30_39,Random,30,SourceResolved-GA,1,30,30,0.003627300262451172,0,True
Random_n30_39,Random,30,SourceResolved-GA,0,30,30,1.025886058807373,200,True
Random_n30_39,Random,30,MS-SourceResolved-GA,1,30,30,0.3768806457519531,34,True
Random_n30_39,Random,30,MS-SourceResolved-GA,1,30,30,0.27728986740112305,71,True
Random_n30_39,Random,30,MS-SourceResolved-GA,1,30,30,0.2911562919616699,46,True
Random_n30_39,Random,30,MS-SourceResolved-GA,1,30,30,0.17346763610839844,14,True
Random_n30_39,Random,30,MS-SourceResolved-GA,0,28,28,0.8129582405090332,150,True
Random_n30_39,Random,30,MS-SourceResolved-GA,1,30,30,0.3762984275817871,33,True
Random_n30_39,Random,30,MS-SourceResolved-GA,1,30,30,0.48955464363098145,55,True
Random_n30_39,Random,30,MS-SourceResolved-GA,0,25,25,0.9801614284515381,150,True
Random_n30_39,Random,30,MS-SourceResolved-GA,0,20,20,0.6411805152893066,150,True
Random_n30_39,Random,30,MS-SourceResolved-GA,1,30,30,0.09623098373413086,67,True
Random_n30_40,Random,30,SourceResolved-GA,1,30,30,0.08182787895202637,16,True
Random_n30_40,Random,30,SourceResolved-GA,0,30,30,1.050100564956665,200,True
Random_n30_40,Random,30,SourceResolved-GA,1,30,30,0.12477946281433105,23,True
Random_n30_40,Random,30,SourceResolved-GA,1,30,30,0.05927419662475586,10,True
Random_n30_40,Random,30,SourceResolved-GA,1,30,30,0.006110429763793945,0,True
Random_n30_40,Random,30,SourceResolved-GA,1,30,30,0.5803029537200928,112,True
Random_n30_40,Random,30,SourceResolved-GA,1,30,30,0.24048328399658203,45,True
Random_n30_40,Random,30,SourceResolved-GA,1,30,30,0.006276130676269531,0,True
Random_n30_40,Random,30,SourceResolved-GA,1,30,30,0.12018513679504395,22,True
Random_n30_40,Random,30,SourceResolved-GA,1,30,30,0.006117343902587891,0,True
Random_n30_40,Random,30,MS-SourceResolved-GA,1,30,30,0.20888590812683105,0,True
Random_n30_40,Random,30,MS-SourceResolved-GA,0,30,30,0.989016056060791,150,True
Random_n30_40,Random,30,MS-SourceResolved-GA,1,30,30,0.20711159706115723,0,True
Random_n30_40,Random,30,MS-SourceResolved-GA,1,30,30,0.1437969207763672,72,True
Random_n30_40,Random,30,MS-SourceResolved-GA,0,29,29,0.9875133037567139,150,True
Random_n30_40,Random,30,MS-SourceResolved-GA,1,30,30,0.30594587326049805,19,True
Random_n30_40,Random,30,MS-SourceResolved-GA,1,30,30,0.20685052871704102,0,True
Random_n30_40,Random,30,MS-SourceResolved-GA,0,26,26,0.9852707386016846,150,True
Random_n30_40,Random,30,MS-SourceResolved-GA,1,30,30,0.3546407222747803,28,True
Random_n30_40,Random,30,MS-SourceResolved-GA,1,30,30,0.20635628700256348,0,True
Random_n30_21,Random,30,SourceResolved-GA,0,28,28,1.0523598194122314,200,True
Random_n30_21,Random,30,SourceResolved-GA,0,29,29,1.0528099536895752,200,True
Random_n30_21,Random,30,SourceResolved-GA,1,30,30,0.0059833526611328125,0,True
Random_n30_21,Random,30,SourceResolved-GA,1,30,30,0.25218796730041504,48,True
Random_n30_21,Random,30,SourceResolved-GA,1,30,30,0.36455655097961426,68,True
Random_n30_21,Random,30,SourceResolved-GA,1,30,30,0.33627748489379883,63,True
Random_n30_21,Random,30,SourceResolved-GA,1,30,30,0.07152700424194336,21,True
Random_n30_21,Random,30,SourceResolved-GA,1,30,30,0.10391807556152344,43,True
Random_n30_21,Random,30,SourceResolved-GA,0,29,29,0.6461377143859863,200,True
Random_n30_21,Random,30,SourceResolved-GA,0,19,19,1.0386760234832764,200,True
Random_n30_21,Random,30,MS-SourceResolved-GA,1,30,30,0.2552313804626465,9,True
Random_n30_21,Random,30,MS-SourceResolved-GA,1,30,30,0.3994889259338379,38,True
Random_n30_21,Random,30,MS-SourceResolved-GA,1,30,30,0.31512904167175293,26,True
Random_n30_21,Random,30,MS-SourceResolved-GA,0,28,28,0.9828798770904541,150,True
Random_n30_21,Random,30,MS-SourceResolved-GA,1,30,30,0.45835041999816895,48,True
Random_n30_21,Random,30,MS-SourceResolved-GA,0,22,22,0.9828996658325195,150,True
Random_n30_21,Random,30,MS-SourceResolved-GA,0,29,29,0.9877743721008301,150,True
Random_n30_21,Random,30,MS-SourceResolved-GA,1,30,30,0.3341379165649414,24,True
Random_n30_21,Random,30,MS-SourceResolved-GA,0,30,30,0.9791507720947266,150,True
Random_n30_21,Random,30,MS-SourceResolved-GA,1,30,30,0.19208860397338867,97,True
Random_n30_22,Random,30,SourceResolved-GA,0,29,29,1.024322748184204,200,True
Random_n30_22,Random,30,SourceResolved-GA,1,30,30,0.1571211814880371,29,True
Random_n30_22,Random,30,SourceResolved-GA,1,30,30,0.006329536437988281,0,True
Random_n30_22,Random,30,SourceResolved-GA,1,30,30,0.3039829730987549,57,True
Random_n30_22,Random,30,SourceResolved-GA,1,30,30,0.21307611465454102,39,True
Random_n30_22,Random,30,SourceResolved-GA,1,30,30,0.18946123123168945,35,True
Random_n30_22,Random,30,SourceResolved-GA,1,30,30,0.06369686126708984,11,True
Random_n30_22,Random,30,SourceResolved-GA,1,30,30,0.06299018859863281,11,True
Random_n30_22,Random,30,SourceResolved-GA,1,30,30,0.30447936058044434,57,True
Random_n30_22,Random,30,SourceResolved-GA,1,30,30,0.11663961410522461,21,True
Random_n30_22,Random,30,MS-SourceResolved-GA,1,30,30,0.32338452339172363,22,True
Random_n30_22,Random,30,MS-SourceResolved-GA,1,30,30,0.1529378890991211,77,True
Random_n30_22,Random,30,MS-SourceResolved-GA,1,30,30,0.4269413948059082,43,True
Random_n30_22,Random,30,MS-SourceResolved-GA,1,30,30,0.23291659355163574,5,True
Random_n30_22,Random,30,MS-SourceResolved-GA,1,30,30,0.39672374725341797,36,True
Random_n30_22,Random,30,MS-SourceResolved-GA,1,30,30,0.28943586349487305,16,True
Random_n30_22,Random,30,MS-SourceResolved-GA,1,30,30,0.4200165271759033,47,True
Random_n30_22,Random,30,MS-SourceResolved-GA,1,30,30,0.09459710121154785,0,True
Random_n30_22,Random,30,MS-SourceResolved-GA,1,30,30,0.15100455284118652,24,True
Random_n30_22,Random,30,MS-SourceResolved-GA,1,30,30,0.09523701667785645,0,True
Random_n30_23,Random,30,SourceResolved-GA,1,30,30,0.038073062896728516,15,True
Random_n30_23,Random,30,SourceResolved-GA,1,30,30,0.463151216506958,107,True
Random_n30_23,Random,30,SourceResolved-GA,0,29,29,0.9526875019073486,200,True
Random_n30_23,Random,30,SourceResolved-GA,0,28,28,0.9177751541137695,200,True
Random_n30_23,Random,30,SourceResolved-GA,1,30,30,0.2012636661529541,38,True
Random_n30_23,Random,30,SourceResolved-GA,1,30,30,0.006017923355102539,0,True
Random_n30_23,Random,30,SourceResolved-GA,1,30,30,0.3180663585662842,60,True
Random_n30_23,Random,30,SourceResolved-GA,1,30,30,0.005939960479736328,0,True
Random_n30_23,Random,30,SourceResolved-GA,1,30,30,0.5643877983093262,181,True
Random_n30_23,Random,30,SourceResolved-GA,1,30,30,0.002882242202758789,0,True
Random_n30_23,Random,30,MS-SourceResolved-GA,1,30,30,0.46621155738830566,102,True
Random_n30_23,Random,30,MS-SourceResolved-GA,1,30,30,0.23564910888671875,24,True
Random_n30_23,Random,30,MS-SourceResolved-GA,1,30,30,0.2968733310699463,18,True
Random_n30_23,Random,30,MS-SourceResolved-GA,1,30,30,0.8158183097839355,117,True
Random_n30_23,Random,30,MS-SourceResolved-GA,1,30,30,0.4190089702606201,41,True
Random_n30_23,Random,30,MS-SourceResolved-GA,0,30,30,0.9725422859191895,150,True
Random_n30_23,Random,30,MS-SourceResolved-GA,1,30,30,0.11517810821533203,9,True
Random_n30_23,Random,30,MS-SourceResolved-GA,1,30,30,0.32219982147216797,45,True
Random_n30_23,Random,30,MS-SourceResolved-GA,1,30,30,0.10304093360900879,0,True
Random_n30_23,Random,30,MS-SourceResolved-GA,1,30,30,0.3060269355773926,22,True
Random_n30_24,Random,30,SourceResolved-GA,0,30,30,1.046727180480957,200,True
Random_n30_24,Random,30,SourceResolved-GA,1,30,30,0.0072176456451416016,0,True
Random_n30_24,Random,30,SourceResolved-GA,0,28,28,1.0300312042236328,200,True
Random_n30_24,Random,30,SourceResolved-GA,1,30,30,0.11162471771240234,20,True
Random_n30_24,Random,30,SourceResolved-GA,0,20,20,1.0453290939331055,200,True
Random_n30_24,Random,30,SourceResolved-GA,1,30,30,0.011267900466918945,1,True
Random_n30_24,Random,30,SourceResolved-GA,1,30,30,0.006101369857788086,0,True
Random_n30_24,Random,30,SourceResolved-GA,1,30,30,0.02166152000427246,3,True
Random_n30_24,Random,30,SourceResolved-GA,1,30,30,0.005944967269897461,0,True
Random_n30_24,Random,30,SourceResolved-GA,1,30,30,0.20993781089782715,39,True
Random_n30_24,Random,30,MS-SourceResolved-GA,1,30,30,0.31026387214660645,20,True
Random_n30_24,Random,30,MS-SourceResolved-GA,1,30,30,0.3473048210144043,27,True
Random_n30_24,Random,30,MS-SourceResolved-GA,0,30,30,0.9902825355529785,150,True
Random_n30_24,Random,30,MS-SourceResolved-GA,1,30,30,0.11705660820007324,59,True
Random_n30_24,Random,30,MS-SourceResolved-GA,1,30,30,0.35122251510620117,28,True
Random_n30_24,Random,30,MS-SourceResolved-GA,1,30,30,0.20668363571166992,0,True
Random_n30_24,Random,30,MS-SourceResolved-GA,1,30,30,0.20628881454467773,0,True
Random_n30_24,Random,30,MS-SourceResolved-GA,1,30,30,0.13133978843688965,66,True
Random_n30_24,Random,30,MS-SourceResolved-GA,1,30,30,0.20699000358581543,0,True
Random_n30_24,Random,30,MS-SourceResolved-GA,0,16,16,0.9421782493591309,150,True
Random_n30_29,Random,30,SourceResolved-GA,1,30,30,0.10735416412353516,28,True
Random_n30_29,Random,30,SourceResolved-GA,0,20,20,0.6085667610168457,200,True
Random_n30_29,Random,30,SourceResolved-GA,1,30,30,0.1611950397491455,47,True
Random_n30_29,Random,30,SourceResolved-GA,1,30,30,0.04678010940551758,8,True
Random_n30_29,Random,30,SourceResolved-GA,1,30,30,0.006250143051147461,0,True
Random_n30_29,Random,30,SourceResolved-GA,1,30,30,0.10425567626953125,19,True
Random_n30_29,Random,30,SourceResolved-GA,1,30,30,0.006033182144165039,0,True
Random_n30_29,Random,30,SourceResolved-GA,1,30,30,0.22268223762512207,43,True
Random_n30_29,Random,30,SourceResolved-GA,1,30,30,0.8609356880187988,164,True
Random_n30_29,Random,30,SourceResolved-GA,0,29,29,1.0120999813079834,200,True
Random_n30_29,Random,30,MS-SourceResolved-GA,1,30,30,0.14136576652526855,72,True
Random_n30_29,Random,30,MS-SourceResolved-GA,1,30,30,0.16628026962280273,85,True
Random_n30_29,Random,30,MS-SourceResolved-GA,0,23,23,0.9917557239532471,150,True
Random_n30_29,Random,30,MS-SourceResolved-GA,1,30,30,0.42317795753479004,42,True
Random_n30_29,Random,30,MS-SourceResolved-GA,1,30,30,0.2063131332397461,0,True
Random_n30_29,Random,30,MS-SourceResolved-GA,1,30,30,0.20545005798339844,0,True
Random_n30_29,Random,30,MS-SourceResolved-GA,0,29,29,0.9825451374053955,150,True
Random_n30_29,Random,30,MS-SourceResolved-GA,1,30,30,0.27417612075805664,13,True
Random_n30_29,Random,30,MS-SourceResolved-GA,0,29,29,0.9804682731628418,150,True
Random_n30_29,Random,30,MS-SourceResolved-GA,0,27,27,0.9236326217651367,150,True
Random_n30_30,Random,30,SourceResolved-GA,1,30,30,0.8554472923278809,162,True
Random_n30_30,Random,30,SourceResolved-GA,0,26,26,1.0505051612854004,200,True
Random_n30_30,Random,30,SourceResolved-GA,1,30,30,0.21477007865905762,40,True
Random_n30_30,Random,30,SourceResolved-GA,1,30,30,0.006148338317871094,0,True
Random_n30_30,Random,30,SourceResolved-GA,0,29,29,1.0836989879608154,200,True
Random_n30_30,Random,30,SourceResolved-GA,1,30,30,0.006987571716308594,0,True
Random_n30_30,Random,30,SourceResolved-GA,1,30,30,0.26906728744506836,45,True
Random_n30_30,Random,30,SourceResolved-GA,0,30,30,1.1493351459503174,200,True
Random_n30_30,Random,30,SourceResolved-GA,0,30,30,1.1674482822418213,200,True
Random_n30_30,Random,30,SourceResolved-GA,0,30,30,1.1698763370513916,200,True
Random_n30_30,Random,30,MS-SourceResolved-GA,1,30,30,0.24156689643859863,0,True
Random_n30_30,Random,30,MS-SourceResolved-GA,0,28,28,1.058816909790039,150,True
Random_n30_30,Random,30,MS-SourceResolved-GA,1,30,30,0.18135452270507812,83,True
Random_n30_30,Random,30,MS-SourceResolved-GA,0,29,29,1.1099181175231934,150,True
Random_n30_30,Random,30,MS-SourceResolved-GA,1,30,30,0.3575553894042969,21,True
Random_n30_30,Random,30,MS-SourceResolved-GA,1,30,30,0.23324275016784668,0,True
Random_n30_30,Random,30,MS-SourceResolved-GA,0,29,29,1.0928852558135986,150,True
Random_n30_30,Random,30,MS-SourceResolved-GA,1,30,30,0.36689019203186035,23,True
Random_n30_30,Random,30,MS-SourceResolved-GA,1,30,30,0.241835355758667,0,True
Random_n30_30,Random,30,MS-SourceResolved-GA,0,20,20,1.118711233139038,150,True
Random_n30_31,Random,30,SourceResolved-GA,1,30,30,0.00673222541809082,0,True
Random_n30_31,Random,30,SourceResolved-GA,1,30,30,0.012443780899047852,1,True
Random_n30_31,Random,30,SourceResolved-GA,1,30,30,0.006504535675048828,0,True
Random_n30_31,Random,30,SourceResolved-GA,1,30,30,0.006489753723144531,0,True
Random_n30_31,Random,30,SourceResolved-GA,1,30,30,0.17137670516967773,28,True
Random_n30_31,Random,30,SourceResolved-GA,1,30,30,0.03747057914733887,5,True
Random_n30_31,Random,30,SourceResolved-GA,1,30,30,0.10001420974731445,16,True
Random_n30_31,Random,30,SourceResolved-GA,1,30,30,0.10040044784545898,16,True
Random_n30_31,Random,30,SourceResolved-GA,1,30,30,0.006680727005004883,0,True
Random_n30_31,Random,30,SourceResolved-GA,1,30,30,0.3230884075164795,54,True
Random_n30_31,Random,30,MS-SourceResolved-GA,1,30,30,0.23937463760375977,0,True
Random_n30_31,Random,30,MS-SourceResolved-GA,1,30,30,0.18331527709960938,79,True
Random_n30_31,Random,30,MS-SourceResolved-GA,1,30,30,0.19614291191101074,86,True
Random_n30_31,Random,30,MS-SourceResolved-GA,1,30,30,0.245927095413208,0,True
Random_n30_31,Random,30,MS-SourceResolved-GA,1,30,30,0.23991179466247559,0,True
Random_n30_31,Random,30,MS-SourceResolved-GA,1,30,30,0.22099041938781738,96,True
Random_n30_31,Random,30,MS-SourceResolved-GA,1,30,30,0.1499025821685791,65,True
Random_n30_31,Random,30,MS-SourceResolved-GA,1,30,30,0.20483899116516113,90,True
Random_n30_31,Random,30,MS-SourceResolved-GA,1,30,30,0.23725414276123047,0,True
Random_n30_31,Random,30,MS-SourceResolved-GA,1,30,30,0.1557779312133789,70,True
Random_n30_32,Random,30,SourceResolved-GA,1,30,30,0.006586790084838867,0,True
Random_n30_32,Random,30,SourceResolved-GA,1,30,30,0.08511877059936523,14,True
Random_n30_32,Random,30,SourceResolved-GA,0,27,27,1.1404712200164795,200,True
Random_n30_32,Random,30,SourceResolved-GA,1,30,30,0.006210803985595703,0,True
Random_n30_32,Random,30,SourceResolved-GA,1,30,30,0.006838083267211914,0,True
Random_n30_32,Random,30,SourceResolved-GA,1,30,30,0.006621360778808594,0,True
Random_n30_32,Random,30,SourceResolved-GA,1,30,30,0.30128002166748047,51,True
Random_n30_32,Random,30,SourceResolved-GA,1,30,30,0.821814775466919,142,True
Random_n30_32,Random,30,SourceResolved-GA,1,30,30,0.006464242935180664,0,True
Random_n30_32,Random,30,SourceResolved-GA,1,30,30,0.25236988067626953,43,True
Random_n30_32,Random,30,MS-SourceResolved-GA,1,30,30,0.5317256450653076,51,True
Random_n30_32,Random,30,MS-SourceResolved-GA,1,30,30,0.3689463138580322,23,True
Random_n30_32,Random,30,MS-SourceResolved-GA,1,30,30,0.2332615852355957,0,True
Random_n30_32,Random,30,MS-SourceResolved-GA,1,30,30,0.23614883422851562,0,True
Random_n30_32,Random,30,MS-SourceResolved-GA,1,30,30,0.23596525192260742,0,True
Random_n30_32,Random,30,MS-SourceResolved-GA,1,30,30,0.1270132064819336,55,True
Random_n30_32,Random,30,MS-SourceResolved-GA,1,30,30,0.39721012115478516,28,True
Random_n30_32,Random,30,MS-SourceResolved-GA,1,30,30,0.2411653995513916,0,True
Random_n30_32,Random,30,MS-SourceResolved-GA,1,30,30,0.38344907760620117,25,True
Random_n30_32,Random,30,MS-SourceResolved-GA,1,30,30,0.23282504081726074,0,True
Random_n30_17,Random,30,SourceResolved-GA,1,30,30,0.1400129795074463,58,True
Random_n30_17,Random,30,SourceResolved-GA,1,30,30,0.09005999565124512,34,True
Random_n30_17,Random,30,SourceResolved-GA,0,22,22,0.6092393398284912,200,True
Random_n30_17,Random,30,SourceResolved-GA,1,30,30,0.6766600608825684,128,True
Random_n30_17,Random,30,SourceResolved-GA,1,30,30,0.059065818786621094,10,True
Random_n30_17,Random,30,SourceResolved-GA,1,30,30,0.11645317077636719,21,True
Random_n30_17,Random,30,SourceResolved-GA,0,29,29,1.0531666278839111,200,True
Random_n30_17,Random,30,SourceResolved-GA,1,30,30,0.01643681526184082,2,True
Random_n30_17,Random,30,SourceResolved-GA,1,30,30,0.005953073501586914,0,True
Random_n30_17,Random,30,SourceResolved-GA,0,29,29,1.0399291515350342,200,True
Random_n30_17,Random,30,MS-SourceResolved-GA,1,30,30,0.23696112632751465,60,True
Random_n30_17,Random,30,MS-SourceResolved-GA,1,30,30,0.2543034553527832,18,True
Random_n30_17,Random,30,MS-SourceResolved-GA,1,30,30,0.7665932178497314,148,True
Random_n30_17,Random,30,MS-SourceResolved-GA,1,30,30,0.43724679946899414,39,True
Random_n30_17,Random,30,MS-SourceResolved-GA,1,30,30,0.20757484436035156,0,True
Random_n30_17,Random,30,MS-SourceResolved-GA,1,30,30,0.399552583694458,37,True
Random_n30_17,Random,30,MS-SourceResolved-GA,1,30,30,0.10168981552124023,52,True
Random_n30_17,Random,30,MS-SourceResolved-GA,1,30,30,0.31203436851501465,26,True
Random_n30_17,Random,30,MS-SourceResolved-GA,1,30,30,0.2046363353729248,0,True
Random_n30_17,Random,30,MS-SourceResolved-GA,1,30,30,0.6278421878814697,82,True
Random_n30_18,Random,30,SourceResolved-GA,1,30,30,0.18822002410888672,35,True
Random_n30_18,Random,30,SourceResolved-GA,1,30,30,0.6731128692626953,128,True
Random_n30_18,Random,30,SourceResolved-GA,0,29,29,1.0313003063201904,200,True
Random_n30_18,Random,30,SourceResolved-GA,1,30,30,0.0059354305267333984,0,True
Random_n30_18,Random,30,SourceResolved-GA,0,28,28,1.0435855388641357,200,True
Random_n30_18,Random,30,SourceResolved-GA,1,30,30,0.9545333385467529,183,True
Random_n30_18,Random,30,SourceResolved-GA,0,28,28,0.9892184734344482,200,True
Random_n30_18,Random,30,SourceResolved-GA,1,30,30,0.10895967483520508,20,True
Random_n30_18,Random,30,SourceResolved-GA,1,30,30,0.005954265594482422,0,True
Random_n30_18,Random,30,SourceResolved-GA,1,30,30,0.08466482162475586,15,True
Random_n30_18,Random,30,MS-SourceResolved-GA,1,30,30,0.41780781745910645,41,True
Random_n30_18,Random,30,MS-SourceResolved-GA,0,27,27,1.0341379642486572,150,True
Random_n30_18,Random,30,MS-SourceResolved-GA,0,30,30,0.9411070346832275,150,True
Random_n30_18,Random,30,MS-SourceResolved-GA,1,30,30,0.17842411994934082,24,True
Random_n30_18,Random,30,MS-SourceResolved-GA,0,29,29,0.9360220432281494,150,True
Random_n30_18,Random,30,MS-SourceResolved-GA,1,30,30,0.37874627113342285,74,True
Random_n30_18,Random,30,MS-SourceResolved-GA,0,28,28,0.5421144962310791,150,True
Random_n30_18,Random,30,MS-SourceResolved-GA,1,30,30,0.3985865116119385,39,True
Random_n30_18,Random,30,MS-SourceResolved-GA,1,30,30,0.37833094596862793,51,True
Random_n30_18,Random,30,MS-SourceResolved-GA,0,29,29,0.8604118824005127,150,True
Random_n30_19,Random,30,SourceResolved-GA,1,30,30,0.6933369636535645,133,True
Random_n30_19,Random,30,SourceResolved-GA,1,30,30,0.19902968406677246,38,True
Random_n30_19,Random,30,SourceResolved-GA,1,30,30,0.006047248840332031,0,True
Random_n30_19,Random,30,SourceResolved-GA,1,30,30,0.00586390495300293,0,True
Random_n30_19,Random,30,SourceResolved-GA,1,30,30,0.3200221061706543,83,True
Random_n30_19,Random,30,SourceResolved-GA,1,30,30,0.10208678245544434,42,True
Random_n30_19,Random,30,SourceResolved-GA,1,30,30,0.0028989315032958984,0,True
Random_n30_19,Random,30,SourceResolved-GA,1,30,30,0.05254960060119629,21,True
Random_n30_19,Random,30,SourceResolved-GA,1,30,30,0.010108709335327148,3,True
Random_n30_19,Random,30,SourceResolved-GA,0,29,29,0.6235172748565674,200,True
Random_n30_19,Random,30,MS-SourceResolved-GA,1,30,30,0.39481067657470703,38,True
Random_n30_19,Random,30,MS-SourceResolved-GA,0,29,29,0.7285537719726562,150,True
Random_n30_19,Random,30,MS-SourceResolved-GA,1,30,30,0.059537649154663086,54,True
Random_n30_19,Random,30,MS-SourceResolved-GA,1,30,30,0.20507287979125977,28,True
Random_n30_19,Random,30,MS-SourceResolved-GA,1,30,30,0.11586403846740723,0,True
Random_n30_19,Random,30,MS-SourceResolved-GA,1,30,30,0.11429119110107422,0,True
Random_n30_19,Random,30,MS-SourceResolved-GA,1,30,30,0.12330746650695801,0,True
Random_n30_19,Random,30,MS-SourceResolved-GA,1,30,30,0.22655630111694336,31,True
Random_n30_19,Random,30,MS-SourceResolved-GA,1,30,30,0.22441577911376953,36,True
Random_n30_19,Random,30,MS-SourceResolved-GA,1,30,30,0.20296645164489746,28,True
Random_n30_20,Random,30,SourceResolved-GA,0,24,24,0.5376288890838623,200,True
Random_n30_20,Random,30,SourceResolved-GA,0,29,29,0.8363983631134033,200,True
Random_n30_20,Random,30,SourceResolved-GA,0,16,16,1.0439660549163818,200,True
Random_n30_20,Random,30,SourceResolved-GA,0,29,29,1.040290355682373,200,True
Random_n30_20,Random,30,SourceResolved-GA,0,29,29,1.0457603931427002,200,True
Random_n30_20,Random,30,SourceResolved-GA,0,29,29,1.0510904788970947,200,True
Random_n30_20,Random,30,SourceResolved-GA,0,21,21,1.0470480918884277,200,True
Random_n30_20,Random,30,SourceResolved-GA,0,29,29,1.043729543685913,200,True
Random_n30_20,Random,30,SourceResolved-GA,0,27,27,1.0036394596099854,200,True
Random_n30_20,Random,30,SourceResolved-GA,0,17,17,0.5961451530456543,200,True
Random_n30_20,Random,30,MS-SourceResolved-GA,0,29,29,0.49296069145202637,150,True
Random_n30_20,Random,30,MS-SourceResolved-GA,0,28,28,0.4901726245880127,150,True
Random_n30_20,Random,30,MS-SourceResolved-GA,0,29,29,0.4989168643951416,150,True
Random_n30_20,Random,30,MS-SourceResolved-GA,0,25,25,0.5462031364440918,150,True
Random_n30_20,Random,30,MS-SourceResolved-GA,0,29,29,0.5561671257019043,150,True
Random_n30_20,Random,30,MS-SourceResolved-GA,0,29,29,0.7228453159332275,150,True
Random_n30_20,Random,30,MS-SourceResolved-GA,0,28,28,0.9498364925384521,150,True
Random_n30_20,Random,30,MS-SourceResolved-GA,0,27,27,0.6826272010803223,150,True
Random_n30_20,Random,30,MS-SourceResolved-GA,0,29,29,0.44207000732421875,150,True
Random_n30_20,Random,30,MS-SourceResolved-GA,0,18,18,0.4425961971282959,150,True
Random_n30_41,Random,30,SourceResolved-GA,1,30,30,0.10922050476074219,23,True
Random_n30_41,Random,30,SourceResolved-GA,1,30,30,0.14201712608337402,26,True
Random_n30_41,Random,30,SourceResolved-GA,1,30,30,0.1823890209197998,34,True
Random_n30_41,Random,30,SourceResolved-GA,1,30,30,0.11895370483398438,22,True
Random_n30_41,Random,30,SourceResolved-GA,0,23,23,1.045055866241455,200,True
Random_n30_41,Random,30,SourceResolved-GA,1,30,30,0.28713464736938477,54,True
Random_n30_41,Random,30,SourceResolved-GA,0,30,30,1.0394790172576904,200,True
Random_n30_41,Random,30,SourceResolved-GA,1,30,30,0.11948609352111816,22,True
Random_n30_41,Random,30,SourceResolved-GA,1,30,30,0.13533377647399902,25,True
Random_n30_41,Random,30,SourceResolved-GA,0,18,18,1.0420751571655273,200,True
Random_n30_41,Random,30,MS-SourceResolved-GA,1,30,30,0.11953592300415039,61,True
Random_n30_41,Random,30,MS-SourceResolved-GA,1,30,30,0.20518112182617188,0,True
Random_n30_41,Random,30,MS-SourceResolved-GA,1,30,30,0.4088475704193115,39,True
Random_n30_41,Random,30,MS-SourceResolved-GA,0,26,26,0.9237232208251953,150,True
Random_n30_41,Random,30,MS-SourceResolved-GA,1,30,30,0.20732831954956055,0,True
Random_n30_41,Random,30,MS-SourceResolved-GA,1,30,30,0.35909318923950195,29,True
Random_n30_41,Random,30,MS-SourceResolved-GA,1,30,30,0.16424822807312012,83,True
Random_n30_41,Random,30,MS-SourceResolved-GA,0,27,27,0.9894375801086426,150,True
Random_n30_41,Random,30,MS-SourceResolved-GA,0,27,27,0.9863386154174805,150,True
Random_n30_41,Random,30,MS-SourceResolved-GA,1,30,30,0.12288713455200195,62,True
Random_n30_42,Random,30,SourceResolved-GA,0,27,27,1.043689250946045,200,True
Random_n30_42,Random,30,SourceResolved-GA,1,30,30,0.006247282028198242,0,True
Random_n30_42,Random,30,SourceResolved-GA,0,17,17,0.5022761821746826,200,True
Random_n30_42,Random,30,SourceResolved-GA,0,29,29,0.8152430057525635,200,True
Random_n30_42,Random,30,SourceResolved-GA,1,30,30,0.08344388008117676,15,True
Random_n30_42,Random,30,SourceResolved-GA,0,29,29,0.9170835018157959,200,True
Random_n30_42,Random,30,SourceResolved-GA,1,30,30,0.09264779090881348,17,True
Random_n30_42,Random,30,SourceResolved-GA,1,30,30,0.005976676940917969,0,True
Random_n30_42,Random,30,SourceResolved-GA,1,30,30,0.006145954132080078,0,True
Random_n30_42,Random,30,SourceResolved-GA,0,29,29,1.027585744857788,200,True
Random_n30_42,Random,30,MS-SourceResolved-GA,1,30,30,0.3349936008453369,56,True
Random_n30_42,Random,30,MS-SourceResolved-GA,1,30,30,0.18606901168823242,39,True
Random_n30_42,Random,30,MS-SourceResolved-GA,1,30,30,0.23335480690002441,19,True
Random_n30_42,Random,30,MS-SourceResolved-GA,1,30,30,0.09022951126098633,56,True
Random_n30_42,Random,30,MS-SourceResolved-GA,1,30,30,0.09547996520996094,0,True
Random_n30_42,Random,30,MS-SourceResolved-GA,1,30,30,0.17427968978881836,20,True
Random_n30_42,Random,30,MS-SourceResolved-GA,0,28,28,0.9759631156921387,150,True
Random_n30_42,Random,30,MS-SourceResolved-GA,1,30,30,0.6184017658233643,80,True
Random_n30_42,Random,30,MS-SourceResolved-GA,1,30,30,0.2064352035522461,0,True
Random_n30_42,Random,30,MS-SourceResolved-GA,0,29,29,0.8779292106628418,150,True
Random_n30_43,Random,30,SourceResolved-GA,1,30,30,0.06540560722351074,21,True
Random_n30_43,Random,30,SourceResolved-GA,0,25,25,0.8756704330444336,200,True
Random_n30_43,Random,30,SourceResolved-GA,1,30,30,0.4623239040374756,88,True
Random_n30_43,Random,30,SourceResolved-GA,1,30,30,0.005889892578125,0,True
Random_n30_43,Random,30,SourceResolved-GA,1,30,30,0.03200960159301758,5,True
Random_n30_43,Random,30,SourceResolved-GA,1,30,30,0.1132516860961914,21,True
Random_n30_43,Random,30,SourceResolved-GA,0,30,30,1.0335841178894043,200,True
Random_n30_43,Random,30,SourceResolved-GA,1,30,30,0.21832060813903809,41,True
Random_n30_43,Random,30,SourceResolved-GA,1,30,30,0.2096860408782959,39,True
Random_n30_43,Random,30,SourceResolved-GA,0,29,29,1.045405626296997,200,True
Random_n30_43,Random,30,MS-SourceResolved-GA,1,30,30,0.30176591873168945,19,True
Random_n30_43,Random,30,MS-SourceResolved-GA,1,30,30,0.06576085090637207,49,True
Random_n30_43,Random,30,MS-SourceResolved-GA,1,30,30,0.05582141876220703,40,True
Random_n30_43,Random,30,MS-SourceResolved-GA,1,30,30,0.20300650596618652,0,True
Random_n30_43,Random,30,MS-SourceResolved-GA,0,30,30,0.6517338752746582,150,True
Random_n30_43,Random,30,MS-SourceResolved-GA,0,30,30,0.5787286758422852,150,True
Random_n30_43,Random,30,MS-SourceResolved-GA,1,30,30,0.3151240348815918,21,True
Random_n30_43,Random,30,MS-SourceResolved-GA,1,30,30,0.27079057693481445,30,True
Random_n30_43,Random,30,MS-SourceResolved-GA,0,28,28,0.6066989898681641,150,True
Random_n30_43,Random,30,MS-SourceResolved-GA,1,30,30,0.06377792358398438,57,True
Random_n30_44,Random,30,SourceResolved-GA,0,26,26,0.5715155601501465,200,True
Random_n30_44,Random,30,SourceResolved-GA,0,23,23,0.526167631149292,200,True
Random_n30_44,Random,30,SourceResolved-GA,0,17,17,0.567573070526123,200,True
Random_n30_44,Random,30,SourceResolved-GA,1,30,30,0.08113718032836914,27,True
Random_n30_44,Random,30,SourceResolved-GA,1,30,30,0.047098398208618164,10,True
Random_n30_44,Random,30,SourceResolved-GA,1,30,30,0.5220558643341064,127,True
Random_n30_44,Random,30,SourceResolved-GA,1,30,30,0.06706118583679199,24,True
Random_n30_44,Random,30,SourceResolved-GA,0,29,29,0.5695176124572754,200,True
Random_n30_44,Random,30,SourceResolved-GA,0,30,30,0.5371029376983643,200,True
Random_n30_44,Random,30,SourceResolved-GA,1,30,30,0.10477423667907715,36,True
Random_n30_44,Random,30,MS-SourceResolved-GA,0,29,29,0.5658025741577148,150,True
Random_n30_44,Random,30,MS-SourceResolved-GA,1,30,30,0.21987128257751465,50,True
Random_n30_44,Random,30,MS-SourceResolved-GA,0,30,30,0.5459959506988525,150,True
Random_n30_44,Random,30,MS-SourceResolved-GA,0,24,24,0.5823237895965576,150,True
Random_n30_44,Random,30,MS-SourceResolved-GA,0,29,29,0.8935396671295166,150,True
Random_n30_44,Random,30,MS-SourceResolved-GA,1,30,30,0.1712055206298828,33,True
Random_n30_44,Random,30,MS-SourceResolved-GA,1,30,30,0.14684367179870605,22,True
Random_n30_44,Random,30,MS-SourceResolved-GA,0,30,30,0.44283509254455566,150,True
Random_n30_44,Random,30,MS-SourceResolved-GA,1,30,30,0.16186285018920898,29,True
Random_n30_44,Random,30,MS-SourceResolved-GA,1,30,30,0.19465136528015137,43,True
Random_n30_57,Random,30,SourceResolved-GA,0,29,29,0.985245943069458,200,True
Random_n30_57,Random,30,SourceResolved-GA,0,16,16,1.048933744430542,200,True
Random_n30_57,Random,30,SourceResolved-GA,1,30,30,0.06338381767272949,11,True
Random_n30_57,Random,30,SourceResolved-GA,0,16,16,1.0482349395751953,200,True
Random_n30_57,Random,30,SourceResolved-GA,1,30,30,0.1683979034423828,31,True
Random_n30_57,Random,30,SourceResolved-GA,0,24,24,1.0449204444885254,200,True
Random_n30_57,Random,30,SourceResolved-GA,1,30,30,0.1565403938293457,29,True
Random_n30_57,Random,30,SourceResolved-GA,0,29,29,0.7249257564544678,200,True
Random_n30_57,Random,30,SourceResolved-GA,1,30,30,0.06670284271240234,27,True
Random_n30_57,Random,30,SourceResolved-GA,1,30,30,0.0805215835571289,33,True
Random_n30_57,Random,30,MS-SourceResolved-GA,1,30,30,0.3039689064025879,48,True
Random_n30_57,Random,30,MS-SourceResolved-GA,1,30,30,0.3309152126312256,26,True
Random_n30_57,Random,30,MS-SourceResolved-GA,1,30,30,0.7712223529815674,125,True
Random_n30_57,Random,30,MS-SourceResolved-GA,0,28,28,0.8559515476226807,150,True
Random_n30_57,Random,30,MS-SourceResolved-GA,0,29,29,0.9404685497283936,150,True
Random_n30_57,Random,30,MS-SourceResolved-GA,1,30,30,0.15993905067443848,26,True
Random_n30_57,Random,30,MS-SourceResolved-GA,1,30,30,0.09482955932617188,0,True
Random_n30_57,Random,30,MS-SourceResolved-GA,0,29,29,0.5928337574005127,150,True
Random_n30_57,Random,30,MS-SourceResolved-GA,1,30,30,0.32965540885925293,26,True
Random_n30_57,Random,30,MS-SourceResolved-GA,1,30,30,0.1265106201171875,63,True
Random_n30_58,Random,30,SourceResolved-GA,1,30,30,0.12787199020385742,23,True
Random_n30_58,Random,30,SourceResolved-GA,1,30,30,0.1110999584197998,20,True
Random_n30_58,Random,30,SourceResolved-GA,1,30,30,0.13037967681884766,24,True
Random_n30_58,Random,30,SourceResolved-GA,1,30,30,0.09445810317993164,17,True
Random_n30_58,Random,30,SourceResolved-GA,1,30,30,0.006015300750732422,0,True
Random_n30_58,Random,30,SourceResolved-GA,1,30,30,0.16752004623413086,31,True
Random_n30_58,Random,30,SourceResolved-GA,1,30,30,0.005980968475341797,0,True
Random_n30_58,Random,30,SourceResolved-GA,0,22,22,1.039299726486206,200,True
Random_n30_58,Random,30,SourceResolved-GA,1,30,30,0.09916448593139648,18,True
Random_n30_58,Random,30,SourceResolved-GA,1,30,30,0.16674232482910156,31,True
Random_n30_58,Random,30,MS-SourceResolved-GA,1,30,30,0.12641000747680664,64,True
Random_n30_58,Random,30,MS-SourceResolved-GA,1,30,30,0.12510204315185547,13,True
Random_n30_58,Random,30,MS-SourceResolved-GA,0,27,27,0.7419681549072266,150,True
Random_n30_58,Random,30,MS-SourceResolved-GA,1,30,30,0.42710375785827637,42,True
Random_n30_58,Random,30,MS-SourceResolved-GA,1,30,30,0.20732831954956055,0,True
Random_n30_58,Random,30,MS-SourceResolved-GA,1,30,30,0.09181094169616699,46,True
Random_n30_58,Random,30,MS-SourceResolved-GA,1,30,30,0.10711240768432617,55,True
Random_n30_58,Random,30,MS-SourceResolved-GA,1,30,30,0.1617581844329834,83,True
Random_n30_58,Random,30,MS-SourceResolved-GA,1,30,30,0.20788812637329102,0,True
Random_n30_58,Random,30,MS-SourceResolved-GA,1,30,30,0.3052978515625,21,True
Random_n30_59,Random,30,SourceResolved-GA,1,30,30,0.05884742736816406,10,True
Random_n30_59,Random,30,SourceResolved-GA,1,30,30,0.07353806495666504,13,True
Random_n30_59,Random,30,SourceResolved-GA,1,30,30,0.00583338737487793,0,True
Random_n30_59,Random,30,SourceResolved-GA,1,30,30,0.006207704544067383,0,True
Random_n30_59,Random,30,SourceResolved-GA,1,30,30,0.07886123657226562,14,True
Random_n30_59,Random,30,SourceResolved-GA,1,30,30,0.006001949310302734,0,True
Random_n30_59,Random,30,SourceResolved-GA,1,30,30,0.006122112274169922,0,True
Random_n30_59,Random,30,SourceResolved-GA,1,30,30,0.17213702201843262,32,True
Random_n30_59,Random,30,SourceResolved-GA,1,30,30,0.0060307979583740234,0,True
Random_n30_59,Random,30,SourceResolved-GA,1,30,30,0.0059969425201416016,0,True
Random_n30_59,Random,30,MS-SourceResolved-GA,1,30,30,0.20805954933166504,0,True
Random_n30_59,Random,30,MS-SourceResolved-GA,1,30,30,0.20644760131835938,0,True
Random_n30_59,Random,30,MS-SourceResolved-GA,0,29,29,0.9874248504638672,150,True
Random_n30_59,Random,30,MS-SourceResolved-GA,1,30,30,0.20786523818969727,0,True
Random_n30_59,Random,30,MS-SourceResolved-GA,1,30,30,0.7134044170379639,97,True
Random_n30_59,Random,30,MS-SourceResolved-GA,1,30,30,0.28986310958862305,16,True
Random_n30_59,Random,30,MS-SourceResolved-GA,1,30,30,0.3267810344696045,23,True
Random_n30_59,Random,30,MS-SourceResolved-GA,1,30,30,0.09714341163635254,49,True
Random_n30_59,Random,30,MS-SourceResolved-GA,1,30,30,0.2513117790222168,8,True
Random_n30_59,Random,30,MS-SourceResolved-GA,1,30,30,0.09968256950378418,50,True
Random_n30_60,Random,30,SourceResolved-GA,1,30,30,0.1399531364440918,26,True
Random_n30_60,Random,30,SourceResolved-GA,0,29,29,1.0441884994506836,200,True
Random_n30_60,Random,30,SourceResolved-GA,0,30,30,1.0016708374023438,200,True
Random_n30_60,Random,30,SourceResolved-GA,0,28,28,1.0399506092071533,200,True
Random_n30_60,Random,30,SourceResolved-GA,1,30,30,0.01122140884399414,1,True
Random_n30_60,Random,30,SourceResolved-GA,0,30,30,1.0436460971832275,200,True
Random_n30_60,Random,30,SourceResolved-GA,1,30,30,0.006025075912475586,0,True
Random_n30_60,Random,30,SourceResolved-GA,1,30,30,0.14075016975402832,26,True
Random_n30_60,Random,30,SourceResolved-GA,1,30,30,0.23467540740966797,44,True
Random_n30_60,Random,30,SourceResolved-GA,0,29,29,0.6131730079650879,200,True
Random_n30_60,Random,30,MS-SourceResolved-GA,1,30,30,0.09388494491577148,0,True
Random_n30_60,Random,30,MS-SourceResolved-GA,1,30,30,0.11586952209472656,0,True
Random_n30_60,Random,30,MS-SourceResolved-GA,1,30,30,0.40327930450439453,41,True
Random_n30_60,Random,30,MS-SourceResolved-GA,0,29,29,0.9141333103179932,150,True
Random_n30_60,Random,30,MS-SourceResolved-GA,1,30,30,0.3927938938140869,36,True
Random_n30_60,Random,30,MS-SourceResolved-GA,1,30,30,0.3575258255004883,69,True
Random_n30_60,Random,30,MS-SourceResolved-GA,0,30,30,0.4418668746948242,150,True
Random_n30_60,Random,30,MS-SourceResolved-GA,1,30,30,0.16498541831970215,30,True
Random_n30_60,Random,30,MS-SourceResolved-GA,1,30,30,0.2170717716217041,53,True
Random_n30_60,Random,30,MS-SourceResolved-GA,0,30,30,0.44202542304992676,150,True
Random_n35_1,Random,35,SourceResolved-GA,1,35,35,0.05218029022216797,8,True
Random_n35_1,Random,35,SourceResolved-GA,1,35,35,0.34250402450561523,58,True
Random_n35_1,Random,35,SourceResolved-GA,1,35,35,0.00698542594909668,0,True
Random_n35_1,Random,35,SourceResolved-GA,1,35,35,0.07614374160766602,21,True
Random_n35_1,Random,35,SourceResolved-GA,0,35,35,1.0449788570404053,200,True
Random_n35_1,Random,35,SourceResolved-GA,1,35,35,0.17977333068847656,29,True
Random_n35_1,Random,35,SourceResolved-GA,1,35,35,0.2705504894256592,45,True
Random_n35_1,Random,35,SourceResolved-GA,1,35,35,0.327991247177124,54,True
Random_n35_1,Random,35,SourceResolved-GA,1,35,35,0.3889298439025879,65,True
Random_n35_1,Random,35,SourceResolved-GA,1,35,35,0.006902933120727539,0,True
Random_n35_1,Random,35,MS-SourceResolved-GA,1,35,35,0.16785597801208496,75,True
Random_n35_1,Random,35,MS-SourceResolved-GA,1,35,35,0.1297750473022461,0,True
Random_n35_1,Random,35,MS-SourceResolved-GA,1,35,35,0.30246925354003906,68,True
Random_n35_1,Random,35,MS-SourceResolved-GA,1,35,35,0.22544622421264648,0,True
Random_n35_1,Random,35,MS-SourceResolved-GA,1,35,35,0.11240792274475098,0,True
Random_n35_1,Random,35,MS-SourceResolved-GA,1,35,35,0.10738706588745117,0,True
Random_n35_1,Random,35,MS-SourceResolved-GA,1,35,35,0.3121795654296875,17,True
Random_n35_1,Random,35,MS-SourceResolved-GA,0,34,34,1.130995512008667,150,True
Random_n35_1,Random,35,MS-SourceResolved-GA,1,35,35,0.40566587448120117,28,True
Random_n35_1,Random,35,MS-SourceResolved-GA,1,35,35,0.4610898494720459,38,True
Random_n35_2,Random,35,SourceResolved-GA,0,34,34,0.8090455532073975,200,True
Random_n35_2,Random,35,SourceResolved-GA,0,35,35,1.1962881088256836,200,True
Random_n35_2,Random,35,SourceResolved-GA,1,35,35,0.007036447525024414,0,True
Random_n35_2,Random,35,SourceResolved-GA,0,34,34,1.1943104267120361,200,True
Random_n35_2,Random,35,SourceResolved-GA,0,29,29,1.2090730667114258,200,True
Random_n35_2,Random,35,SourceResolved-GA,1,35,35,0.006997823715209961,0,True
Random_n35_2,Random,35,SourceResolved-GA,1,35,35,0.18758106231689453,30,True
Random_n35_2,Random,35,SourceResolved-GA,0,24,24,1.2072782516479492,200,True
Random_n35_2,Random,35,SourceResolved-GA,1,35,35,0.19841456413269043,32,True
Random_n35_2,Random,35,SourceResolved-GA,1,35,35,0.1877446174621582,30,True
Random_n35_2,Random,35,MS-SourceResolved-GA,1,35,35,0.12518763542175293,55,True
Random_n35_2,Random,35,MS-SourceResolved-GA,1,35,35,0.4584071636199951,37,True
Random_n35_2,Random,35,MS-SourceResolved-GA,0,34,34,1.0912086963653564,150,True
Random_n35_2,Random,35,MS-SourceResolved-GA,1,35,35,0.2340526580810547,0,True
Random_n35_2,Random,35,MS-SourceResolved-GA,1,35,35,0.4063441753387451,28,True
Random_n35_2,Random,35,MS-SourceResolved-GA,0,34,34,1.1302382946014404,150,True
Random_n35_2,Random,35,MS-SourceResolved-GA,0,22,22,1.1357512474060059,150,True
Random_n35_2,Random,35,MS-SourceResolved-GA,0,35,35,0.9497268199920654,150,True
Random_n35_2,Random,35,MS-SourceResolved-GA,0,34,34,0.6598246097564697,150,True
Random_n35_2,Random,35,MS-SourceResolved-GA,1,35,35,0.26911401748657227,14,True
Random_n35_3,Random,35,SourceResolved-GA,1,35,35,0.14068174362182617,22,True
Random_n35_3,Random,35,SourceResolved-GA,1,35,35,0.20287609100341797,33,True
Random_n35_3,Random,35,SourceResolved-GA,1,35,35,0.007238149642944336,0,True
Random_n35_3,Random,35,SourceResolved-GA,1,35,35,0.006946563720703125,0,True
Random_n35_3,Random,35,SourceResolved-GA,1,35,35,0.007187366485595703,0,True
Random_n35_3,Random,35,SourceResolved-GA,1,35,35,0.007188320159912109,0,True
Random_n35_3,Random,35,SourceResolved-GA,1,35,35,0.007179975509643555,0,True
Random_n35_3,Random,35,SourceResolved-GA,1,35,35,0.007015228271484375,0,True
Random_n35_3,Random,35,SourceResolved-GA,1,35,35,0.20953989028930664,34,True
Random_n35_3,Random,35,SourceResolved-GA,1,35,35,0.007487058639526367,0,True
Random_n35_3,Random,35,MS-SourceResolved-GA,1,35,35,0.11213111877441406,49,True
Random_n35_3,Random,35,MS-SourceResolved-GA,1,35,35,0.2359461784362793,0,True
Random_n35_3,Random,35,MS-SourceResolved-GA,1,35,35,0.23630356788635254,0,True
Random_n35_3,Random,35,MS-SourceResolved-GA,1,35,35,0.16078519821166992,0,True
Random_n35_3,Random,35,MS-SourceResolved-GA,1,35,35,0.10683107376098633,0,True
Random_n35_3,Random,35,MS-SourceResolved-GA,1,35,35,0.1956772804260254,33,True
Random_n35_3,Random,35,MS-SourceResolved-GA,1,35,35,0.19657564163208008,34,True
Random_n35_3,Random,35,MS-SourceResolved-GA,1,35,35,0.10781168937683105,0,True
Random_n35_3,Random,35,MS-SourceResolved-GA,1,35,35,0.044245243072509766,43,True
Random_n35_3,Random,35,MS-SourceResolved-GA,1,35,35,0.07751226425170898,76,True
Random_n35_4,Random,35,SourceResolved-GA,1,35,35,0.0032465457916259766,0,True
Random_n35_4,Random,35,SourceResolved-GA,1,35,35,0.0032503604888916016,0,True
Random_n35_4,Random,35,SourceResolved-GA,1,35,35,0.09677577018737793,35,True
Random_n35_4,Random,35,SourceResolved-GA,0,35,35,0.5924041271209717,200,True
Random_n35_4,Random,35,SourceResolved-GA,1,35,35,0.006105661392211914,0,True
Random_n35_4,Random,35,SourceResolved-GA,1,35,35,0.07500028610229492,27,True
Random_n35_4,Random,35,SourceResolved-GA,1,35,35,0.043192386627197266,15,True
Random_n35_4,Random,35,SourceResolved-GA,1,35,35,0.05350828170776367,19,True
Random_n35_4,Random,35,SourceResolved-GA,0,34,34,0.5327892303466797,200,True
Random_n35_4,Random,35,SourceResolved-GA,1,35,35,0.0032148361206054688,0,True
Random_n35_4,Random,35,MS-SourceResolved-GA,1,35,35,0.10681295394897461,0,True
Random_n35_4,Random,35,MS-SourceResolved-GA,1,35,35,0.14378881454467773,14,True
Random_n35_4,Random,35,MS-SourceResolved-GA,1,35,35,0.10751509666442871,0,True
Random_n35_4,Random,35,MS-SourceResolved-GA,1,35,35,0.18700313568115234,30,True
Random_n35_4,Random,35,MS-SourceResolved-GA,0,34,34,0.5079867839813232,150,True
Random_n35_4,Random,35,MS-SourceResolved-GA,0,33,33,0.5056211948394775,150,True
Random_n35_4,Random,35,MS-SourceResolved-GA,0,28,28,0.5021123886108398,150,True
Random_n35_4,Random,35,MS-SourceResolved-GA,1,35,35,0.10675048828125,0,True
Random_n35_4,Random,35,MS-SourceResolved-GA,1,35,35,0.2377023696899414,49,True
Random_n35_4,Random,35,MS-SourceResolved-GA,1,35,35,0.19421958923339844,32,True
Random_n35_9,Random,35,SourceResolved-GA,1,35,35,0.27758026123046875,85,True
Random_n35_9,Random,35,SourceResolved-GA,1,35,35,0.0033164024353027344,0,True
Random_n35_9,Random,35,SourceResolved-GA,1,35,35,1.0025386810302734,195,True
Random_n35_9,Random,35,SourceResolved-GA,1,35,35,0.007132291793823242,0,True
Random_n35_9,Random,35,SourceResolved-GA,1,35,35,0.0066187381744384766,0,True
Random_n35_9,Random,35,SourceResolved-GA,1,35,35,0.26340579986572266,42,True
Random_n35_9,Random,35,SourceResolved-GA,0,33,33,0.8054559230804443,200,True
Random_n35_9,Random,35,SourceResolved-GA,1,35,35,0.05769157409667969,18,True
Random_n35_9,Random,35,SourceResolved-GA,1,35,35,0.0746152400970459,24,True
Random_n35_9,Random,35,SourceResolved-GA,1,35,35,0.03600597381591797,11,True
Random_n35_9,Random,35,MS-SourceResolved-GA,1,35,35,0.23811030387878418,40,True
Random_n35_9,Random,35,MS-SourceResolved-GA,1,35,35,0.5020806789398193,130,True
Random_n35_9,Random,35,MS-SourceResolved-GA,0,35,35,0.6171362400054932,150,True
Random_n35_9,Random,35,MS-SourceResolved-GA,0,34,34,1.0528757572174072,150,True
Random_n35_9,Random,35,MS-SourceResolved-GA,1,35,35,0.41347289085388184,29,True
Random_n35_9,Random,35,MS-SourceResolved-GA,0,34,34,0.6899278163909912,150,True
Random_n35_9,Random,35,MS-SourceResolved-GA,1,35,35,0.10770726203918457,82,True
Random_n35_9,Random,35,MS-SourceResolved-GA,1,35,35,0.24264764785766602,33,True
Random_n35_9,Random,35,MS-SourceResolved-GA,1,35,35,0.18600201606750488,16,True
Random_n35_9,Random,35,MS-SourceResolved-GA,1,35,35,0.24637746810913086,33,True
Random_n35_10,Random,35,SourceResolved-GA,1,35,35,0.0036077499389648438,0,True
Random_n35_10,Random,35,SourceResolved-GA,1,35,35,0.0036869049072265625,0,True
Random_n35_10,Random,35,SourceResolved-GA,1,35,35,0.003863811492919922,0,True
Random_n35_10,Random,35,SourceResolved-GA,1,35,35,0.15162014961242676,43,True
Random_n35_10,Random,35,SourceResolved-GA,0,34,34,0.646960973739624,200,True
Random_n35_10,Random,35,SourceResolved-GA,1,35,35,0.11194300651550293,32,True
Random_n35_10,Random,35,SourceResolved-GA,1,35,35,0.005112171173095703,0,True
Random_n35_10,Random,35,SourceResolved-GA,1,35,35,0.005036115646362305,0,True
Random_n35_10,Random,35,SourceResolved-GA,1,35,35,0.0036759376525878906,0,True
Random_n35_10,Random,35,SourceResolved-GA,1,35,35,0.003602266311645508,0,True
Random_n35_10,Random,35,MS-SourceResolved-GA,0,35,35,0.609398603439331,150,True
Random_n35_10,Random,35,MS-SourceResolved-GA,1,35,35,0.16106462478637695,12,True
Random_n35_10,Random,35,MS-SourceResolved-GA,1,35,35,0.21184778213500977,28,True
Random_n35_10,Random,35,MS-SourceResolved-GA,1,35,35,0.11809659004211426,0,True
Random_n35_10,Random,35,MS-SourceResolved-GA,0,34,34,0.9921042919158936,150,True
Random_n35_10,Random,35,MS-SourceResolved-GA,1,35,35,0.08558392524719238,38,True
Random_n35_10,Random,35,MS-SourceResolved-GA,1,35,35,0.22633838653564453,28,True
Random_n35_10,Random,35,MS-SourceResolved-GA,1,35,35,0.19958806037902832,23,True
Random_n35_10,Random,35,MS-SourceResolved-GA,1,35,35,0.1911933422088623,12,True
Random_n35_10,Random,35,MS-SourceResolved-GA,1,35,35,0.2317037582397461,29,True
Random_n35_11,Random,35,SourceResolved-GA,0,34,34,0.6783204078674316,200,True
Random_n35_11,Random,35,SourceResolved-GA,0,34,34,0.7880189418792725,200,True
Random_n35_11,Random,35,SourceResolved-GA,1,35,35,0.003710031509399414,0,True
Random_n35_11,Random,35,SourceResolved-GA,1,35,35,0.10065984725952148,27,True
Random_n35_11,Random,35,SourceResolved-GA,0,35,35,0.7268109321594238,200,True
Random_n35_11,Random,35,SourceResolved-GA,1,35,35,0.006662607192993164,0,True
Random_n35_11,Random,35,SourceResolved-GA,1,35,35,0.006618022918701172,0,True
Random_n35_11,Random,35,SourceResolved-GA,0,29,29,0.6979708671569824,200,True
Random_n35_11,Random,35,SourceResolved-GA,1,35,35,0.2147078514099121,63,True
Random_n35_11,Random,35,SourceResolved-GA,0,33,33,0.676720142364502,200,True
Random_n35_11,Random,35,MS-SourceResolved-GA,1,35,35,0.22432971000671387,0,True
Random_n35_11,Random,35,MS-SourceResolved-GA,0,32,32,1.0622379779815674,150,True
Random_n35_11,Random,35,MS-SourceResolved-GA,0,27,27,0.8495235443115234,150,True
Random_n35_11,Random,35,MS-SourceResolved-GA,0,34,34,0.5036203861236572,150,True
Random_n35_11,Random,35,MS-SourceResolved-GA,1,35,35,0.20917510986328125,38,True
Random_n35_11,Random,35,MS-SourceResolved-GA,1,35,35,0.1695420742034912,23,True
Random_n35_11,Random,35,MS-SourceResolved-GA,1,35,35,0.10711359977722168,0,True
Random_n35_11,Random,35,MS-SourceResolved-GA,1,35,35,0.15950465202331543,19,True
Random_n35_11,Random,35,MS-SourceResolved-GA,1,35,35,0.15305685997009277,0,True
Random_n35_11,Random,35,MS-SourceResolved-GA,0,33,33,0.5240635871887207,150,True
Random_n35_12,Random,35,SourceResolved-GA,1,35,35,0.0033347606658935547,0,True
Random_n35_12,Random,35,SourceResolved-GA,0,35,35,0.5295729637145996,200,True
Random_n35_12,Random,35,SourceResolved-GA,1,35,35,0.14078378677368164,52,True
Random_n35_12,Random,35,SourceResolved-GA,1,35,35,0.12116003036499023,44,True
Random_n35_12,Random,35,SourceResolved-GA,1,35,35,0.003326892852783203,0,True
Random_n35_12,Random,35,SourceResolved-GA,1,35,35,0.003415346145629883,0,True
Random_n35_12,Random,35,SourceResolved-GA,1,35,35,0.08240866661071777,30,True
Random_n35_12,Random,35,SourceResolved-GA,1,35,35,0.07030534744262695,25,True
Random_n35_12,Random,35,SourceResolved-GA,1,35,35,0.07756662368774414,28,True
Random_n35_12,Random,35,SourceResolved-GA,1,35,35,0.16335606575012207,60,True
Random_n35_12,Random,35,MS-SourceResolved-GA,0,33,33,0.5058643817901611,150,True
Random_n35_12,Random,35,MS-SourceResolved-GA,1,35,35,0.32073307037353516,80,True
Random_n35_12,Random,35,MS-SourceResolved-GA,1,35,35,0.1571638584136963,18,True
Random_n35_12,Random,35,MS-SourceResolved-GA,1,35,35,0.08509993553161621,82,True
Random_n35_12,Random,35,MS-SourceResolved-GA,1,35,35,0.10826516151428223,0,True
Random_n35_12,Random,35,MS-SourceResolved-GA,1,35,35,0.2231435775756836,43,True
Random_n35_12,Random,35,MS-SourceResolved-GA,1,35,35,0.14572668075561523,14,True
Random_n35_12,Random,35,MS-SourceResolved-GA,0,28,28,0.5714473724365234,150,True
Random_n35_12,Random,35,MS-SourceResolved-GA,1,35,35,0.2804548740386963,65,True
Random_n35_12,Random,35,MS-SourceResolved-GA,1,35,35,0.10833501815795898,0,True
Random_n35_25,Random,35,SourceResolved-GA,1,35,35,0.16605305671691895,48,True
Random_n35_25,Random,35,SourceResolved-GA,0,29,29,0.7268147468566895,200,True
Random_n35_25,Random,35,SourceResolved-GA,0,34,34,0.6154139041900635,200,True
Random_n35_25,Random,35,SourceResolved-GA,1,35,35,0.1742229461669922,56,True
Random_n35_25,Random,35,SourceResolved-GA,0,35,35,0.6051347255706787,200,True
Random_n35_25,Random,35,SourceResolved-GA,1,35,35,0.11246705055236816,37,True
Random_n35_25,Random,35,SourceResolved-GA,1,35,35,0.1420450210571289,46,True
Random_n35_25,Random,35,SourceResolved-GA,1,35,35,0.06684994697570801,21,True
Random_n35_25,Random,35,SourceResolved-GA,0,34,34,0.7802884578704834,200,True
Random_n35_25,Random,35,SourceResolved-GA,1,35,35,0.211883544921875,34,True
Random_n35_25,Random,35,MS-SourceResolved-GA,1,35,35,0.8821437358856201,107,True
Random_n35_25,Random,35,MS-SourceResolved-GA,1,35,35,0.7550923824310303,87,True
Random_n35_25,Random,35,MS-SourceResolved-GA,0,34,34,1.11073637008667,150,True
Random_n35_25,Random,35,MS-SourceResolved-GA,1,35,35,0.49595165252685547,43,True
Random_n35_25,Random,35,MS-SourceResolved-GA,1,35,35,0.5607874393463135,54,True
Random_n35_25,Random,35,MS-SourceResolved-GA,0,32,32,1.138479232788086,150,True
Random_n35_25,Random,35,MS-SourceResolved-GA,1,35,35,0.3073303699493408,20,True
Random_n35_25,Random,35,MS-SourceResolved-GA,0,35,35,0.6463882923126221,150,True
Random_n35_25,Random,35,MS-SourceResolved-GA,1,35,35,0.18472743034362793,0,True
Random_n35_25,Random,35,MS-SourceResolved-GA,1,35,35,0.7805891036987305,113,True
Random_n35_26,Random,35,SourceResolved-GA,1,35,35,0.1448962688446045,42,True
Random_n35_26,Random,35,SourceResolved-GA,1,35,35,0.4706387519836426,86,True
Random_n35_26,Random,35,SourceResolved-GA,1,35,35,0.13783955574035645,22,True
Random_n35_26,Random,35,SourceResolved-GA,1,35,35,0.13114309310913086,21,True
Random_n35_26,Random,35,SourceResolved-GA,1,35,35,0.13878130912780762,49,True
Random_n35_26,Random,35,SourceResolved-GA,1,35,35,0.1653294563293457,61,True
Random_n35_26,Random,35,SourceResolved-GA,1,35,35,0.06763720512390137,24,True
Random_n35_26,Random,35,SourceResolved-GA,1,35,35,0.0033903121948242188,0,True
Random_n35_26,Random,35,SourceResolved-GA,1,35,35,0.07207918167114258,26,True
Random_n35_26,Random,35,SourceResolved-GA,1,35,35,0.11367082595825195,42,True
Random_n35_26,Random,35,MS-SourceResolved-GA,1,35,35,0.21308183670043945,40,True
Random_n35_26,Random,35,MS-SourceResolved-GA,0,34,34,0.5018153190612793,150,True
Random_n35_26,Random,35,MS-SourceResolved-GA,1,35,35,0.10778975486755371,0,True
Random_n35_26,Random,35,MS-SourceResolved-GA,1,35,35,0.3302183151245117,60,True
Random_n35_26,Random,35,MS-SourceResolved-GA,1,35,35,0.13560080528259277,10,True
Random_n35_26,Random,35,MS-SourceResolved-GA,1,35,35,0.1989421844482422,34,True
Random_n35_26,Random,35,MS-SourceResolved-GA,1,35,35,0.12804770469665527,8,True
Random_n35_26,Random,35,MS-SourceResolved-GA,1,35,35,0.1071159839630127,0,True
Random_n35_26,Random,35,MS-SourceResolved-GA,1,35,35,0.16881704330444336,23,True
Random_n35_26,Random,35,MS-SourceResolved-GA,1,35,35,0.10672521591186523,0,True
Random_n35_27,Random,35,SourceResolved-GA,1,35,35,0.03789114952087402,13,True
Random_n35_27,Random,35,SourceResolved-GA,1,35,35,0.0034027099609375,0,True
Random_n35_27,Random,35,SourceResolved-GA,1,35,35,0.003360748291015625,0,True
Random_n35_27,Random,35,SourceResolved-GA,1,35,35,0.10251832008361816,37,True
Random_n35_27,Random,35,SourceResolved-GA,1,35,35,0.003372669219970703,0,True
Random_n35_27,Random,35,SourceResolved-GA,1,35,35,0.09717726707458496,34,True
Random_n35_27,Random,35,SourceResolved-GA,1,35,35,0.003373384475708008,0,True
Random_n35_27,Random,35,SourceResolved-GA,1,35,35,0.06254863739013672,22,True
Random_n35_27,Random,35,SourceResolved-GA,1,35,35,0.0033652782440185547,0,True
Random_n35_27,Random,35,SourceResolved-GA,1,35,35,0.0034520626068115234,0,True
Random_n35_27,Random,35,MS-SourceResolved-GA,1,35,35,0.04659557342529297,45,True
Random_n35_27,Random,35,MS-SourceResolved-GA,1,35,35,0.23844051361083984,49,True
Random_n35_27,Random,35,MS-SourceResolved-GA,1,35,35,0.10763716697692871,0,True
Random_n35_27,Random,35,MS-SourceResolved-GA,1,35,35,0.1587536334991455,19,True
Random_n35_27,Random,35,MS-SourceResolved-GA,1,35,35,0.19199514389038086,31,True
Random_n35_27,Random,35,MS-SourceResolved-GA,1,35,35,0.15187740325927734,15,True
Random_n35_27,Random,35,MS-SourceResolved-GA,1,35,35,0.05802440643310547,57,True
Random_n35_27,Random,35,MS-SourceResolved-GA,1,35,35,0.04867887496948242,47,True
Random_n35_27,Random,35,MS-SourceResolved-GA,1,35,35,0.10777807235717773,0,True
Random_n35_27,Random,35,MS-SourceResolved-GA,1,35,35,0.10741186141967773,0,True
Random_n35_28,Random,35,SourceResolved-GA,1,35,35,0.13380789756774902,49,True
Random_n35_28,Random,35,SourceResolved-GA,1,35,35,0.0034089088439941406,0,True
Random_n35_28,Random,35,SourceResolved-GA,1,35,35,0.06733274459838867,24,True
Random_n35_28,Random,35,SourceResolved-GA,1,35,35,0.04636836051940918,16,True
Random_n35_28,Random,35,SourceResolved-GA,0,34,34,0.5924088954925537,200,True
Random_n35_28,Random,35,SourceResolved-GA,1,35,35,0.003343343734741211,0,True
Random_n35_28,Random,35,SourceResolved-GA,0,34,34,0.5341835021972656,200,True
Random_n35_28,Random,35,SourceResolved-GA,1,35,35,0.36739492416381836,136,True
Random_n35_28,Random,35,SourceResolved-GA,1,35,35,0.0034279823303222656,0,True
Random_n35_28,Random,35,SourceResolved-GA,1,35,35,0.0033369064331054688,0,True
Random_n35_28,Random,35,MS-SourceResolved-GA,1,35,35,0.2584404945373535,56,True
Random_n35_28,Random,35,MS-SourceResolved-GA,0,31,31,0.5067732334136963,150,True
Random_n35_28,Random,35,MS-SourceResolved-GA,1,35,35,0.06928110122680664,67,True
Random_n35_28,Random,35,MS-SourceResolved-GA,0,34,34,0.5074536800384521,150,True
Random_n35_28,Random,35,MS-SourceResolved-GA,1,35,35,0.1623668670654297,20,True
Random_n35_28,Random,35,MS-SourceResolved-GA,1,35,35,0.2864983081817627,67,True
Random_n35_28,Random,35,MS-SourceResolved-GA,1,35,35,0.25026893615722656,53,True
Random_n35_28,Random,35,MS-SourceResolved-GA,1,35,35,0.2672264575958252,60,True
Random_n35_28,Random,35,MS-SourceResolved-GA,1,35,35,0.10705113410949707,0,True
Random_n35_28,Random,35,MS-SourceResolved-GA,1,35,35,0.16736888885498047,22,True
Random_n35_29,Random,35,SourceResolved-GA,0,31,31,1.086575984954834,200,True
Random_n35_29,Random,35,SourceResolved-GA,1,35,35,0.09851551055908203,31,True
Random_n35_29,Random,35,SourceResolved-GA,0,32,32,0.6695065498352051,200,True
Random_n35_29,Random,35,SourceResolved-GA,0,33,33,0.6121766567230225,200,True
Random_n35_29,Random,35,SourceResolved-GA,1,35,35,0.0037839412689208984,0,True
Random_n35_29,Random,35,SourceResolved-GA,1,35,35,0.09122705459594727,28,True
Random_n35_29,Random,35,SourceResolved-GA,1,35,35,0.1838986873626709,56,True
Random_n35_29,Random,35,SourceResolved-GA,1,35,35,0.0037620067596435547,0,True
Random_n35_29,Random,35,SourceResolved-GA,1,35,35,0.003717184066772461,0,True
Random_n35_29,Random,35,SourceResolved-GA,1,35,35,0.003662109375,0,True
Random_n35_29,Random,35,MS-SourceResolved-GA,1,35,35,0.21597790718078613,32,True
Random_n35_29,Random,35,MS-SourceResolved-GA,1,35,35,0.3306553363800049,69,True
Random_n35_29,Random,35,MS-SourceResolved-GA,1,35,35,0.17049217224121094,12,True
Random_n35_29,Random,35,MS-SourceResolved-GA,1,35,35,0.392470121383667,72,True
Random_n35_29,Random,35,MS-SourceResolved-GA,1,35,35,0.31836485862731934,66,True
Random_n35_29,Random,35,MS-SourceResolved-GA,1,35,35,0.13120055198669434,0,True
Random_n35_29,Random,35,MS-SourceResolved-GA,0,35,35,0.6499662399291992,150,True
Random_n35_29,Random,35,MS-SourceResolved-GA,1,35,35,0.13929533958435059,0,True
Random_n35_29,Random,35,MS-SourceResolved-GA,1,35,35,0.23932838439941406,0,True
Random_n35_29,Random,35,MS-SourceResolved-GA,1,35,35,0.444119930267334,35,True
Random_n35_30,Random,35,SourceResolved-GA,1,35,35,0.007470130920410156,0,True
Random_n35_30,Random,35,SourceResolved-GA,0,34,34,1.2074384689331055,200,True
Random_n35_30,Random,35,SourceResolved-GA,1,35,35,0.007230281829833984,0,True
Random_n35_30,Random,35,SourceResolved-GA,1,35,35,0.007121086120605469,0,True
Random_n35_30,Random,35,SourceResolved-GA,1,35,35,0.0071032047271728516,0,True
Random_n35_30,Random,35,SourceResolved-GA,1,35,35,0.1985173225402832,32,True
Random_n35_30,Random,35,SourceResolved-GA,1,35,35,0.21127939224243164,34,True
Random_n35_30,Random,35,SourceResolved-GA,1,35,35,0.007205009460449219,0,True
Random_n35_30,Random,35,SourceResolved-GA,0,34,34,0.6629610061645508,200,True
Random_n35_30,Random,35,SourceResolved-GA,1,35,35,0.003406047821044922,0,True
Random_n35_30,Random,35,MS-SourceResolved-GA,1,35,35,0.36884498596191406,38,True
Random_n35_30,Random,35,MS-SourceResolved-GA,1,35,35,0.2257840633392334,0,True
Random_n35_30,Random,35,MS-SourceResolved-GA,1,35,35,0.2888965606689453,18,True
Random_n35_30,Random,35,MS-SourceResolved-GA,1,35,35,0.23625397682189941,0,True
Random_n35_30,Random,35,MS-SourceResolved-GA,1,35,35,0.23809409141540527,0,True
Random_n35_30,Random,35,MS-SourceResolved-GA,1,35,35,0.2385878562927246,0,True
Random_n35_30,Random,35,MS-SourceResolved-GA,1,35,35,0.695059061050415,133,True
Random_n35_30,Random,35,MS-SourceResolved-GA,1,35,35,0.11074638366699219,0,True
Random_n35_30,Random,35,MS-SourceResolved-GA,1,35,35,0.20041680335998535,33,True
Random_n35_30,Random,35,MS-SourceResolved-GA,1,35,35,0.15004706382751465,15,True
Random_n35_31,Random,35,SourceResolved-GA,0,33,33,0.5512678623199463,200,True
Random_n35_31,Random,35,SourceResolved-GA,1,35,35,0.0033397674560546875,0,True
Random_n35_31,Random,35,SourceResolved-GA,1,35,35,0.2880523204803467,99,True
Random_n35_31,Random,35,SourceResolved-GA,1,35,35,0.0034093856811523438,0,True
Random_n35_31,Random,35,SourceResolved-GA,1,35,35,0.48729467391967773,175,True
Random_n35_31,Random,35,SourceResolved-GA,1,35,35,0.003511190414428711,0,True
Random_n35_31,Random,35,SourceResolved-GA,0,33,33,0.5573470592498779,200,True
Random_n35_31,Random,35,SourceResolved-GA,1,35,35,0.04954957962036133,16,True
Random_n35_31,Random,35,SourceResolved-GA,1,35,35,0.1605992317199707,56,True
Random_n35_31,Random,35,SourceResolved-GA,1,35,35,0.0034453868865966797,0,True
Random_n35_31,Random,35,MS-SourceResolved-GA,1,35,35,0.10894346237182617,0,True
Random_n35_31,Random,35,MS-SourceResolved-GA,0,34,34,0.5676074028015137,150,True
Random_n35_31,Random,35,MS-SourceResolved-GA,1,35,35,0.30484533309936523,70,True
Random_n35_31,Random,35,MS-SourceResolved-GA,1,35,35,0.1101679801940918,0,True
Random_n35_31,Random,35,MS-SourceResolved-GA,0,35,35,0.5245592594146729,150,True
Random_n35_31,Random,35,MS-SourceResolved-GA,1,35,35,0.20367884635925293,34,True
Random_n35_31,Random,35,MS-SourceResolved-GA,1,35,35,0.20125222206115723,20,True
Random_n35_31,Random,35,MS-SourceResolved-GA,1,35,35,0.22952961921691895,33,True
Random_n35_31,Random,35,MS-SourceResolved-GA,0,34,34,0.5670642852783203,150,True
Random_n35_31,Random,35,MS-SourceResolved-GA,1,35,35,0.11382412910461426,0,True
Random_n35_32,Random,35,SourceResolved-GA,1,35,35,0.003411531448364258,0,True
Random_n35_32,Random,35,SourceResolved-GA,1,35,35,0.0033960342407226562,0,True
Random_n35_32,Random,35,SourceResolved-GA,1,35,35,0.003581523895263672,0,True
Random_n35_32,Random,35,SourceResolved-GA,1,35,35,0.0041048526763916016,0,True
Random_n35_32,Random,35,SourceResolved-GA,1,35,35,0.0034704208374023438,0,True
Random_n35_32,Random,35,SourceResolved-GA,1,35,35,0.0033681392669677734,0,True
Random_n35_32,Random,35,SourceResolved-GA,1,35,35,0.003384828567504883,0,True
Random_n35_32,Random,35,SourceResolved-GA,1,35,35,0.0034325122833251953,0,True
Random_n35_32,Random,35,SourceResolved-GA,1,35,35,0.011955022811889648,3,True
Random_n35_32,Random,35,SourceResolved-GA,1,35,35,0.00342559814453125,0,True
Random_n35_32,Random,35,MS-SourceResolved-GA,1,35,35,0.1128549575805664,0,True
Random_n35_32,Random,35,MS-SourceResolved-GA,1,35,35,0.12042641639709473,92,True
Random_n35_32,Random,35,MS-SourceResolved-GA,1,35,35,0.20096564292907715,33,True
Random_n35_32,Random,35,MS-SourceResolved-GA,1,35,35,0.1929013729095459,30,True
Random_n35_32,Random,35,MS-SourceResolved-GA,1,35,35,0.1639401912689209,20,True
Random_n35_32,Random,35,MS-SourceResolved-GA,1,35,35,0.372363805770874,22,True
Random_n35_32,Random,35,MS-SourceResolved-GA,1,35,35,0.3705928325653076,17,True
Random_n35_32,Random,35,MS-SourceResolved-GA,1,35,35,0.16708040237426758,67,True
Random_n35_32,Random,35,MS-SourceResolved-GA,1,35,35,0.2542304992675781,0,True
Random_n35_32,Random,35,MS-SourceResolved-GA,0,25,25,0.8681638240814209,150,True
Random_n35_13,Random,35,SourceResolved-GA,1,35,35,0.15014910697937012,50,True
Random_n35_13,Random,35,SourceResolved-GA,1,35,35,0.6127133369445801,191,True
Random_n35_13,Random,35,SourceResolved-GA,1,35,35,0.003757953643798828,0,True
Random_n35_13,Random,35,SourceResolved-GA,1,35,35,0.08073115348815918,26,True
Random_n35_13,Random,35,SourceResolved-GA,1,35,35,0.0806126594543457,26,True
Random_n35_13,Random,35,SourceResolved-GA,0,22,22,0.6441869735717773,200,True
Random_n35_13,Random,35,SourceResolved-GA,1,35,35,0.04540872573852539,14,True
Random_n35_13,Random,35,SourceResolved-GA,1,35,35,0.08491349220275879,27,True
Random_n35_13,Random,35,SourceResolved-GA,0,31,31,0.5980203151702881,200,True
Random_n35_13,Random,35,SourceResolved-GA,0,35,35,0.6600456237792969,200,True
Random_n35_13,Random,35,MS-SourceResolved-GA,0,33,33,0.5727243423461914,150,True
Random_n35_13,Random,35,MS-SourceResolved-GA,1,35,35,0.40590429306030273,88,True
Random_n35_13,Random,35,MS-SourceResolved-GA,1,35,35,0.05689716339111328,45,True
Random_n35_13,Random,35,MS-SourceResolved-GA,1,35,35,0.1077585220336914,87,True
Random_n35_13,Random,35,MS-SourceResolved-GA,1,35,35,0.17633748054504395,18,True
Random_n35_13,Random,35,MS-SourceResolved-GA,0,33,33,0.7642748355865479,150,True
Random_n35_13,Random,35,MS-SourceResolved-GA,1,35,35,0.7091364860534668,89,True
Random_n35_13,Random,35,MS-SourceResolved-GA,1,35,35,0.22188282012939453,28,True
Random_n35_13,Random,35,MS-SourceResolved-GA,1,35,35,0.24567222595214844,31,True
Random_n35_13,Random,35,MS-SourceResolved-GA,1,35,35,0.12121129035949707,0,True
Random_n35_14,Random,35,SourceResolved-GA,1,35,35,0.07932519912719727,25,True
Random_n35_14,Random,35,SourceResolved-GA,0,34,34,0.627932071685791,200,True
Random_n35_14,Random,35,SourceResolved-GA,1,35,35,0.20788288116455078,60,True
Random_n35_14,Random,35,SourceResolved-GA,1,35,35,0.15276598930358887,43,True
Random_n35_14,Random,35,SourceResolved-GA,0,35,35,0.6485147476196289,200,True
Random_n35_14,Random,35,SourceResolved-GA,1,35,35,0.07829976081848145,24,True
Random_n35_14,Random,35,SourceResolved-GA,1,35,35,0.12115097045898438,39,True
Random_n35_14,Random,35,SourceResolved-GA,1,35,35,0.0037250518798828125,0,True
Random_n35_14,Random,35,SourceResolved-GA,0,30,30,0.6160726547241211,200,True
Random_n35_14,Random,35,SourceResolved-GA,0,34,34,0.6284687519073486,200,True
Random_n35_14,Random,35,MS-SourceResolved-GA,1,35,35,0.2519104480743408,42,True
Random_n35_14,Random,35,MS-SourceResolved-GA,0,20,20,0.810988187789917,150,True
Random_n35_14,Random,35,MS-SourceResolved-GA,1,35,35,0.3566129207611084,47,True
Random_n35_14,Random,35,MS-SourceResolved-GA,0,34,34,0.6254725456237793,150,True
Random_n35_14,Random,35,MS-SourceResolved-GA,0,34,34,1.0519888401031494,150,True
Random_n35_14,Random,35,MS-SourceResolved-GA,1,35,35,0.23788952827453613,0,True
Random_n35_14,Random,35,MS-SourceResolved-GA,0,33,33,0.7602674961090088,150,True
Random_n35_14,Random,35,MS-SourceResolved-GA,0,33,33,0.5034458637237549,150,True
Random_n35_14,Random,35,MS-SourceResolved-GA,1,35,35,0.1529548168182373,17,True
Random_n35_14,Random,35,MS-SourceResolved-GA,1,35,35,0.18451523780822754,29,True
Random_n35_15,Random,35,SourceResolved-GA,1,35,35,0.0033016204833984375,0,True
Random_n35_15,Random,35,SourceResolved-GA,0,34,34,0.5597596168518066,200,True
Random_n35_15,Random,35,SourceResolved-GA,1,35,35,0.04185652732849121,14,True
Random_n35_15,Random,35,SourceResolved-GA,0,30,30,0.5276913642883301,200,True
Random_n35_15,Random,35,SourceResolved-GA,1,35,35,0.003290414810180664,0,True
Random_n35_15,Random,35,SourceResolved-GA,1,35,35,0.0944356918334961,34,True
Random_n35_15,Random,35,SourceResolved-GA,0,35,35,0.528172492980957,200,True
Random_n35_15,Random,35,SourceResolved-GA,1,35,35,0.003227710723876953,0,True
Random_n35_15,Random,35,SourceResolved-GA,1,35,35,0.0033795833587646484,0,True
Random_n35_15,Random,35,SourceResolved-GA,1,35,35,0.12116193771362305,44,True
Random_n35_15,Random,35,MS-SourceResolved-GA,1,35,35,0.10685253143310547,0,True
Random_n35_15,Random,35,MS-SourceResolved-GA,1,35,35,0.12884807586669922,8,True
Random_n35_15,Random,35,MS-SourceResolved-GA,1,35,35,0.0648810863494873,63,True
Random_n35_15,Random,35,MS-SourceResolved-GA,1,35,35,0.2687516212463379,61,True
Random_n35_15,Random,35,MS-SourceResolved-GA,1,35,35,0.10749602317810059,0,True
Random_n35_15,Random,35,MS-SourceResolved-GA,1,35,35,0.10735511779785156,0,True
Random_n35_15,Random,35,MS-SourceResolved-GA,1,35,35,0.24926376342773438,51,True
Random_n35_15,Random,35,MS-SourceResolved-GA,1,35,35,0.20003747940063477,35,True
Random_n35_15,Random,35,MS-SourceResolved-GA,1,35,35,0.3226187229156494,81,True
Random_n35_15,Random,35,MS-SourceResolved-GA,1,35,35,0.10822200775146484,0,True
Random_n35_16,Random,35,SourceResolved-GA,0,35,35,0.5976591110229492,200,True
Random_n35_16,Random,35,SourceResolved-GA,1,35,35,0.08862733840942383,32,True
Random_n35_16,Random,35,SourceResolved-GA,1,35,35,0.09638428688049316,35,True
Random_n35_16,Random,35,SourceResolved-GA,1,35,35,0.00331878662109375,0,True
Random_n35_16,Random,35,SourceResolved-GA,1,35,35,0.15158987045288086,56,True
Random_n35_16,Random,35,SourceResolved-GA,1,35,35,0.0033109188079833984,0,True
Random_n35_16,Random,35,SourceResolved-GA,1,35,35,0.059268951416015625,21,True
Random_n35_16,Random,35,SourceResolved-GA,0,35,35,0.542853593826294,200,True
Random_n35_16,Random,35,SourceResolved-GA,1,35,35,0.09433960914611816,34,True
Random_n35_16,Random,35,SourceResolved-GA,1,35,35,0.13120412826538086,46,True
Random_n35_16,Random,35,MS-SourceResolved-GA,1,35,35,0.10695028305053711,0,True
Random_n35_16,Random,35,MS-SourceResolved-GA,1,35,35,0.3614640235900879,95,True
Random_n35_16,Random,35,MS-SourceResolved-GA,1,35,35,0.16282296180725098,21,True
Random_n35_16,Random,35,MS-SourceResolved-GA,1,35,35,0.23221158981323242,47,True
Random_n35_16,Random,35,MS-SourceResolved-GA,1,35,35,0.15815496444702148,19,True
Random_n35_16,Random,35,MS-SourceResolved-GA,0,34,34,0.5033128261566162,150,True
Random_n35_16,Random,35,MS-SourceResolved-GA,1,35,35,0.19985604286193848,35,True
Random_n35_16,Random,35,MS-SourceResolved-GA,1,35,35,0.2850816249847412,67,True
Random_n35_16,Random,35,MS-SourceResolved-GA,1,35,35,0.11427760124206543,0,True
Random_n35_16,Random,35,MS-SourceResolved-GA,1,35,35,0.23547673225402832,24,True
Random_n35_17,Random,35,SourceResolved-GA,1,35,35,0.42081570625305176,98,True
Random_n35_17,Random,35,SourceResolved-GA,1,35,35,0.08085131645202637,22,True
Random_n35_17,Random,35,SourceResolved-GA,1,35,35,0.004334688186645508,0,True
Random_n35_17,Random,35,SourceResolved-GA,1,35,35,0.16181683540344238,41,True
Random_n35_17,Random,35,SourceResolved-GA,1,35,35,0.004472255706787109,0,True
Random_n35_17,Random,35,SourceResolved-GA,0,34,34,0.7628173828125,200,True
Random_n35_17,Random,35,SourceResolved-GA,1,35,35,0.07958030700683594,19,True
Random_n35_17,Random,35,SourceResolved-GA,1,35,35,0.004403829574584961,0,True
Random_n35_17,Random,35,SourceResolved-GA,1,35,35,0.0058689117431640625,0,True
Random_n35_17,Random,35,SourceResolved-GA,0,35,35,0.7664611339569092,200,True
Random_n35_17,Random,35,MS-SourceResolved-GA,1,35,35,0.1865096092224121,8,True
Random_n35_17,Random,35,MS-SourceResolved-GA,1,35,35,0.14848041534423828,99,True
Random_n35_17,Random,35,MS-SourceResolved-GA,0,29,29,0.8783230781555176,150,True
Random_n35_17,Random,35,MS-SourceResolved-GA,1,35,35,0.2720029354095459,0,True
Random_n35_17,Random,35,MS-SourceResolved-GA,1,35,35,0.27288269996643066,0,True
Random_n35_17,Random,35,MS-SourceResolved-GA,1,35,35,0.2711215019226074,0,True
Random_n35_17,Random,35,MS-SourceResolved-GA,1,35,35,0.18448090553283691,72,True
Random_n35_17,Random,35,MS-SourceResolved-GA,1,35,35,0.587090015411377,47,True
Random_n35_17,Random,35,MS-SourceResolved-GA,1,35,35,0.2670743465423584,0,True
Random_n35_17,Random,35,MS-SourceResolved-GA,1,35,35,0.45508575439453125,28,True
Random_n35_18,Random,35,SourceResolved-GA,0,29,29,0.8945434093475342,200,True
Random_n35_18,Random,35,SourceResolved-GA,0,35,35,0.6806290149688721,200,True
Random_n35_18,Random,35,SourceResolved-GA,1,35,35,0.28142619132995605,81,True
Random_n35_18,Random,35,SourceResolved-GA,0,34,34,0.6794533729553223,200,True
Random_n35_18,Random,35,SourceResolved-GA,1,35,35,0.1230170726776123,35,True
Random_n35_18,Random,35,SourceResolved-GA,1,35,35,0.004435539245605469,0,True
Random_n35_18,Random,35,SourceResolved-GA,1,35,35,0.004268646240234375,0,True
Random_n35_18,Random,35,SourceResolved-GA,1,35,35,0.11636233329772949,33,True
Random_n35_18,Random,35,SourceResolved-GA,1,35,35,0.0682833194732666,19,True
Random_n35_18,Random,35,SourceResolved-GA,1,35,35,0.0995490550994873,28,True
Random_n35_18,Random,35,MS-SourceResolved-GA,1,35,35,0.17336106300354004,10,True
Random_n35_18,Random,35,MS-SourceResolved-GA,1,35,35,0.126603364944458,97,True
Random_n35_18,Random,35,MS-SourceResolved-GA,1,35,35,0.13689923286437988,0,True
Random_n35_18,Random,35,MS-SourceResolved-GA,1,35,35,0.19989728927612305,18,True
Random_n35_18,Random,35,MS-SourceResolved-GA,1,35,35,0.13725829124450684,0,True
Random_n35_18,Random,35,MS-SourceResolved-GA,0,34,34,0.6472172737121582,150,True
Random_n35_18,Random,35,MS-SourceResolved-GA,1,35,35,0.3521561622619629,62,True
Random_n35_18,Random,35,MS-SourceResolved-GA,1,35,35,0.14009714126586914,0,True
Random_n35_18,Random,35,MS-SourceResolved-GA,0,35,35,0.6298058032989502,150,True
Random_n35_18,Random,35,MS-SourceResolved-GA,1,35,35,0.2393326759338379,30,True
Random_n35_19,Random,35,SourceResolved-GA,0,34,34,0.7087037563323975,200,True
Random_n35_19,Random,35,SourceResolved-GA,0,34,34,0.7360014915466309,200,True
Random_n35_19,Random,35,SourceResolved-GA,1,35,35,0.06862592697143555,19,True
Random_n35_19,Random,35,SourceResolved-GA,1,35,35,0.0040972232818603516,0,True
Random_n35_19,Random,35,SourceResolved-GA,1,35,35,0.11568641662597656,33,True
Random_n35_19,Random,35,SourceResolved-GA,1,35,35,0.07434225082397461,21,True
Random_n35_19,Random,35,SourceResolved-GA,1,35,35,0.3325796127319336,97,True
Random_n35_19,Random,35,SourceResolved-GA,1,35,35,0.16093826293945312,45,True
Random_n35_19,Random,35,SourceResolved-GA,1,35,35,0.1689903736114502,48,True
Random_n35_19,Random,35,SourceResolved-GA,1,35,35,0.004056692123413086,0,True
Random_n35_19,Random,35,MS-SourceResolved-GA,1,35,35,0.20825910568237305,21,True
Random_n35_19,Random,35,MS-SourceResolved-GA,1,35,35,0.13907980918884277,0,True
Random_n35_19,Random,35,MS-SourceResolved-GA,1,35,35,0.26198267936706543,37,True
Random_n35_19,Random,35,MS-SourceResolved-GA,1,35,35,0.26225733757019043,19,True
Random_n35_19,Random,35,MS-SourceResolved-GA,1,35,35,0.15576624870300293,0,True
Random_n35_19,Random,35,MS-SourceResolved-GA,1,35,35,0.1105959415435791,0,True
Random_n35_19,Random,35,MS-SourceResolved-GA,1,35,35,0.1925373077392578,32,True
Random_n35_19,Random,35,MS-SourceResolved-GA,0,34,34,0.505242109298706,150,True
Random_n35_19,Random,35,MS-SourceResolved-GA,0,35,35,0.5034081935882568,150,True
Random_n35_19,Random,35,MS-SourceResolved-GA,1,35,35,0.13469481468200684,0,True
Random_n35_20,Random,35,SourceResolved-GA,0,23,23,0.6654479503631592,200,True
Random_n35_20,Random,35,SourceResolved-GA,0,29,29,0.6665053367614746,200,True
Random_n35_20,Random,35,SourceResolved-GA,0,34,34,0.6962635517120361,200,True
Random_n35_20,Random,35,SourceResolved-GA,0,34,34,0.7243010997772217,200,True
Random_n35_20,Random,35,SourceResolved-GA,1,35,35,0.2563750743865967,76,True
Random_n35_20,Random,35,SourceResolved-GA,1,35,35,0.09317779541015625,25,True
Random_n35_20,Random,35,SourceResolved-GA,1,35,35,0.2660801410675049,78,True
Random_n35_20,Random,35,SourceResolved-GA,0,35,35,0.6440939903259277,200,True
Random_n35_20,Random,35,SourceResolved-GA,1,35,35,0.003907442092895508,0,True
Random_n35_20,Random,35,SourceResolved-GA,1,35,35,0.003826141357421875,0,True
Random_n35_20,Random,35,MS-SourceResolved-GA,0,30,30,0.5960197448730469,150,True
Random_n35_20,Random,35,MS-SourceResolved-GA,0,35,35,0.660956621170044,150,True
Random_n35_20,Random,35,MS-SourceResolved-GA,0,35,35,0.7412543296813965,150,True
Random_n35_20,Random,35,MS-SourceResolved-GA,0,31,31,0.6165611743927002,150,True
Random_n35_20,Random,35,MS-SourceResolved-GA,1,35,35,0.3091413974761963,53,True
Random_n35_20,Random,35,MS-SourceResolved-GA,1,35,35,0.13268351554870605,0,True
Random_n35_20,Random,35,MS-SourceResolved-GA,1,35,35,0.1314682960510254,0,True
Random_n35_20,Random,35,MS-SourceResolved-GA,1,35,35,0.16764163970947266,11,True
Random_n35_20,Random,35,MS-SourceResolved-GA,0,32,32,0.618783712387085,150,True
Random_n35_20,Random,35,MS-SourceResolved-GA,1,35,35,0.26633143424987793,41,True
Random_n35_5,Random,35,SourceResolved-GA,1,35,35,0.007510662078857422,0,True
Random_n35_5,Random,35,SourceResolved-GA,1,35,35,0.0065593719482421875,0,True
Random_n35_5,Random,35,SourceResolved-GA,1,35,35,0.006217479705810547,0,True
Random_n35_5,Random,35,SourceResolved-GA,1,35,35,0.3830251693725586,64,True
Random_n35_5,Random,35,SourceResolved-GA,0,35,35,1.070523977279663,200,True
Random_n35_5,Random,35,SourceResolved-GA,0,35,35,0.670142412185669,200,True
Random_n35_5,Random,35,SourceResolved-GA,1,35,35,0.0032176971435546875,0,True
Random_n35_5,Random,35,SourceResolved-GA,0,33,33,1.0856988430023193,200,True
Random_n35_5,Random,35,SourceResolved-GA,1,35,35,0.15070605278015137,24,True
Random_n35_5,Random,35,SourceResolved-GA,1,35,35,0.006978034973144531,0,True
Random_n35_5,Random,35,MS-SourceResolved-GA,1,35,35,0.3758425712585449,23,True
Random_n35_5,Random,35,MS-SourceResolved-GA,1,35,35,0.23931193351745605,0,True
Random_n35_5,Random,35,MS-SourceResolved-GA,1,35,35,0.7547521591186523,87,True
Random_n35_5,Random,35,MS-SourceResolved-GA,0,34,34,0.7045977115631104,150,True
Random_n35_5,Random,35,MS-SourceResolved-GA,0,33,33,0.566195011138916,150,True
Random_n35_5,Random,35,MS-SourceResolved-GA,0,35,35,0.5747675895690918,150,True
Random_n35_5,Random,35,MS-SourceResolved-GA,0,34,34,0.5662510395050049,150,True
Random_n35_5,Random,35,MS-SourceResolved-GA,1,35,35,0.06395816802978516,56,True
Random_n35_5,Random,35,MS-SourceResolved-GA,0,30,30,0.5797598361968994,150,True
Random_n35_5,Random,35,MS-SourceResolved-GA,1,35,35,0.2013392448425293,19,True
Random_n35_6,Random,35,SourceResolved-GA,0,32,32,0.6086757183074951,200,True
Random_n35_6,Random,35,SourceResolved-GA,0,35,35,0.6234335899353027,200,True
Random_n35_6,Random,35,SourceResolved-GA,0,33,33,0.6382002830505371,200,True
Random_n35_6,Random,35,SourceResolved-GA,1,35,35,0.23010945320129395,70,True
Random_n35_6,Random,35,SourceResolved-GA,0,30,30,0.6575925350189209,200,True
Random_n35_6,Random,35,SourceResolved-GA,0,35,35,0.9497947692871094,200,True
Random_n35_6,Random,35,SourceResolved-GA,1,35,35,0.2709650993347168,44,True
Random_n35_6,Random,35,SourceResolved-GA,1,35,35,0.00694727897644043,0,True
Random_n35_6,Random,35,SourceResolved-GA,0,35,35,1.1635606288909912,200,True
Random_n35_6,Random,35,SourceResolved-GA,1,35,35,0.995863676071167,165,True
Random_n35_6,Random,35,MS-SourceResolved-GA,1,35,35,0.5271246433258057,48,True
Random_n35_6,Random,35,MS-SourceResolved-GA,0,35,35,1.1386606693267822,150,True
Random_n35_6,Random,35,MS-SourceResolved-GA,1,35,35,0.3603038787841797,30,True
Random_n35_6,Random,35,MS-SourceResolved-GA,1,35,35,0.17283964157104492,25,True
Random_n35_6,Random,35,MS-SourceResolved-GA,1,35,35,0.14468145370483398,14,True
Random_n35_6,Random,35,MS-SourceResolved-GA,0,33,33,0.8572242259979248,150,True
Random_n35_6,Random,35,MS-SourceResolved-GA,1,35,35,0.38752055168151855,25,True
Random_n35_6,Random,35,MS-SourceResolved-GA,0,33,33,0.9755454063415527,150,True
Random_n35_6,Random,35,MS-SourceResolved-GA,0,34,34,0.5041615962982178,150,True
Random_n35_6,Random,35,MS-SourceResolved-GA,1,35,35,0.15264081954956055,17,True
Random_n35_7,Random,35,SourceResolved-GA,1,35,35,0.003408670425415039,0,True
Random_n35_7,Random,35,SourceResolved-GA,1,35,35,0.08861780166625977,32,True
Random_n35_7,Random,35,SourceResolved-GA,0,35,35,0.5364212989807129,200,True
Random_n35_7,Random,35,SourceResolved-GA,0,32,32,0.5565211772918701,200,True
Random_n35_7,Random,35,SourceResolved-GA,1,35,35,0.15949392318725586,57,True
Random_n35_7,Random,35,SourceResolved-GA,0,34,34,0.6010475158691406,200,True
Random_n35_7,Random,35,SourceResolved-GA,1,35,35,0.04929709434509277,16,True
Random_n35_7,Random,35,SourceResolved-GA,0,34,34,0.5438046455383301,200,True
Random_n35_7,Random,35,SourceResolved-GA,0,35,35,0.5510756969451904,200,True
Random_n35_7,Random,35,SourceResolved-GA,1,35,35,0.17691421508789062,62,True
Random_n35_7,Random,35,MS-SourceResolved-GA,1,35,35,0.11098480224609375,0,True
Random_n35_7,Random,35,MS-SourceResolved-GA,0,35,35,0.518993616104126,150,True
Random_n35_7,Random,35,MS-SourceResolved-GA,1,35,35,0.2669248580932617,26,True
Random_n35_7,Random,35,MS-SourceResolved-GA,1,35,35,0.10697650909423828,0,True
Random_n35_7,Random,35,MS-SourceResolved-GA,1,35,35,0.1344890594482422,10,True
Random_n35_7,Random,35,MS-SourceResolved-GA,0,32,32,0.5041227340698242,150,True
Random_n35_7,Random,35,MS-SourceResolved-GA,1,35,35,0.2226400375366211,41,True
Random_n35_7,Random,35,MS-SourceResolved-GA,1,35,35,0.11066603660583496,0,True
Random_n35_7,Random,35,MS-SourceResolved-GA,1,35,35,0.19508934020996094,31,True
Random_n35_7,Random,35,MS-SourceResolved-GA,1,35,35,0.30203843116760254,70,True
Random_n35_8,Random,35,SourceResolved-GA,0,22,22,0.8419530391693115,200,True
Random_n35_8,Random,35,SourceResolved-GA,1,35,35,0.0032806396484375,0,True
Random_n35_8,Random,35,SourceResolved-GA,1,35,35,0.22702884674072266,84,True
Random_n35_8,Random,35,SourceResolved-GA,0,35,35,0.5296270847320557,200,True
Random_n35_8,Random,35,SourceResolved-GA,1,35,35,0.0033097267150878906,0,True
Random_n35_8,Random,35,SourceResolved-GA,1,35,35,0.0032994747161865234,0,True
Random_n35_8,Random,35,SourceResolved-GA,1,35,35,0.003268003463745117,0,True
Random_n35_8,Random,35,SourceResolved-GA,1,35,35,0.0033702850341796875,0,True
Random_n35_8,Random,35,SourceResolved-GA,1,35,35,0.22909307479858398,85,True
Random_n35_8,Random,35,SourceResolved-GA,1,35,35,0.0033082962036132812,0,True
Random_n35_8,Random,35,MS-SourceResolved-GA,1,35,35,0.1706998348236084,0,True
Random_n35_8,Random,35,MS-SourceResolved-GA,0,34,34,0.9943008422851562,150,True
Random_n35_8,Random,35,MS-SourceResolved-GA,1,35,35,0.40795326232910156,26,True
Random_n35_8,Random,35,MS-SourceResolved-GA,1,35,35,0.39099645614624023,72,True
Random_n35_8,Random,35,MS-SourceResolved-GA,1,35,35,0.1076514720916748,0,True
Random_n35_8,Random,35,MS-SourceResolved-GA,1,35,35,0.10626101493835449,0,True
Random_n35_8,Random,35,MS-SourceResolved-GA,0,34,34,0.5048918724060059,150,True
Random_n35_8,Random,35,MS-SourceResolved-GA,1,35,35,0.16543245315551758,22,True
Random_n35_8,Random,35,MS-SourceResolved-GA,1,35,35,0.14718389511108398,14,True
Random_n35_8,Random,35,MS-SourceResolved-GA,1,35,35,0.15692901611328125,18,True
Random_n35_45,Random,35,SourceResolved-GA,1,35,35,0.007281064987182617,0,True
Random_n35_45,Random,35,SourceResolved-GA,1,35,35,0.22867894172668457,37,True
Random_n35_45,Random,35,SourceResolved-GA,1,35,35,0.3181943893432617,52,True
Random_n35_45,Random,35,SourceResolved-GA,1,35,35,0.23489880561828613,38,True
Random_n35_45,Random,35,SourceResolved-GA,1,35,35,0.007002115249633789,0,True
Random_n35_45,Random,35,SourceResolved-GA,1,35,35,0.18469452857971191,30,True
Random_n35_45,Random,35,SourceResolved-GA,1,35,35,0.0070438385009765625,0,True
Random_n35_45,Random,35,SourceResolved-GA,1,35,35,0.21764564514160156,35,True
Random_n35_45,Random,35,SourceResolved-GA,1,35,35,0.24088811874389648,39,True
Random_n35_45,Random,35,SourceResolved-GA,1,35,35,0.007124185562133789,0,True
Random_n35_45,Random,35,MS-SourceResolved-GA,1,35,35,0.2395005226135254,0,True
Random_n35_45,Random,35,MS-SourceResolved-GA,0,33,33,1.130812406539917,150,True
Random_n35_45,Random,35,MS-SourceResolved-GA,0,33,33,0.5705182552337646,150,True
Random_n35_45,Random,35,MS-SourceResolved-GA,1,35,35,0.14821410179138184,0,True
Random_n35_45,Random,35,MS-SourceResolved-GA,1,35,35,0.22622060775756836,0,True
Random_n35_45,Random,35,MS-SourceResolved-GA,1,35,35,0.6639251708984375,83,True
Random_n35_45,Random,35,MS-SourceResolved-GA,1,35,35,0.46262621879577637,38,True
Random_n35_45,Random,35,MS-SourceResolved-GA,1,35,35,0.2352893352508545,0,True
Random_n35_45,Random,35,MS-SourceResolved-GA,1,35,35,0.2113511562347412,94,True
Random_n35_45,Random,35,MS-SourceResolved-GA,1,35,35,0.19394421577453613,20,True
Random_n35_46,Random,35,SourceResolved-GA,1,35,35,0.0034067630767822266,0,True
Random_n35_46,Random,35,SourceResolved-GA,0,34,34,0.5327537059783936,200,True
Random_n35_46,Random,35,SourceResolved-GA,0,34,34,0.5311486721038818,200,True
Random_n35_46,Random,35,SourceResolved-GA,0,22,22,0.5955290794372559,200,True
Random_n35_46,Random,35,SourceResolved-GA,1,35,35,0.05172252655029297,18,True
Random_n35_46,Random,35,SourceResolved-GA,0,34,34,0.5275101661682129,200,True
Random_n35_46,Random,35,SourceResolved-GA,1,35,35,0.0032951831817626953,0,True
Random_n35_46,Random,35,SourceResolved-GA,1,35,35,0.09661197662353516,35,True
Random_n35_46,Random,35,SourceResolved-GA,1,35,35,0.16206812858581543,60,True
Random_n35_46,Random,35,SourceResolved-GA,1,35,35,0.07205677032470703,26,True
Random_n35_46,Random,35,MS-SourceResolved-GA,1,35,35,0.22217559814453125,43,True
Random_n35_46,Random,35,MS-SourceResolved-GA,1,35,35,0.14370107650756836,14,True
Random_n35_46,Random,35,MS-SourceResolved-GA,1,35,35,0.07746601104736328,76,True
Random_n35_46,Random,35,MS-SourceResolved-GA,1,35,35,0.10812067985534668,0,True
Random_n35_46,Random,35,MS-SourceResolved-GA,1,35,35,0.10889816284179688,0,True
Random_n35_46,Random,35,MS-SourceResolved-GA,1,35,35,0.16388702392578125,21,True
Random_n35_46,Random,35,MS-SourceResolved-GA,1,35,35,0.06993246078491211,68,True
Random_n35_46,Random,35,MS-SourceResolved-GA,1,35,35,0.3365921974182129,86,True
Random_n35_46,Random,35,MS-SourceResolved-GA,1,35,35,0.10802340507507324,0,True
Random_n35_46,Random,35,MS-SourceResolved-GA,1,35,35,0.1076502799987793,0,True
Random_n35_47,Random,35,SourceResolved-GA,1,35,35,0.06249189376831055,22,True
Random_n35_47,Random,35,SourceResolved-GA,1,35,35,0.003317594528198242,0,True
Random_n35_47,Random,35,SourceResolved-GA,1,35,35,0.00399470329284668,0,True
Random_n35_47,Random,35,SourceResolved-GA,1,35,35,0.08341526985168457,30,True
Random_n35_47,Random,35,SourceResolved-GA,1,35,35,0.062204599380493164,22,True
Random_n35_47,Random,35,SourceResolved-GA,1,35,35,0.003385305404663086,0,True
Random_n35_47,Random,35,SourceResolved-GA,0,35,35,0.6029458045959473,200,True
Random_n35_47,Random,35,SourceResolved-GA,1,35,35,0.00331878662109375,0,True
Random_n35_47,Random,35,SourceResolved-GA,0,31,31,0.5336794853210449,200,True
Random_n35_47,Random,35,SourceResolved-GA,1,35,35,0.2058553695678711,70,True
Random_n35_47,Random,35,MS-SourceResolved-GA,1,35,35,0.24683737754821777,35,True
Random_n35_47,Random,35,MS-SourceResolved-GA,1,35,35,0.22486233711242676,44,True
Random_n35_47,Random,35,MS-SourceResolved-GA,1,35,35,0.2209007740020752,42,True
Random_n35_47,Random,35,MS-SourceResolved-GA,1,35,35,0.10730671882629395,0,True
Random_n35_47,Random,35,MS-SourceResolved-GA,1,35,35,0.10781073570251465,0,True
Random_n35_47,Random,35,MS-SourceResolved-GA,0,31,31,0.5033121109008789,150,True
Random_n35_47,Random,35,MS-SourceResolved-GA,1,35,35,0.10724377632141113,0,True
Random_n35_47,Random,35,MS-SourceResolved-GA,1,35,35,0.10786986351013184,0,True
Random_n35_47,Random,35,MS-SourceResolved-GA,1,35,35,0.10748052597045898,0,True
Random_n35_47,Random,35,MS-SourceResolved-GA,1,35,35,0.05646920204162598,55,True
Random_n35_48,Random,35,SourceResolved-GA,1,35,35,0.003435373306274414,0,True
Random_n35_48,Random,35,SourceResolved-GA,0,35,35,0.5330064296722412,200,True
Random_n35_48,Random,35,SourceResolved-GA,1,35,35,0.05625486373901367,20,True
Random_n35_48,Random,35,SourceResolved-GA,1,35,35,0.07278633117675781,26,True
Random_n35_48,Random,35,SourceResolved-GA,0,29,29,0.6665287017822266,200,True
Random_n35_48,Random,35,SourceResolved-GA,1,35,35,0.20118021965026855,72,True
Random_n35_48,Random,35,SourceResolved-GA,1,35,35,0.0819861888885498,29,True
Random_n35_48,Random,35,SourceResolved-GA,1,35,35,0.06682872772216797,23,True
Random_n35_48,Random,35,SourceResolved-GA,0,35,35,0.5540945529937744,200,True
Random_n35_48,Random,35,SourceResolved-GA,1,35,35,0.048705339431762695,17,True
Random_n35_48,Random,35,MS-SourceResolved-GA,1,35,35,0.11054205894470215,0,True
Random_n35_48,Random,35,MS-SourceResolved-GA,1,35,35,0.1913907527923584,30,True
Random_n35_48,Random,35,MS-SourceResolved-GA,1,35,35,0.10940384864807129,0,True
Random_n35_48,Random,35,MS-SourceResolved-GA,1,35,35,0.10853195190429688,0,True
Random_n35_48,Random,35,MS-SourceResolved-GA,1,35,35,0.11328673362731934,0,True
Random_n35_48,Random,35,MS-SourceResolved-GA,1,35,35,0.11131787300109863,0,True
Random_n35_48,Random,35,MS-SourceResolved-GA,0,33,33,0.5116732120513916,150,True
Random_n35_48,Random,35,MS-SourceResolved-GA,1,35,35,0.1733708381652832,24,True
Random_n35_48,Random,35,MS-SourceResolved-GA,1,35,35,0.16721653938293457,22,True
Random_n35_48,Random,35,MS-SourceResolved-GA,0,34,34,0.570457935333252,150,True
Random_n35_37,Random,35,SourceResolved-GA,1,35,35,0.12517428398132324,20,True
Random_n35_37,Random,35,SourceResolved-GA,1,35,35,0.007172107696533203,0,True
Random_n35_37,Random,35,SourceResolved-GA,1,35,35,0.13260984420776367,21,True
Random_n35_37,Random,35,SourceResolved-GA,1,35,35,0.3671574592590332,60,True
Random_n35_37,Random,35,SourceResolved-GA,1,35,35,0.0070192813873291016,0,True
Random_n35_37,Random,35,SourceResolved-GA,1,35,35,0.22273993492126465,36,True
Random_n35_37,Random,35,SourceResolved-GA,1,35,35,0.22809529304504395,37,True
Random_n35_37,Random,35,SourceResolved-GA,0,34,34,1.2034931182861328,200,True
Random_n35_37,Random,35,SourceResolved-GA,1,35,35,0.007185220718383789,0,True
Random_n35_37,Random,35,SourceResolved-GA,1,35,35,0.007100820541381836,0,True
Random_n35_37,Random,35,MS-SourceResolved-GA,1,35,35,0.23850369453430176,0,True
Random_n35_37,Random,35,MS-SourceResolved-GA,1,35,35,0.23975300788879395,0,True
Random_n35_37,Random,35,MS-SourceResolved-GA,1,35,35,0.6443319320678711,74,True
Random_n35_37,Random,35,MS-SourceResolved-GA,1,35,35,0.23879265785217285,0,True
Random_n35_37,Random,35,MS-SourceResolved-GA,0,34,34,1.137364149093628,150,True
Random_n35_37,Random,35,MS-SourceResolved-GA,1,35,35,0.30528712272644043,11,True
Random_n35_37,Random,35,MS-SourceResolved-GA,1,35,35,0.43717098236083984,33,True
Random_n35_37,Random,35,MS-SourceResolved-GA,1,35,35,0.23621892929077148,0,True
Random_n35_37,Random,35,MS-SourceResolved-GA,1,35,35,0.5228304862976074,48,True
Random_n35_37,Random,35,MS-SourceResolved-GA,1,35,35,0.24049854278564453,0,True
Random_n35_38,Random,35,SourceResolved-GA,1,35,35,0.05388903617858887,19,True
Random_n35_38,Random,35,SourceResolved-GA,1,35,35,0.13624000549316406,50,True
Random_n35_38,Random,35,SourceResolved-GA,1,35,35,0.10449004173278809,38,True
Random_n35_38,Random,35,SourceResolved-GA,1,35,35,0.0033111572265625,0,True
Random_n35_38,Random,35,SourceResolved-GA,1,35,35,0.08367490768432617,30,True
Random_n35_38,Random,35,SourceResolved-GA,1,35,35,0.003367900848388672,0,True
Random_n35_38,Random,35,SourceResolved-GA,1,35,35,0.003322601318359375,0,True
Random_n35_38,Random,35,SourceResolved-GA,0,28,28,0.9733874797821045,200,True
Random_n35_38,Random,35,SourceResolved-GA,0,33,33,1.1304981708526611,200,True
Random_n35_38,Random,35,SourceResolved-GA,1,35,35,0.09934473037719727,36,True
Random_n35_38,Random,35,MS-SourceResolved-GA,1,35,35,0.23132705688476562,46,True
Random_n35_38,Random,35,MS-SourceResolved-GA,1,35,35,0.17212843894958496,24,True
Random_n35_38,Random,35,MS-SourceResolved-GA,1,35,35,0.20032811164855957,35,True
Random_n35_38,Random,35,MS-SourceResolved-GA,1,35,35,0.10746383666992188,0,True
Random_n35_38,Random,35,MS-SourceResolved-GA,1,35,35,0.16593575477600098,22,True
Random_n35_38,Random,35,MS-SourceResolved-GA,1,35,35,0.1077108383178711,0,True
Random_n35_38,Random,35,MS-SourceResolved-GA,1,35,35,0.10888004302978516,0,True
Random_n35_38,Random,35,MS-SourceResolved-GA,1,35,35,0.10842370986938477,0,True
Random_n35_38,Random,35,MS-SourceResolved-GA,1,35,35,0.2516825199127197,30,True
Random_n35_38,Random,35,MS-SourceResolved-GA,1,35,35,0.1082451343536377,0,True
Random_n35_39,Random,35,SourceResolved-GA,0,33,33,0.5298676490783691,200,True
Random_n35_39,Random,35,SourceResolved-GA,0,31,31,0.5330631732940674,200,True
Random_n35_39,Random,35,SourceResolved-GA,1,35,35,0.0033216476440429688,0,True
Random_n35_39,Random,35,SourceResolved-GA,1,35,35,0.07810354232788086,28,True
Random_n35_39,Random,35,SourceResolved-GA,0,19,19,0.537503719329834,200,True
Random_n35_39,Random,35,SourceResolved-GA,1,35,35,0.11311745643615723,41,True
Random_n35_39,Random,35,SourceResolved-GA,0,34,34,0.5337681770324707,200,True
Random_n35_39,Random,35,SourceResolved-GA,1,35,35,0.08593082427978516,31,True
Random_n35_39,Random,35,SourceResolved-GA,1,35,35,0.09980154037475586,36,True
Random_n35_39,Random,35,SourceResolved-GA,0,28,28,0.5416483879089355,200,True
Random_n35_39,Random,35,MS-SourceResolved-GA,1,35,35,0.25934553146362305,33,True
Random_n35_39,Random,35,MS-SourceResolved-GA,1,35,35,0.10731387138366699,0,True
Random_n35_39,Random,35,MS-SourceResolved-GA,1,35,35,0.22695374488830566,45,True
Random_n35_39,Random,35,MS-SourceResolved-GA,1,35,35,0.1730480194091797,25,True
Random_n35_39,Random,35,MS-SourceResolved-GA,0,34,34,0.5640482902526855,150,True
Random_n35_39,Random,35,MS-SourceResolved-GA,1,35,35,0.08807373046875,86,True
Random_n35_39,Random,35,MS-SourceResolved-GA,1,35,35,0.19050097465515137,30,True
Random_n35_39,Random,35,MS-SourceResolved-GA,0,35,35,0.5085303783416748,150,True
Random_n35_39,Random,35,MS-SourceResolved-GA,0,28,28,0.5032615661621094,150,True
Random_n35_39,Random,35,MS-SourceResolved-GA,0,35,35,0.5092639923095703,150,True
Random_n35_40,Random,35,SourceResolved-GA,1,35,35,0.003350496292114258,0,True
Random_n35_40,Random,35,SourceResolved-GA,1,35,35,0.0033597946166992188,0,True
Random_n35_40,Random,35,SourceResolved-GA,1,35,35,0.0032951831817626953,0,True
Random_n35_40,Random,35,SourceResolved-GA,1,35,35,0.1261610984802246,46,True
Random_n35_40,Random,35,SourceResolved-GA,1,35,35,0.42943501472473145,153,True
Random_n35_40,Random,35,SourceResolved-GA,0,33,33,0.6018679141998291,200,True
Random_n35_40,Random,35,SourceResolved-GA,0,29,29,0.5359983444213867,200,True
Random_n35_40,Random,35,SourceResolved-GA,1,35,35,0.5021061897277832,189,True
Random_n35_40,Random,35,SourceResolved-GA,1,35,35,0.027686595916748047,9,True
Random_n35_40,Random,35,SourceResolved-GA,0,33,33,0.5302712917327881,200,True
Random_n35_40,Random,35,MS-SourceResolved-GA,1,35,35,0.2840158939361572,67,True
Random_n35_40,Random,35,MS-SourceResolved-GA,1,35,35,0.23923730850219727,49,True
Random_n35_40,Random,35,MS-SourceResolved-GA,1,35,35,0.16682744026184082,22,True
Random_n35_40,Random,35,MS-SourceResolved-GA,1,35,35,0.08313941955566406,80,True
Random_n35_40,Random,35,MS-SourceResolved-GA,1,35,35,0.1185908317565918,0,True
Random_n35_40,Random,35,MS-SourceResolved-GA,0,35,35,0.6134355068206787,150,True
Random_n35_40,Random,35,MS-SourceResolved-GA,1,35,35,0.15969586372375488,19,True
Random_n35_40,Random,35,MS-SourceResolved-GA,1,35,35,0.10750627517700195,0,True
Random_n35_40,Random,35,MS-SourceResolved-GA,1,35,35,0.04835081100463867,47,True
Random_n35_40,Random,35,MS-SourceResolved-GA,1,35,35,0.2108290195465088,39,True
Random_n35_33,Random,35,SourceResolved-GA,1,35,35,0.0069653987884521484,0,True
Random_n35_33,Random,35,SourceResolved-GA,1,35,35,0.2417159080505371,39,True
Random_n35_33,Random,35,SourceResolved-GA,0,24,24,1.2092952728271484,200,True
Random_n35_33,Random,35,SourceResolved-GA,1,35,35,0.15136003494262695,24,True
Random_n35_33,Random,35,SourceResolved-GA,1,35,35,0.1864471435546875,30,True
Random_n35_33,Random,35,SourceResolved-GA,1,35,35,0.09051084518432617,14,True
Random_n35_33,Random,35,SourceResolved-GA,0,30,30,1.210942268371582,200,True
Random_n35_33,Random,35,SourceResolved-GA,0,34,34,1.1685996055603027,200,True
Random_n35_33,Random,35,SourceResolved-GA,0,27,27,1.2041192054748535,200,True
Random_n35_33,Random,35,SourceResolved-GA,0,31,31,1.2170891761779785,200,True
Random_n35_33,Random,35,MS-SourceResolved-GA,1,35,35,0.23790979385375977,0,True
Random_n35_33,Random,35,MS-SourceResolved-GA,0,33,33,0.7885005474090576,150,True
Random_n35_33,Random,35,MS-SourceResolved-GA,0,27,27,0.7889809608459473,150,True
Random_n35_33,Random,35,MS-SourceResolved-GA,1,35,35,0.26412439346313477,20,True
Random_n35_33,Random,35,MS-SourceResolved-GA,1,35,35,0.14619731903076172,0,True
Random_n35_33,Random,35,MS-SourceResolved-GA,1,35,35,0.32734203338623047,62,True
Random_n35_33,Random,35,MS-SourceResolved-GA,1,35,35,0.22078156471252441,0,True
Random_n35_33,Random,35,MS-SourceResolved-GA,1,35,35,0.355008602142334,18,True
Random_n35_33,Random,35,MS-SourceResolved-GA,0,27,27,0.5973215103149414,150,True
Random_n35_33,Random,35,MS-SourceResolved-GA,1,35,35,0.20880508422851562,37,True
Random_n35_34,Random,35,SourceResolved-GA,1,35,35,0.003337860107421875,0,True
Random_n35_34,Random,35,SourceResolved-GA,1,35,35,0.0033347606658935547,0,True
Random_n35_34,Random,35,SourceResolved-GA,1,35,35,0.1575314998626709,57,True
Random_n35_34,Random,35,SourceResolved-GA,1,35,35,0.044051408767700195,15,True
Random_n35_34,Random,35,SourceResolved-GA,1,35,35,0.0034193992614746094,0,True
Random_n35_34,Random,35,SourceResolved-GA,0,35,35,0.5552511215209961,200,True
Random_n35_34,Random,35,SourceResolved-GA,1,35,35,0.20650839805603027,75,True
Random_n35_34,Random,35,SourceResolved-GA,0,34,34,0.539360761642456,200,True
Random_n35_34,Random,35,SourceResolved-GA,0,35,35,0.5408906936645508,200,True
Random_n35_34,Random,35,SourceResolved-GA,1,35,35,0.003304719924926758,0,True
Random_n35_34,Random,35,MS-SourceResolved-GA,1,35,35,0.20986604690551758,38,True
Random_n35_34,Random,35,MS-SourceResolved-GA,1,35,35,0.15167617797851562,16,True
Random_n35_34,Random,35,MS-SourceResolved-GA,1,35,35,0.18955707550048828,30,True
Random_n35_34,Random,35,MS-SourceResolved-GA,1,35,35,0.1080477237701416,0,True
Random_n35_34,Random,35,MS-SourceResolved-GA,1,35,35,0.20850229263305664,37,True
Random_n35_34,Random,35,MS-SourceResolved-GA,1,35,35,0.14064741134643555,12,True
Random_n35_34,Random,35,MS-SourceResolved-GA,1,35,35,0.09663915634155273,92,True
Random_n35_34,Random,35,MS-SourceResolved-GA,0,34,34,0.515186071395874,150,True
Random_n35_34,Random,35,MS-SourceResolved-GA,1,35,35,0.18540501594543457,28,True
Random_n35_34,Random,35,MS-SourceResolved-GA,0,34,34,0.5721580982208252,150,True
Random_n35_35,Random,35,SourceResolved-GA,1,35,35,0.003312826156616211,0,True
Random_n35_35,Random,35,SourceResolved-GA,1,35,35,0.12978410720825195,47,True
Random_n35_35,Random,35,SourceResolved-GA,1,35,35,0.003427743911743164,0,True
Random_n35_35,Random,35,SourceResolved-GA,1,35,35,0.0736234188079834,26,True
Random_n35_35,Random,35,SourceResolved-GA,1,35,35,0.0033245086669921875,0,True
Random_n35_35,Random,35,SourceResolved-GA,0,35,35,0.5442638397216797,200,True
Random_n35_35,Random,35,SourceResolved-GA,1,35,35,0.1119694709777832,40,True
Random_n35_35,Random,35,SourceResolved-GA,0,35,35,0.5464706420898438,200,True
Random_n35_35,Random,35,SourceResolved-GA,1,35,35,0.224013090133667,81,True
Random_n35_35,Random,35,SourceResolved-GA,1,35,35,0.003427743911743164,0,True
Random_n35_35,Random,35,MS-SourceResolved-GA,1,35,35,0.0505218505859375,49,True
Random_n35_35,Random,35,MS-SourceResolved-GA,1,35,35,0.3883934020996094,105,True
Random_n35_35,Random,35,MS-SourceResolved-GA,1,35,35,0.10915708541870117,0,True
Random_n35_35,Random,35,MS-SourceResolved-GA,0,34,34,0.5107429027557373,150,True
Random_n35_35,Random,35,MS-SourceResolved-GA,1,35,35,0.10764074325561523,0,True
Random_n35_35,Random,35,MS-SourceResolved-GA,1,35,35,0.10780215263366699,0,True
Random_n35_35,Random,35,MS-SourceResolved-GA,1,35,35,0.10789203643798828,0,True
Random_n35_35,Random,35,MS-SourceResolved-GA,1,35,35,0.1529250144958496,16,True
Random_n35_35,Random,35,MS-SourceResolved-GA,0,32,32,0.5422811508178711,150,True
Random_n35_35,Random,35,MS-SourceResolved-GA,1,35,35,0.11690282821655273,0,True
Random_n35_36,Random,35,SourceResolved-GA,1,35,35,0.10980939865112305,39,True
Random_n35_36,Random,35,SourceResolved-GA,1,35,35,0.528756856918335,189,True
Random_n35_36,Random,35,SourceResolved-GA,1,35,35,0.15294742584228516,56,True
Random_n35_36,Random,35,SourceResolved-GA,1,35,35,0.0033364295959472656,0,True
Random_n35_36,Random,35,SourceResolved-GA,1,35,35,0.11014604568481445,37,True
Random_n35_36,Random,35,SourceResolved-GA,1,35,35,0.0034165382385253906,0,True
Random_n35_36,Random,35,SourceResolved-GA,1,35,35,0.0032727718353271484,0,True
Random_n35_36,Random,35,SourceResolved-GA,1,35,35,0.0033571720123291016,0,True
Random_n35_36,Random,35,SourceResolved-GA,0,32,32,0.543668270111084,200,True
Random_n35_36,Random,35,SourceResolved-GA,1,35,35,0.0032579898834228516,0,True
Random_n35_36,Random,35,MS-SourceResolved-GA,1,35,35,0.21689987182617188,37,True
Random_n35_36,Random,35,MS-SourceResolved-GA,1,35,35,0.24464726448059082,47,True
Random_n35_36,Random,35,MS-SourceResolved-GA,0,33,33,0.5257177352905273,150,True
Random_n35_36,Random,35,MS-SourceResolved-GA,1,35,35,0.21231675148010254,15,True
Random_n35_36,Random,35,MS-SourceResolved-GA,1,35,35,0.1070551872253418,0,True
Random_n35_36,Random,35,MS-SourceResolved-GA,1,35,35,0.2823810577392578,62,True
Random_n35_36,Random,35,MS-SourceResolved-GA,1,35,35,0.15667009353637695,17,True
Random_n35_36,Random,35,MS-SourceResolved-GA,1,35,35,0.2472400665283203,52,True
Random_n35_36,Random,35,MS-SourceResolved-GA,1,35,35,0.2093191146850586,37,True
Random_n35_36,Random,35,MS-SourceResolved-GA,0,34,34,0.5217607021331787,150,True
Random_n35_21,Random,35,SourceResolved-GA,1,35,35,0.008340835571289062,0,True
Random_n35_21,Random,35,SourceResolved-GA,1,35,35,0.008109569549560547,0,True
Random_n35_21,Random,35,SourceResolved-GA,1,35,35,0.008224248886108398,0,True
Random_n35_21,Random,35,SourceResolved-GA,1,35,35,0.16167283058166504,22,True
Random_n35_21,Random,35,SourceResolved-GA,1,35,35,0.11292386054992676,15,True
Random_n35_21,Random,35,SourceResolved-GA,1,35,35,0.2597215175628662,36,True
Random_n35_21,Random,35,SourceResolved-GA,1,35,35,0.281444787979126,39,True
Random_n35_21,Random,35,SourceResolved-GA,1,35,35,0.2607259750366211,36,True
Random_n35_21,Random,35,SourceResolved-GA,1,35,35,0.008306264877319336,0,True
Random_n35_21,Random,35,SourceResolved-GA,1,35,35,0.008117437362670898,0,True
Random_n35_21,Random,35,MS-SourceResolved-GA,1,35,35,0.26892995834350586,0,True
Random_n35_21,Random,35,MS-SourceResolved-GA,1,35,35,0.37737560272216797,14,True
Random_n35_21,Random,35,MS-SourceResolved-GA,1,35,35,0.4607880115509033,27,True
Random_n35_21,Random,35,MS-SourceResolved-GA,1,35,35,0.1819002628326416,69,True
Random_n35_21,Random,35,MS-SourceResolved-GA,0,34,34,1.2993910312652588,150,True
Random_n35_21,Random,35,MS-SourceResolved-GA,1,35,35,0.6396992206573486,55,True
Random_n35_21,Random,35,MS-SourceResolved-GA,1,35,35,0.39617156982421875,19,True
Random_n35_21,Random,35,MS-SourceResolved-GA,1,35,35,0.26659488677978516,0,True
Random_n35_21,Random,35,MS-SourceResolved-GA,1,35,35,0.26880836486816406,0,True
Random_n35_21,Random,35,MS-SourceResolved-GA,0,34,34,1.2910072803497314,150,True
Random_n35_22,Random,35,SourceResolved-GA,1,35,35,0.21188569068908691,30,True
Random_n35_22,Random,35,SourceResolved-GA,0,29,29,1.3574135303497314,200,True
Random_n35_22,Random,35,SourceResolved-GA,1,35,35,0.19659948348999023,28,True
Random_n35_22,Random,35,SourceResolved-GA,0,27,27,1.3749008178710938,200,True
Random_n35_22,Random,35,SourceResolved-GA,0,34,34,0.8238537311553955,200,True
Random_n35_22,Random,35,SourceResolved-GA,1,35,35,0.07992100715637207,29,True
Random_n35_22,Random,35,SourceResolved-GA,1,35,35,0.16977477073669434,55,True
Random_n35_22,Random,35,SourceResolved-GA,1,35,35,0.006372928619384766,0,True
Random_n35_22,Random,35,SourceResolved-GA,1,35,35,0.18569183349609375,32,True
Random_n35_22,Random,35,SourceResolved-GA,1,35,35,0.14588594436645508,24,True
Random_n35_22,Random,35,MS-SourceResolved-GA,1,35,35,0.46251988410949707,47,True
Random_n35_22,Random,35,MS-SourceResolved-GA,0,32,32,1.192770004272461,150,True
Random_n35_22,Random,35,MS-SourceResolved-GA,1,35,35,0.29025912284851074,47,True
Random_n35_22,Random,35,MS-SourceResolved-GA,1,35,35,0.13416671752929688,0,True
Random_n35_22,Random,35,MS-SourceResolved-GA,1,35,35,0.389146089553833,75,True
Random_n35_22,Random,35,MS-SourceResolved-GA,1,35,35,0.1350541114807129,0,True
Random_n35_22,Random,35,MS-SourceResolved-GA,1,35,35,0.18014144897460938,13,True
Random_n35_22,Random,35,MS-SourceResolved-GA,1,35,35,0.13547396659851074,0,True
Random_n35_22,Random,35,MS-SourceResolved-GA,1,35,35,0.24407482147216797,32,True
Random_n35_22,Random,35,MS-SourceResolved-GA,0,35,35,0.6380710601806641,150,True
Random_n35_23,Random,35,SourceResolved-GA,1,35,35,0.06604766845703125,18,True
Random_n35_23,Random,35,SourceResolved-GA,1,35,35,0.00429987907409668,0,True
Random_n35_23,Random,35,SourceResolved-GA,1,35,35,0.20296335220336914,60,True
Random_n35_23,Random,35,SourceResolved-GA,1,35,35,0.08237385749816895,24,True
Random_n35_23,Random,35,SourceResolved-GA,0,27,27,0.6384468078613281,200,True
Random_n35_23,Random,35,SourceResolved-GA,0,34,34,0.533566951751709,200,True
Random_n35_23,Random,35,SourceResolved-GA,1,35,35,0.08649420738220215,31,True
Random_n35_23,Random,35,SourceResolved-GA,1,35,35,0.00335693359375,0,True
Random_n35_23,Random,35,SourceResolved-GA,0,32,32,0.532402753829956,200,True
Random_n35_23,Random,35,SourceResolved-GA,0,34,34,0.764768123626709,200,True
Random_n35_23,Random,35,MS-SourceResolved-GA,1,35,35,0.5323305130004883,40,True
Random_n35_23,Random,35,MS-SourceResolved-GA,1,35,35,0.5930209159851074,49,True
Random_n35_23,Random,35,MS-SourceResolved-GA,1,35,35,0.4004685878753662,21,True
Random_n35_23,Random,35,MS-SourceResolved-GA,1,35,35,0.25785064697265625,0,True
Random_n35_23,Random,35,MS-SourceResolved-GA,1,35,35,0.25431394577026367,0,True
Random_n35_23,Random,35,MS-SourceResolved-GA,1,35,35,0.140885591506958,56,True
Random_n35_23,Random,35,MS-SourceResolved-GA,1,35,35,0.2592291831970215,0,True
Random_n35_23,Random,35,MS-SourceResolved-GA,1,35,35,0.12785696983337402,51,True
Random_n35_23,Random,35,MS-SourceResolved-GA,0,35,35,1.2161250114440918,150,True
Random_n35_23,Random,35,MS-SourceResolved-GA,1,35,35,0.44889044761657715,29,True
Random_n35_24,Random,35,SourceResolved-GA,1,35,35,0.1480414867401123,54,True
Random_n35_24,Random,35,SourceResolved-GA,1,35,35,0.08551812171936035,31,True
Random_n35_24,Random,35,SourceResolved-GA,1,35,35,0.003269672393798828,0,True
Random_n35_24,Random,35,SourceResolved-GA,1,35,35,0.0032126903533935547,0,True
Random_n35_24,Random,35,SourceResolved-GA,0,33,33,0.5266664028167725,200,True
Random_n35_24,Random,35,SourceResolved-GA,1,35,35,0.08370852470397949,30,True
Random_n35_24,Random,35,SourceResolved-GA,1,35,35,0.07931685447692871,29,True
Random_n35_24,Random,35,SourceResolved-GA,0,30,30,0.5315287113189697,200,True
Random_n35_24,Random,35,SourceResolved-GA,1,35,35,0.07424449920654297,27,True
Random_n35_24,Random,35,SourceResolved-GA,1,35,35,0.11199021339416504,41,True
Random_n35_24,Random,35,MS-SourceResolved-GA,1,35,35,0.08948230743408203,86,True
Random_n35_24,Random,35,MS-SourceResolved-GA,1,35,35,0.12914514541625977,8,True
Random_n35_24,Random,35,MS-SourceResolved-GA,1,35,35,0.10746431350708008,0,True
Random_n35_24,Random,35,MS-SourceResolved-GA,0,34,34,0.5606322288513184,150,True
Random_n35_24,Random,35,MS-SourceResolved-GA,1,35,35,0.2530505657196045,31,True
Random_n35_24,Random,35,MS-SourceResolved-GA,1,35,35,0.2722041606903076,53,True
Random_n35_24,Random,35,MS-SourceResolved-GA,1,35,35,0.32913756370544434,60,True
Random_n35_24,Random,35,MS-SourceResolved-GA,1,35,35,0.10663056373596191,0,True
Random_n35_24,Random,35,MS-SourceResolved-GA,1,35,35,0.26040029525756836,58,True
Random_n35_24,Random,35,MS-SourceResolved-GA,1,35,35,0.11104416847229004,0,True
Random_n35_53,Random,35,SourceResolved-GA,0,35,35,0.5465695858001709,200,True
Random_n35_53,Random,35,SourceResolved-GA,0,33,33,0.5349688529968262,200,True
Random_n35_53,Random,35,SourceResolved-GA,1,35,35,0.057480573654174805,20,True
Random_n35_53,Random,35,SourceResolved-GA,1,35,35,0.16741204261779785,61,True
Random_n35_53,Random,35,SourceResolved-GA,1,35,35,0.043784141540527344,15,True
Random_n35_53,Random,35,SourceResolved-GA,1,35,35,0.10168075561523438,37,True
Random_n35_53,Random,35,SourceResolved-GA,1,35,35,0.23648595809936523,85,True
Random_n35_53,Random,35,SourceResolved-GA,1,35,35,0.0033423900604248047,0,True
Random_n35_53,Random,35,SourceResolved-GA,1,35,35,0.4301426410675049,160,True
Random_n35_53,Random,35,SourceResolved-GA,0,33,33,0.5357410907745361,200,True
Random_n35_53,Random,35,MS-SourceResolved-GA,1,35,35,0.23577165603637695,46,True
Random_n35_53,Random,35,MS-SourceResolved-GA,1,35,35,0.10744595527648926,0,True
Random_n35_53,Random,35,MS-SourceResolved-GA,1,35,35,0.21423792839050293,40,True
Random_n35_53,Random,35,MS-SourceResolved-GA,1,35,35,0.1456775665283203,14,True
Random_n35_53,Random,35,MS-SourceResolved-GA,1,35,35,0.1502525806427002,16,True
Random_n35_53,Random,35,MS-SourceResolved-GA,1,35,35,0.25750064849853516,38,True
Random_n35_53,Random,35,MS-SourceResolved-GA,1,35,35,0.39248037338256836,100,True
Random_n35_53,Random,35,MS-SourceResolved-GA,1,35,35,0.2055683135986328,37,True
Random_n35_53,Random,35,MS-SourceResolved-GA,1,35,35,0.10655784606933594,0,True
Random_n35_53,Random,35,MS-SourceResolved-GA,0,35,35,0.5699193477630615,150,True
Random_n35_54,Random,35,SourceResolved-GA,0,33,33,0.543586015701294,200,True
Random_n35_54,Random,35,SourceResolved-GA,1,35,35,0.08393096923828125,30,True
Random_n35_54,Random,35,SourceResolved-GA,1,35,35,0.0033369064331054688,0,True
Random_n35_54,Random,35,SourceResolved-GA,1,35,35,0.0033495426177978516,0,True
Random_n35_54,Random,35,SourceResolved-GA,1,35,35,0.0702660083770752,25,True
Random_n35_54,Random,35,SourceResolved-GA,1,35,35,0.07227110862731934,26,True
Random_n35_54,Random,35,SourceResolved-GA,1,35,35,0.03005528450012207,10,True
Random_n35_54,Random,35,SourceResolved-GA,1,35,35,0.07796049118041992,28,True
Random_n35_54,Random,35,SourceResolved-GA,0,19,19,0.5368554592132568,200,True
Random_n35_54,Random,35,SourceResolved-GA,1,35,35,0.003442049026489258,0,True
Random_n35_54,Random,35,MS-SourceResolved-GA,1,35,35,0.10846853256225586,0,True
Random_n35_54,Random,35,MS-SourceResolved-GA,1,35,35,0.2093818187713623,38,True
Random_n35_54,Random,35,MS-SourceResolved-GA,0,34,34,0.5009350776672363,150,True
Random_n35_54,Random,35,MS-SourceResolved-GA,1,35,35,0.5669810771942139,124,True
Random_n35_54,Random,35,MS-SourceResolved-GA,1,35,35,0.1078026294708252,0,True
Random_n35_54,Random,35,MS-SourceResolved-GA,1,35,35,0.10810279846191406,0,True
Random_n35_54,Random,35,MS-SourceResolved-GA,1,35,35,0.06456279754638672,63,True
Random_n35_54,Random,35,MS-SourceResolved-GA,1,35,35,0.15020465850830078,16,True
Random_n35_54,Random,35,MS-SourceResolved-GA,1,35,35,0.21049761772155762,38,True
Random_n35_54,Random,35,MS-SourceResolved-GA,1,35,35,0.22530913352966309,44,True
Random_n35_55,Random,35,SourceResolved-GA,1,35,35,0.09763312339782715,35,True
Random_n35_55,Random,35,SourceResolved-GA,1,35,35,0.003395557403564453,0,True
Random_n35_55,Random,35,SourceResolved-GA,1,35,35,0.0033261775970458984,0,True
Random_n35_55,Random,35,SourceResolved-GA,1,35,35,0.003358125686645508,0,True
Random_n35_55,Random,35,SourceResolved-GA,1,35,35,0.003373861312866211,0,True
Random_n35_55,Random,35,SourceResolved-GA,0,34,34,0.5377848148345947,200,True
Random_n35_55,Random,35,SourceResolved-GA,1,35,35,0.0034589767456054688,0,True
Random_n35_55,Random,35,SourceResolved-GA,1,35,35,0.019494056701660156,6,True
Random_n35_55,Random,35,SourceResolved-GA,1,35,35,0.0033860206604003906,0,True
Random_n35_55,Random,35,SourceResolved-GA,1,35,35,0.13211703300476074,48,True
Random_n35_55,Random,35,MS-SourceResolved-GA,1,35,35,0.3374481201171875,86,True
Random_n35_55,Random,35,MS-SourceResolved-GA,1,35,35,0.10740351676940918,0,True
Random_n35_55,Random,35,MS-SourceResolved-GA,1,35,35,0.10727453231811523,0,True
Random_n35_55,Random,35,MS-SourceResolved-GA,1,35,35,0.2198481559753418,42,True
Random_n35_55,Random,35,MS-SourceResolved-GA,1,35,35,0.221480131149292,17,True
Random_n35_55,Random,35,MS-SourceResolved-GA,1,35,35,0.26801180839538574,60,True
Random_n35_55,Random,35,MS-SourceResolved-GA,1,35,35,0.1078646183013916,0,True
Random_n35_55,Random,35,MS-SourceResolved-GA,1,35,35,0.11108756065368652,0,True
Random_n35_55,Random,35,MS-SourceResolved-GA,1,35,35,0.1094200611114502,0,True
Random_n35_55,Random,35,MS-SourceResolved-GA,1,35,35,0.19315505027770996,32,True
Random_n35_56,Random,35,SourceResolved-GA,1,35,35,0.00347137451171875,0,True
Random_n35_56,Random,35,SourceResolved-GA,1,35,35,0.003361940383911133,0,True
Random_n35_56,Random,35,SourceResolved-GA,1,35,35,0.003335237503051758,0,True
Random_n35_56,Random,35,SourceResolved-GA,1,35,35,0.051798343658447266,18,True
Random_n35_56,Random,35,SourceResolved-GA,1,35,35,0.06018424034118652,21,True
Random_n35_56,Random,35,SourceResolved-GA,1,35,35,0.1415691375732422,28,True
Random_n35_56,Random,35,SourceResolved-GA,1,35,35,0.003364086151123047,0,True
Random_n35_56,Random,35,SourceResolved-GA,1,35,35,0.0033180713653564453,0,True
Random_n35_56,Random,35,SourceResolved-GA,1,35,35,0.08947896957397461,32,True
Random_n35_56,Random,35,SourceResolved-GA,1,35,35,0.0033326148986816406,0,True
Random_n35_56,Random,35,MS-SourceResolved-GA,1,35,35,0.05559539794921875,54,True
Random_n35_56,Random,35,MS-SourceResolved-GA,1,35,35,0.07307291030883789,71,True
Random_n35_56,Random,35,MS-SourceResolved-GA,0,35,35,0.5719857215881348,150,True
Random_n35_56,Random,35,MS-SourceResolved-GA,1,35,35,0.1697523593902588,23,True
Random_n35_56,Random,35,MS-SourceResolved-GA,1,35,35,0.1540372371673584,17,True
Random_n35_56,Random,35,MS-SourceResolved-GA,1,35,35,0.10934782028198242,0,True
Random_n35_56,Random,35,MS-SourceResolved-GA,1,35,35,0.10681676864624023,0,True
Random_n35_56,Random,35,MS-SourceResolved-GA,1,35,35,0.10819125175476074,0,True
Random_n35_56,Random,35,MS-SourceResolved-GA,1,35,35,0.14307856559753418,13,True
Random_n35_56,Random,35,MS-SourceResolved-GA,1,35,35,0.10784268379211426,0,True
Random_n35_41,Random,35,SourceResolved-GA,0,28,28,1.2104761600494385,200,True
Random_n35_41,Random,35,SourceResolved-GA,1,35,35,0.1946253776550293,31,True
Random_n35_41,Random,35,SourceResolved-GA,0,34,34,1.200770616531372,200,True
Random_n35_41,Random,35,SourceResolved-GA,0,34,34,1.1256513595581055,200,True
Random_n35_41,Random,35,SourceResolved-GA,0,33,33,0.6080257892608643,200,True
Random_n35_41,Random,35,SourceResolved-GA,1,35,35,0.006557941436767578,0,True
Random_n35_41,Random,35,SourceResolved-GA,1,35,35,0.006443023681640625,0,True
Random_n35_41,Random,35,SourceResolved-GA,0,34,34,1.1185786724090576,200,True
Random_n35_41,Random,35,SourceResolved-GA,0,28,28,0.8936464786529541,200,True
Random_n35_41,Random,35,SourceResolved-GA,0,33,33,0.5309288501739502,200,True
Random_n35_41,Random,35,MS-SourceResolved-GA,1,35,35,0.26545143127441406,59,True
Random_n35_41,Random,35,MS-SourceResolved-GA,0,35,35,0.5673000812530518,150,True
Random_n35_41,Random,35,MS-SourceResolved-GA,0,34,34,0.5045967102050781,150,True
Random_n35_41,Random,35,MS-SourceResolved-GA,1,35,35,0.3820819854736328,103,True
Random_n35_41,Random,35,MS-SourceResolved-GA,1,35,35,0.22176384925842285,43,True
Random_n35_41,Random,35,MS-SourceResolved-GA,1,35,35,0.04686260223388672,46,True
Random_n35_41,Random,35,MS-SourceResolved-GA,0,34,34,0.5018346309661865,150,True
Random_n35_41,Random,35,MS-SourceResolved-GA,1,35,35,0.28476428985595703,66,True
Random_n35_41,Random,35,MS-SourceResolved-GA,0,31,31,0.5009658336639404,150,True
Random_n35_41,Random,35,MS-SourceResolved-GA,0,33,33,0.5040225982666016,150,True
Random_n35_42,Random,35,SourceResolved-GA,1,35,35,0.0034258365631103516,0,True
Random_n35_42,Random,35,SourceResolved-GA,1,35,35,0.0033288002014160156,0,True
Random_n35_42,Random,35,SourceResolved-GA,1,35,35,0.061487436294555664,22,True
Random_n35_42,Random,35,SourceResolved-GA,1,35,35,0.003431081771850586,0,True
Random_n35_42,Random,35,SourceResolved-GA,1,35,35,0.0032930374145507812,0,True
Random_n35_42,Random,35,SourceResolved-GA,1,35,35,0.0034019947052001953,0,True
Random_n35_42,Random,35,SourceResolved-GA,1,35,35,0.057186126708984375,20,True
Random_n35_42,Random,35,SourceResolved-GA,0,33,33,0.5955483913421631,200,True
Random_n35_42,Random,35,SourceResolved-GA,1,35,35,0.11717581748962402,43,True
Random_n35_42,Random,35,SourceResolved-GA,0,35,35,0.592688798904419,200,True
Random_n35_42,Random,35,MS-SourceResolved-GA,1,35,35,0.1067652702331543,0,True
Random_n35_42,Random,35,MS-SourceResolved-GA,1,35,35,0.11081552505493164,1,True
Random_n35_42,Random,35,MS-SourceResolved-GA,0,33,33,0.5084078311920166,150,True
Random_n35_42,Random,35,MS-SourceResolved-GA,0,34,34,0.5033693313598633,150,True
Random_n35_42,Random,35,MS-SourceResolved-GA,1,35,35,0.10738253593444824,0,True
Random_n35_42,Random,35,MS-SourceResolved-GA,1,35,35,0.14168357849121094,13,True
Random_n35_42,Random,35,MS-SourceResolved-GA,1,35,35,0.1501941680908203,16,True
Random_n35_42,Random,35,MS-SourceResolved-GA,1,35,35,0.10879063606262207,0,True
Random_n35_42,Random,35,MS-SourceResolved-GA,1,35,35,0.11711239814758301,4,True
Random_n35_42,Random,35,MS-SourceResolved-GA,1,35,35,0.1427302360534668,13,True
Random_n35_43,Random,35,SourceResolved-GA,1,35,35,0.030136823654174805,10,True
Random_n35_43,Random,35,SourceResolved-GA,1,35,35,0.0033109188079833984,0,True
Random_n35_43,Random,35,SourceResolved-GA,0,35,35,0.5931999683380127,200,True
Random_n35_43,Random,35,SourceResolved-GA,1,35,35,0.13892364501953125,50,True
Random_n35_43,Random,35,SourceResolved-GA,1,35,35,0.0032958984375,0,True
Random_n35_43,Random,35,SourceResolved-GA,1,35,35,0.003641366958618164,0,True
Random_n35_43,Random,35,SourceResolved-GA,1,35,35,0.06592535972595215,21,True
Random_n35_43,Random,35,SourceResolved-GA,1,35,35,0.18525481224060059,47,True
Random_n35_43,Random,35,SourceResolved-GA,1,35,35,0.003263235092163086,0,True
Random_n35_43,Random,35,SourceResolved-GA,1,35,35,0.14598917961120605,54,True
Random_n35_43,Random,35,MS-SourceResolved-GA,1,35,35,0.14672279357910156,15,True
Random_n35_43,Random,35,MS-SourceResolved-GA,1,35,35,0.10828161239624023,0,True
Random_n35_43,Random,35,MS-SourceResolved-GA,0,31,31,0.5029418468475342,150,True
Random_n35_43,Random,35,MS-SourceResolved-GA,1,35,35,0.3108406066894531,76,True
Random_n35_43,Random,35,MS-SourceResolved-GA,1,35,35,0.20383000373840332,36,True
Random_n35_43,Random,35,MS-SourceResolved-GA,1,35,35,0.18924856185913086,31,True
Random_n35_43,Random,35,MS-SourceResolved-GA,1,35,35,0.10795235633850098,0,True
Random_n35_43,Random,35,MS-SourceResolved-GA,1,35,35,0.15212321281433105,17,True
Random_n35_43,Random,35,MS-SourceResolved-GA,1,35,35,0.10801076889038086,0,True
Random_n35_43,Random,35,MS-SourceResolved-GA,1,35,35,0.14583396911621094,14,True
Random_n35_44,Random,35,SourceResolved-GA,0,32,32,0.5962333679199219,200,True
Random_n35_44,Random,35,SourceResolved-GA,1,35,35,0.0032455921173095703,0,True
Random_n35_44,Random,35,SourceResolved-GA,1,35,35,0.09212231636047363,33,True
Random_n35_44,Random,35,SourceResolved-GA,0,20,20,0.5958578586578369,200,True
Random_n35_44,Random,35,SourceResolved-GA,1,35,35,0.11900758743286133,43,True
Random_n35_44,Random,35,SourceResolved-GA,1,35,35,0.08383727073669434,30,True
Random_n35_44,Random,35,SourceResolved-GA,1,35,35,0.006314754486083984,0,True
Random_n35_44,Random,35,SourceResolved-GA,0,34,34,0.6254489421844482,200,True
Random_n35_44,Random,35,SourceResolved-GA,1,35,35,0.08030438423156738,17,True
Random_n35_44,Random,35,SourceResolved-GA,1,35,35,0.07123541831970215,25,True
Random_n35_44,Random,35,MS-SourceResolved-GA,1,35,35,0.21858787536621094,41,True
Random_n35_44,Random,35,MS-SourceResolved-GA,1,35,35,0.10687398910522461,0,True
Random_n35_44,Random,35,MS-SourceResolved-GA,1,35,35,0.10645461082458496,0,True
Random_n35_44,Random,35,MS-SourceResolved-GA,1,35,35,0.212083101272583,39,True
Random_n35_44,Random,35,MS-SourceResolved-GA,1,35,35,0.2722799777984619,62,True
Random_n35_44,Random,35,MS-SourceResolved-GA,0,29,29,0.5613772869110107,150,True
Random_n35_44,Random,35,MS-SourceResolved-GA,1,35,35,0.2191171646118164,42,True
Random_n35_44,Random,35,MS-SourceResolved-GA,1,35,35,0.20640802383422852,37,True
Random_n35_44,Random,35,MS-SourceResolved-GA,1,35,35,0.09298419952392578,92,True
Random_n35_44,Random,35,MS-SourceResolved-GA,1,35,35,0.33319091796875,85,True
Random_n35_57,Random,35,SourceResolved-GA,1,35,35,0.003316164016723633,0,True
Random_n35_57,Random,35,SourceResolved-GA,1,35,35,0.003451108932495117,0,True
Random_n35_57,Random,35,SourceResolved-GA,1,35,35,0.003293275833129883,0,True
Random_n35_57,Random,35,SourceResolved-GA,1,35,35,0.003323793411254883,0,True
Random_n35_57,Random,35,SourceResolved-GA,1,35,35,0.0032606124877929688,0,True
Random_n35_57,Random,35,SourceResolved-GA,1,35,35,0.051604509353637695,18,True
Random_n35_57,Random,35,SourceResolved-GA,1,35,35,0.0033774375915527344,0,True
Random_n35_57,Random,35,SourceResolved-GA,1,35,35,0.003289937973022461,0,True
Random_n35_57,Random,35,SourceResolved-GA,1,35,35,0.0032770633697509766,0,True
Random_n35_57,Random,35,SourceResolved-GA,1,35,35,0.003305196762084961,0,True
Random_n35_57,Random,35,MS-SourceResolved-GA,1,35,35,0.19701051712036133,33,True
Random_n35_57,Random,35,MS-SourceResolved-GA,1,35,35,0.12720203399658203,0,True
Random_n35_57,Random,35,MS-SourceResolved-GA,1,35,35,0.1105499267578125,0,True
Random_n35_57,Random,35,MS-SourceResolved-GA,1,35,35,0.10879731178283691,0,True
Random_n35_57,Random,35,MS-SourceResolved-GA,1,35,35,0.07009053230285645,68,True
Random_n35_57,Random,35,MS-SourceResolved-GA,1,35,35,0.19248270988464355,32,True
Random_n35_57,Random,35,MS-SourceResolved-GA,1,35,35,0.07581949234008789,74,True
Random_n35_57,Random,35,MS-SourceResolved-GA,1,35,35,0.10728263854980469,0,True
Random_n35_57,Random,35,MS-SourceResolved-GA,1,35,35,0.2151792049407959,40,True
Random_n35_57,Random,35,MS-SourceResolved-GA,0,35,35,0.5029890537261963,150,True
Random_n35_58,Random,35,SourceResolved-GA,1,35,35,0.022220849990844727,7,True
Random_n35_58,Random,35,SourceResolved-GA,1,35,35,0.003225564956665039,0,True
Random_n35_58,Random,35,SourceResolved-GA,1,35,35,0.003325223922729492,0,True
Random_n35_58,Random,35,SourceResolved-GA,0,35,35,0.5358254909515381,200,True
Random_n35_58,Random,35,SourceResolved-GA,1,35,35,0.12902140617370605,46,True
Random_n35_58,Random,35,SourceResolved-GA,1,35,35,0.05732107162475586,20,True
Random_n35_58,Random,35,SourceResolved-GA,0,34,34,0.5560314655303955,200,True
Random_n35_58,Random,35,SourceResolved-GA,1,35,35,0.20799589157104492,76,True
Random_n35_58,Random,35,SourceResolved-GA,0,34,34,0.6001284122467041,200,True
Random_n35_58,Random,35,SourceResolved-GA,0,35,35,0.5342247486114502,200,True
Random_n35_58,Random,35,MS-SourceResolved-GA,0,34,34,0.515378475189209,150,True
Random_n35_58,Random,35,MS-SourceResolved-GA,1,35,35,0.20555901527404785,36,True
Random_n35_58,Random,35,MS-SourceResolved-GA,1,35,35,0.47608280181884766,137,True
Random_n35_58,Random,35,MS-SourceResolved-GA,1,35,35,0.27471923828125,62,True
Random_n35_58,Random,35,MS-SourceResolved-GA,1,35,35,0.20578360557556152,37,True
Random_n35_58,Random,35,MS-SourceResolved-GA,0,29,29,0.5014388561248779,150,True
Random_n35_58,Random,35,MS-SourceResolved-GA,1,35,35,0.1922740936279297,32,True
Random_n35_58,Random,35,MS-SourceResolved-GA,0,34,34,0.6229062080383301,150,True
Random_n35_58,Random,35,MS-SourceResolved-GA,1,35,35,0.24805259704589844,45,True
Random_n35_58,Random,35,MS-SourceResolved-GA,1,35,35,0.05021357536315918,49,True
Random_n35_59,Random,35,SourceResolved-GA,1,35,35,0.10246896743774414,37,True
Random_n35_59,Random,35,SourceResolved-GA,1,35,35,0.0033540725708007812,0,True
Random_n35_59,Random,35,SourceResolved-GA,0,33,33,0.5390160083770752,200,True
Random_n35_59,Random,35,SourceResolved-GA,1,35,35,0.09982562065124512,36,True
Random_n35_59,Random,35,SourceResolved-GA,0,35,35,0.536522388458252,200,True
Random_n35_59,Random,35,SourceResolved-GA,1,35,35,0.06308364868164062,22,True
Random_n35_59,Random,35,SourceResolved-GA,1,35,35,0.11666655540466309,43,True
Random_n35_59,Random,35,SourceResolved-GA,0,35,35,0.535003662109375,200,True
Random_n35_59,Random,35,SourceResolved-GA,1,35,35,0.16619539260864258,61,True
Random_n35_59,Random,35,SourceResolved-GA,1,35,35,0.09474802017211914,34,True
Random_n35_59,Random,35,MS-SourceResolved-GA,0,35,35,0.572174072265625,150,True
Random_n35_59,Random,35,MS-SourceResolved-GA,1,35,35,0.22467374801635742,44,True
Random_n35_59,Random,35,MS-SourceResolved-GA,1,35,35,0.10639715194702148,0,True
Random_n35_59,Random,35,MS-SourceResolved-GA,1,35,35,0.22478914260864258,43,True
Random_n35_59,Random,35,MS-SourceResolved-GA,0,33,33,0.5112869739532471,150,True
Random_n35_59,Random,35,MS-SourceResolved-GA,1,35,35,0.19382643699645996,33,True
Random_n35_59,Random,35,MS-SourceResolved-GA,0,31,31,0.5661172866821289,150,True
Random_n35_59,Random,35,MS-SourceResolved-GA,1,35,35,0.4295828342437744,120,True
Random_n35_59,Random,35,MS-SourceResolved-GA,1,35,35,0.1468808650970459,15,True
Random_n35_59,Random,35,MS-SourceResolved-GA,1,35,35,0.2315070629119873,44,True
Random_n35_60,Random,35,SourceResolved-GA,1,35,35,0.0491025447845459,17,True
Random_n35_60,Random,35,SourceResolved-GA,1,35,35,0.003293275833129883,0,True
Random_n35_60,Random,35,SourceResolved-GA,1,35,35,0.0032715797424316406,0,True
Random_n35_60,Random,35,SourceResolved-GA,1,35,35,0.22716927528381348,61,True
Random_n35_60,Random,35,SourceResolved-GA,1,35,35,0.04590463638305664,16,True
Random_n35_60,Random,35,SourceResolved-GA,1,35,35,0.058969736099243164,21,True
Random_n35_60,Random,35,SourceResolved-GA,1,35,35,0.35239434242248535,133,True
Random_n35_60,Random,35,SourceResolved-GA,1,35,35,0.0034346580505371094,0,True
Random_n35_60,Random,35,SourceResolved-GA,1,35,35,0.003268718719482422,0,True
Random_n35_60,Random,35,SourceResolved-GA,1,35,35,0.10210371017456055,37,True
Random_n35_60,Random,35,MS-SourceResolved-GA,1,35,35,0.10690164566040039,0,True
Random_n35_60,Random,35,MS-SourceResolved-GA,1,35,35,0.10768818855285645,0,True
Random_n35_60,Random,35,MS-SourceResolved-GA,1,35,35,0.10570645332336426,0,True
Random_n35_60,Random,35,MS-SourceResolved-GA,1,35,35,0.10659313201904297,0,True
Random_n35_60,Random,35,MS-SourceResolved-GA,1,35,35,0.22373604774475098,20,True
Random_n35_60,Random,35,MS-SourceResolved-GA,1,35,35,0.1943361759185791,33,True
Random_n35_60,Random,35,MS-SourceResolved-GA,1,35,35,0.14139366149902344,13,True
Random_n35_60,Random,35,MS-SourceResolved-GA,1,35,35,0.2720017433166504,59,True
Random_n35_60,Random,35,MS-SourceResolved-GA,1,35,35,0.14129948616027832,12,True
Random_n35_60,Random,35,MS-SourceResolved-GA,1,35,35,0.19971275329589844,35,True
Random_n40_5,Random,40,SourceResolved-GA,1,40,40,0.0074460506439208984,0,True
Random_n40_5,Random,40,SourceResolved-GA,1,40,40,0.06801557540893555,19,True
Random_n40_5,Random,40,SourceResolved-GA,0,38,38,0.6028897762298584,200,True
Random_n40_5,Random,40,SourceResolved-GA,1,40,40,0.11300778388977051,36,True
Random_n40_5,Random,40,SourceResolved-GA,1,40,40,0.003919124603271484,0,True
Random_n40_5,Random,40,SourceResolved-GA,1,40,40,0.09121036529541016,29,True
Random_n40_5,Random,40,SourceResolved-GA,1,40,40,0.057535409927368164,17,True
Random_n40_5,Random,40,SourceResolved-GA,1,40,40,0.004119157791137695,0,True
Random_n40_5,Random,40,SourceResolved-GA,1,40,40,0.004560708999633789,0,True
Random_n40_5,Random,40,SourceResolved-GA,1,40,40,0.0887451171875,28,True
Random_n40_5,Random,40,MS-SourceResolved-GA,0,40,40,0.5726077556610107,150,True
Random_n40_5,Random,40,MS-SourceResolved-GA,1,40,40,0.12235546112060547,0,True
Random_n40_5,Random,40,MS-SourceResolved-GA,1,40,40,0.12375307083129883,0,True
Random_n40_5,Random,40,MS-SourceResolved-GA,1,40,40,0.2501358985900879,42,True
Random_n40_5,Random,40,MS-SourceResolved-GA,1,40,40,0.12201738357543945,0,True
Random_n40_5,Random,40,MS-SourceResolved-GA,1,40,40,0.12166309356689453,0,True
Random_n40_5,Random,40,MS-SourceResolved-GA,1,40,40,0.12283468246459961,0,True
Random_n40_5,Random,40,MS-SourceResolved-GA,1,40,40,0.12328863143920898,0,True
Random_n40_5,Random,40,MS-SourceResolved-GA,1,40,40,0.1223452091217041,0,True
Random_n40_5,Random,40,MS-SourceResolved-GA,0,38,38,0.5734226703643799,150,True
Random_n40_6,Random,40,SourceResolved-GA,1,40,40,0.09807014465332031,31,True
Random_n40_6,Random,40,SourceResolved-GA,1,40,40,0.003929853439331055,0,True
Random_n40_6,Random,40,SourceResolved-GA,1,40,40,0.003847360610961914,0,True
Random_n40_6,Random,40,SourceResolved-GA,1,40,40,0.09130215644836426,29,True
Random_n40_6,Random,40,SourceResolved-GA,1,40,40,0.07062339782714844,22,True
Random_n40_6,Random,40,SourceResolved-GA,1,40,40,0.005127429962158203,0,True
Random_n40_6,Random,40,SourceResolved-GA,1,40,40,0.0040013790130615234,0,True
Random_n40_6,Random,40,SourceResolved-GA,1,40,40,0.10982751846313477,34,True
Random_n40_6,Random,40,SourceResolved-GA,1,40,40,0.10618877410888672,26,True
Random_n40_6,Random,40,SourceResolved-GA,1,40,40,0.1194295883178711,25,True
Random_n40_6,Random,40,MS-SourceResolved-GA,1,40,40,0.12513065338134766,0,True
Random_n40_6,Random,40,MS-SourceResolved-GA,1,40,40,0.12170171737670898,0,True
Random_n40_6,Random,40,MS-SourceResolved-GA,1,40,40,0.2045881748199463,27,True
Random_n40_6,Random,40,MS-SourceResolved-GA,1,40,40,0.12221431732177734,0,True
Random_n40_6,Random,40,MS-SourceResolved-GA,1,40,40,0.21842217445373535,32,True
Random_n40_6,Random,40,MS-SourceResolved-GA,1,40,40,0.3158836364746094,63,True
Random_n40_6,Random,40,MS-SourceResolved-GA,1,40,40,0.1988232135772705,25,True
Random_n40_6,Random,40,MS-SourceResolved-GA,1,40,40,0.12229728698730469,0,True
Random_n40_6,Random,40,MS-SourceResolved-GA,1,40,40,0.12224769592285156,0,True
Random_n40_6,Random,40,MS-SourceResolved-GA,1,40,40,0.331005334854126,69,True
Random_n40_7,Random,40,SourceResolved-GA,1,40,40,0.0038743019104003906,0,True
Random_n40_7,Random,40,SourceResolved-GA,0,39,39,0.6091513633728027,200,True
Random_n40_7,Random,40,SourceResolved-GA,1,40,40,0.07688164710998535,24,True
Random_n40_7,Random,40,SourceResolved-GA,1,40,40,0.10834002494812012,27,True
Random_n40_7,Random,40,SourceResolved-GA,1,40,40,0.007320880889892578,0,True
Random_n40_7,Random,40,SourceResolved-GA,1,40,40,0.09085869789123535,16,True
Random_n40_7,Random,40,SourceResolved-GA,0,39,39,0.6666097640991211,200,True
Random_n40_7,Random,40,SourceResolved-GA,1,40,40,0.11527800559997559,37,True
Random_n40_7,Random,40,SourceResolved-GA,1,40,40,0.0310516357421875,9,True
Random_n40_7,Random,40,SourceResolved-GA,1,40,40,0.003828763961791992,0,True
Random_n40_7,Random,40,MS-SourceResolved-GA,0,37,37,0.5831930637359619,150,True
Random_n40_7,Random,40,MS-SourceResolved-GA,1,40,40,0.12371444702148438,0,True
Random_n40_7,Random,40,MS-SourceResolved-GA,1,40,40,0.17638063430786133,0,True
Random_n40_7,Random,40,MS-SourceResolved-GA,1,40,40,0.13196182250976562,0,True
Random_n40_7,Random,40,MS-SourceResolved-GA,1,40,40,0.22404742240905762,31,True
Random_n40_7,Random,40,MS-SourceResolved-GA,1,40,40,0.17189264297485352,16,True
Random_n40_7,Random,40,MS-SourceResolved-GA,0,40,40,0.580589771270752,150,True
Random_n40_7,Random,40,MS-SourceResolved-GA,0,39,39,0.6201667785644531,150,True
Random_n40_7,Random,40,MS-SourceResolved-GA,1,40,40,0.2389521598815918,38,True
Random_n40_7,Random,40,MS-SourceResolved-GA,1,40,40,0.12185907363891602,0,True
Random_n40_8,Random,40,SourceResolved-GA,1,40,40,0.21348166465759277,70,True
Random_n40_8,Random,40,SourceResolved-GA,1,40,40,0.003931283950805664,0,True
Random_n40_8,Random,40,SourceResolved-GA,1,40,40,0.26337504386901855,65,True
Random_n40_8,Random,40,SourceResolved-GA,1,40,40,0.09506583213806152,30,True
Random_n40_8,Random,40,SourceResolved-GA,1,40,40,0.11742496490478516,38,True
Random_n40_8,Random,40,SourceResolved-GA,1,40,40,0.19268202781677246,63,True
Random_n40_8,Random,40,SourceResolved-GA,1,40,40,0.003839254379272461,0,True
Random_n40_8,Random,40,SourceResolved-GA,1,40,40,0.20038270950317383,65,True
Random_n40_8,Random,40,SourceResolved-GA,1,40,40,0.00379180908203125,0,True
Random_n40_8,Random,40,SourceResolved-GA,1,40,40,0.003974437713623047,0,True
Random_n40_8,Random,40,MS-SourceResolved-GA,1,40,40,0.1229696273803711,0,True
Random_n40_8,Random,40,MS-SourceResolved-GA,1,40,40,0.18482470512390137,21,True
Random_n40_8,Random,40,MS-SourceResolved-GA,1,40,40,0.12656116485595703,0,True
Random_n40_8,Random,40,MS-SourceResolved-GA,0,39,39,0.5754578113555908,150,True
Random_n40_8,Random,40,MS-SourceResolved-GA,0,37,37,0.5693085193634033,150,True
Random_n40_8,Random,40,MS-SourceResolved-GA,1,40,40,0.12184786796569824,0,True
Random_n40_8,Random,40,MS-SourceResolved-GA,1,40,40,0.12149357795715332,0,True
Random_n40_8,Random,40,MS-SourceResolved-GA,1,40,40,0.2751941680908203,51,True
Random_n40_8,Random,40,MS-SourceResolved-GA,1,40,40,0.16250920295715332,13,True
Random_n40_8,Random,40,MS-SourceResolved-GA,0,38,38,0.571967601776123,150,True
Random_n40_1,Random,40,SourceResolved-GA,1,40,40,0.16083836555480957,50,True
Random_n40_1,Random,40,SourceResolved-GA,1,40,40,0.39786672592163086,131,True
Random_n40_1,Random,40,SourceResolved-GA,1,40,40,0.0038411617279052734,0,True
Random_n40_1,Random,40,SourceResolved-GA,0,36,36,0.5975723266601562,200,True
Random_n40_1,Random,40,SourceResolved-GA,1,40,40,0.12088799476623535,39,True
Random_n40_1,Random,40,SourceResolved-GA,1,40,40,0.12445998191833496,40,True
Random_n40_1,Random,40,SourceResolved-GA,1,40,40,0.0038890838623046875,0,True
Random_n40_1,Random,40,SourceResolved-GA,1,40,40,0.13730359077453613,44,True
Random_n40_1,Random,40,SourceResolved-GA,1,40,40,0.13582539558410645,44,True
Random_n40_1,Random,40,SourceResolved-GA,0,20,20,0.6045312881469727,200,True
Random_n40_1,Random,40,MS-SourceResolved-GA,1,40,40,0.0719294548034668,61,True
Random_n40_1,Random,40,MS-SourceResolved-GA,1,40,40,0.23200416564941406,36,True
Random_n40_1,Random,40,MS-SourceResolved-GA,1,40,40,0.17860174179077148,18,True
Random_n40_1,Random,40,MS-SourceResolved-GA,0,39,39,0.5875787734985352,150,True
Random_n40_1,Random,40,MS-SourceResolved-GA,1,40,40,0.253342866897583,28,True
Random_n40_1,Random,40,MS-SourceResolved-GA,0,39,39,0.5717642307281494,150,True
Random_n40_1,Random,40,MS-SourceResolved-GA,1,40,40,0.30260324478149414,58,True
Random_n40_1,Random,40,MS-SourceResolved-GA,1,40,40,0.12979841232299805,0,True
Random_n40_1,Random,40,MS-SourceResolved-GA,0,32,32,0.5802335739135742,150,True
Random_n40_1,Random,40,MS-SourceResolved-GA,1,40,40,0.22730398178100586,34,True
Random_n40_2,Random,40,SourceResolved-GA,1,40,40,0.0038614273071289062,0,True
Random_n40_2,Random,40,SourceResolved-GA,1,40,40,0.2550528049468994,83,True
Random_n40_2,Random,40,SourceResolved-GA,0,40,40,0.6106979846954346,200,True
Random_n40_2,Random,40,SourceResolved-GA,0,39,39,0.6023952960968018,200,True
Random_n40_2,Random,40,SourceResolved-GA,1,40,40,0.0038137435913085938,0,True
Random_n40_2,Random,40,SourceResolved-GA,1,40,40,0.003922700881958008,0,True
Random_n40_2,Random,40,SourceResolved-GA,1,40,40,0.06511998176574707,20,True
Random_n40_2,Random,40,SourceResolved-GA,1,40,40,0.07453155517578125,22,True
Random_n40_2,Random,40,SourceResolved-GA,1,40,40,0.003871440887451172,0,True
Random_n40_2,Random,40,SourceResolved-GA,0,39,39,0.6877079010009766,200,True
Random_n40_2,Random,40,MS-SourceResolved-GA,1,40,40,0.12673664093017578,0,True
Random_n40_2,Random,40,MS-SourceResolved-GA,1,40,40,0.2042829990386963,26,True
Random_n40_2,Random,40,MS-SourceResolved-GA,1,40,40,0.23753809928894043,32,True
Random_n40_2,Random,40,MS-SourceResolved-GA,1,40,40,0.12552237510681152,0,True
Random_n40_2,Random,40,MS-SourceResolved-GA,1,40,40,0.1269385814666748,0,True
Random_n40_2,Random,40,MS-SourceResolved-GA,0,35,35,0.5884509086608887,150,True
Random_n40_2,Random,40,MS-SourceResolved-GA,1,40,40,0.13306093215942383,0,True
Random_n40_2,Random,40,MS-SourceResolved-GA,1,40,40,0.24715781211853027,39,True
Random_n40_2,Random,40,MS-SourceResolved-GA,1,40,40,0.12717056274414062,0,True
Random_n40_2,Random,40,MS-SourceResolved-GA,1,40,40,0.2037644386291504,26,True
Random_n40_3,Random,40,SourceResolved-GA,1,40,40,0.17635250091552734,47,True
Random_n40_3,Random,40,SourceResolved-GA,1,40,40,0.15684175491333008,35,True
Random_n40_3,Random,40,SourceResolved-GA,1,40,40,0.003915309906005859,0,True
Random_n40_3,Random,40,SourceResolved-GA,0,38,38,0.621476411819458,200,True
Random_n40_3,Random,40,SourceResolved-GA,0,35,35,0.6260592937469482,200,True
Random_n40_3,Random,40,SourceResolved-GA,1,40,40,0.003798246383666992,0,True
Random_n40_3,Random,40,SourceResolved-GA,1,40,40,0.05163836479187012,14,True
Random_n40_3,Random,40,SourceResolved-GA,1,40,40,0.06731438636779785,21,True
Random_n40_3,Random,40,SourceResolved-GA,1,40,40,0.16689229011535645,45,True
Random_n40_3,Random,40,SourceResolved-GA,0,40,40,0.6679396629333496,200,True
Random_n40_3,Random,40,MS-SourceResolved-GA,1,40,40,0.22696137428283691,34,True
Random_n40_3,Random,40,MS-SourceResolved-GA,1,40,40,0.1220390796661377,0,True
Random_n40_3,Random,40,MS-SourceResolved-GA,1,40,40,0.28816890716552734,54,True
Random_n40_3,Random,40,MS-SourceResolved-GA,1,40,40,0.23952364921569824,37,True
Random_n40_3,Random,40,MS-SourceResolved-GA,1,40,40,0.12282156944274902,0,True
Random_n40_3,Random,40,MS-SourceResolved-GA,1,40,40,0.2878437042236328,54,True
Random_n40_3,Random,40,MS-SourceResolved-GA,0,36,36,0.5765454769134521,150,True
Random_n40_3,Random,40,MS-SourceResolved-GA,0,35,35,0.5839855670928955,150,True
Random_n40_3,Random,40,MS-SourceResolved-GA,1,40,40,0.12334918975830078,0,True
Random_n40_3,Random,40,MS-SourceResolved-GA,0,40,40,0.579808235168457,150,True
Random_n40_4,Random,40,SourceResolved-GA,0,37,37,0.6042273044586182,200,True
Random_n40_4,Random,40,SourceResolved-GA,1,40,40,0.003795623779296875,0,True
Random_n40_4,Random,40,SourceResolved-GA,0,37,37,0.5948655605316162,200,True
Random_n40_4,Random,40,SourceResolved-GA,0,32,32,0.603245735168457,200,True
Random_n40_4,Random,40,SourceResolved-GA,1,40,40,0.0037920475006103516,0,True
Random_n40_4,Random,40,SourceResolved-GA,1,40,40,0.003930330276489258,0,True
Random_n40_4,Random,40,SourceResolved-GA,0,39,39,0.5988633632659912,200,True
Random_n40_4,Random,40,SourceResolved-GA,0,40,40,0.6035010814666748,200,True
Random_n40_4,Random,40,SourceResolved-GA,1,40,40,0.07874464988708496,25,True
Random_n40_4,Random,40,SourceResolved-GA,1,40,40,0.0038335323333740234,0,True
Random_n40_4,Random,40,MS-SourceResolved-GA,1,40,40,0.12198686599731445,0,True
Random_n40_4,Random,40,MS-SourceResolved-GA,1,40,40,0.11028599739074707,95,True
Random_n40_4,Random,40,MS-SourceResolved-GA,1,40,40,0.22771883010864258,35,True
Random_n40_4,Random,40,MS-SourceResolved-GA,1,40,40,0.20035719871520996,26,True
Random_n40_4,Random,40,MS-SourceResolved-GA,1,40,40,0.12220430374145508,0,True
Random_n40_4,Random,40,MS-SourceResolved-GA,1,40,40,0.12173795700073242,0,True
Random_n40_4,Random,40,MS-SourceResolved-GA,1,40,40,0.1288902759552002,2,True
Random_n40_4,Random,40,MS-SourceResolved-GA,1,40,40,0.2351083755493164,35,True
Random_n40_4,Random,40,MS-SourceResolved-GA,1,40,40,0.12507843971252441,0,True
Random_n40_4,Random,40,MS-SourceResolved-GA,1,40,40,0.12297463417053223,0,True
Random_n40_9,Random,40,SourceResolved-GA,1,40,40,0.008392333984375,0,True
Random_n40_9,Random,40,SourceResolved-GA,1,40,40,0.004933595657348633,0,True
Random_n40_9,Random,40,SourceResolved-GA,1,40,40,0.0646815299987793,20,True
Random_n40_9,Random,40,SourceResolved-GA,1,40,40,0.003824472427368164,0,True
Random_n40_9,Random,40,SourceResolved-GA,1,40,40,0.2332472801208496,76,True
Random_n40_9,Random,40,SourceResolved-GA,1,40,40,0.0730130672454834,23,True
Random_n40_9,Random,40,SourceResolved-GA,0,40,40,0.6018483638763428,200,True
Random_n40_9,Random,40,SourceResolved-GA,1,40,40,0.04630470275878906,14,True
Random_n40_9,Random,40,SourceResolved-GA,1,40,40,0.003833293914794922,0,True
Random_n40_9,Random,40,SourceResolved-GA,1,40,40,0.09303927421569824,30,True
Random_n40_9,Random,40,MS-SourceResolved-GA,1,40,40,0.07539939880371094,64,True
Random_n40_9,Random,40,MS-SourceResolved-GA,0,40,40,0.5782930850982666,150,True
Random_n40_9,Random,40,MS-SourceResolved-GA,1,40,40,0.07733726501464844,66,True
Random_n40_9,Random,40,MS-SourceResolved-GA,1,40,40,0.12375068664550781,0,True
Random_n40_9,Random,40,MS-SourceResolved-GA,0,39,39,0.5702633857727051,150,True
Random_n40_9,Random,40,MS-SourceResolved-GA,1,40,40,0.18387699127197266,0,True
Random_n40_9,Random,40,MS-SourceResolved-GA,1,40,40,0.12568092346191406,0,True
Random_n40_9,Random,40,MS-SourceResolved-GA,1,40,40,0.2954730987548828,35,True
Random_n40_9,Random,40,MS-SourceResolved-GA,0,40,40,0.573427677154541,150,True
Random_n40_9,Random,40,MS-SourceResolved-GA,1,40,40,0.222428560256958,33,True
Random_n40_10,Random,40,SourceResolved-GA,1,40,40,0.003965616226196289,0,True
Random_n40_10,Random,40,SourceResolved-GA,1,40,40,0.07977604866027832,25,True
Random_n40_10,Random,40,SourceResolved-GA,0,33,33,0.6044859886169434,200,True
Random_n40_10,Random,40,SourceResolved-GA,1,40,40,0.003907680511474609,0,True
Random_n40_10,Random,40,SourceResolved-GA,1,40,40,0.003948688507080078,0,True
Random_n40_10,Random,40,SourceResolved-GA,1,40,40,0.10439586639404297,33,True
Random_n40_10,Random,40,SourceResolved-GA,1,40,40,0.003952980041503906,0,True
Random_n40_10,Random,40,SourceResolved-GA,1,40,40,0.2717103958129883,88,True
Random_n40_10,Random,40,SourceResolved-GA,1,40,40,0.0038979053497314453,0,True
Random_n40_10,Random,40,SourceResolved-GA,1,40,40,0.05012822151184082,15,True
Random_n40_10,Random,40,MS-SourceResolved-GA,1,40,40,0.12280440330505371,0,True
Random_n40_10,Random,40,MS-SourceResolved-GA,1,40,40,0.12300467491149902,0,True
Random_n40_10,Random,40,MS-SourceResolved-GA,1,40,40,0.17831063270568848,18,True
Random_n40_10,Random,40,MS-SourceResolved-GA,1,40,40,0.2880234718322754,34,True
Random_n40_10,Random,40,MS-SourceResolved-GA,1,40,40,0.12232518196105957,0,True
Random_n40_10,Random,40,MS-SourceResolved-GA,1,40,40,0.12250399589538574,0,True
Random_n40_10,Random,40,MS-SourceResolved-GA,1,40,40,0.23078536987304688,17,True
Random_n40_10,Random,40,MS-SourceResolved-GA,1,40,40,0.12983965873718262,0,True
Random_n40_10,Random,40,MS-SourceResolved-GA,1,40,40,0.2095661163330078,29,True
Random_n40_10,Random,40,MS-SourceResolved-GA,1,40,40,0.12251448631286621,0,True
Random_n40_11,Random,40,SourceResolved-GA,0,40,40,0.617006778717041,200,True
Random_n40_11,Random,40,SourceResolved-GA,1,40,40,0.007338285446166992,0,True
Random_n40_11,Random,40,SourceResolved-GA,0,39,39,0.6650791168212891,200,True
Random_n40_11,Random,40,SourceResolved-GA,1,40,40,0.07398366928100586,23,True
Random_n40_11,Random,40,SourceResolved-GA,1,40,40,0.152388334274292,49,True
Random_n40_11,Random,40,SourceResolved-GA,1,40,40,0.0038423538208007812,0,True
Random_n40_11,Random,40,SourceResolved-GA,1,40,40,0.14720630645751953,47,True
Random_n40_11,Random,40,SourceResolved-GA,1,40,40,0.11273622512817383,36,True
Random_n40_11,Random,40,SourceResolved-GA,0,40,40,0.665691614151001,200,True
Random_n40_11,Random,40,SourceResolved-GA,0,38,38,0.6693320274353027,200,True
Random_n40_11,Random,40,MS-SourceResolved-GA,0,37,37,0.5781197547912598,150,True
Random_n40_11,Random,40,MS-SourceResolved-GA,1,40,40,0.12860107421875,0,True
Random_n40_11,Random,40,MS-SourceResolved-GA,1,40,40,0.18422436714172363,20,True
Random_n40_11,Random,40,MS-SourceResolved-GA,1,40,40,0.20470213890075684,27,True
Random_n40_11,Random,40,MS-SourceResolved-GA,1,40,40,0.5200767517089844,111,True
Random_n40_11,Random,40,MS-SourceResolved-GA,1,40,40,0.18952155113220215,22,True
Random_n40_11,Random,40,MS-SourceResolved-GA,1,40,40,0.12329387664794922,0,True
Random_n40_11,Random,40,MS-SourceResolved-GA,1,40,40,0.26166391372680664,46,True
Random_n40_11,Random,40,MS-SourceResolved-GA,1,40,40,0.12300467491149902,0,True
Random_n40_11,Random,40,MS-SourceResolved-GA,1,40,40,0.12267303466796875,0,True
Random_n40_12,Random,40,SourceResolved-GA,0,40,40,0.6106376647949219,200,True
Random_n40_12,Random,40,SourceResolved-GA,0,37,37,0.6364867687225342,200,True
Random_n40_12,Random,40,SourceResolved-GA,1,40,40,0.13417458534240723,42,True
Random_n40_12,Random,40,SourceResolved-GA,1,40,40,0.17025446891784668,55,True
Random_n40_12,Random,40,SourceResolved-GA,1,40,40,0.0038399696350097656,0,True
Random_n40_12,Random,40,SourceResolved-GA,1,40,40,0.06139492988586426,19,True
Random_n40_12,Random,40,SourceResolved-GA,1,40,40,0.003882884979248047,0,True
Random_n40_12,Random,40,SourceResolved-GA,1,40,40,0.00390934944152832,0,True
Random_n40_12,Random,40,SourceResolved-GA,1,40,40,0.2349107265472412,76,True
Random_n40_12,Random,40,SourceResolved-GA,1,40,40,0.0038716793060302734,0,True
Random_n40_12,Random,40,MS-SourceResolved-GA,1,40,40,0.12210226058959961,0,True
Random_n40_12,Random,40,MS-SourceResolved-GA,1,40,40,0.24517822265625,20,True
Random_n40_12,Random,40,MS-SourceResolved-GA,1,40,40,0.1244192123413086,0,True
Random_n40_12,Random,40,MS-SourceResolved-GA,1,40,40,0.20174908638000488,26,True
Random_n40_12,Random,40,MS-SourceResolved-GA,1,40,40,0.469646692276001,103,True
Random_n40_12,Random,40,MS-SourceResolved-GA,1,40,40,0.2439136505126953,30,True
Random_n40_12,Random,40,MS-SourceResolved-GA,1,40,40,0.26645874977111816,48,True
Random_n40_12,Random,40,MS-SourceResolved-GA,1,40,40,0.1218411922454834,0,True
Random_n40_12,Random,40,MS-SourceResolved-GA,1,40,40,0.18681597709655762,21,True
Random_n40_12,Random,40,MS-SourceResolved-GA,1,40,40,0.1235191822052002,0,True
Random_n35_49,Random,35,SourceResolved-GA,1,35,35,0.10066962242126465,14,True
Random_n35_49,Random,35,SourceResolved-GA,1,35,35,0.007903337478637695,0,True
Random_n35_49,Random,35,SourceResolved-GA,1,35,35,0.007437229156494141,0,True
Random_n35_49,Random,35,SourceResolved-GA,1,35,35,0.007935285568237305,0,True
Random_n35_49,Random,35,SourceResolved-GA,0,34,34,1.3306043148040771,200,True
Random_n35_49,Random,35,SourceResolved-GA,1,35,35,0.007627248764038086,0,True
Random_n35_49,Random,35,SourceResolved-GA,1,35,35,0.007590293884277344,0,True
Random_n35_49,Random,35,SourceResolved-GA,1,35,35,0.0627443790435791,8,True
Random_n35_49,Random,35,SourceResolved-GA,1,35,35,0.0075037479400634766,0,True
Random_n35_49,Random,35,SourceResolved-GA,1,35,35,0.256533145904541,37,True
Random_n35_49,Random,35,MS-SourceResolved-GA,1,35,35,0.22680282592773438,0,True
Random_n35_49,Random,35,MS-SourceResolved-GA,1,35,35,0.26172971725463867,0,True
Random_n35_49,Random,35,MS-SourceResolved-GA,1,35,35,0.5519564151763916,43,True
Random_n35_49,Random,35,MS-SourceResolved-GA,1,35,35,0.270998477935791,0,True
Random_n35_49,Random,35,MS-SourceResolved-GA,0,35,35,1.2526278495788574,150,True
Random_n35_49,Random,35,MS-SourceResolved-GA,1,35,35,0.28106212615966797,0,True
Random_n35_49,Random,35,MS-SourceResolved-GA,1,35,35,0.3226950168609619,8,True
Random_n35_49,Random,35,MS-SourceResolved-GA,1,35,35,0.133697509765625,51,True
Random_n35_49,Random,35,MS-SourceResolved-GA,1,35,35,0.12388968467712402,46,True
Random_n35_49,Random,35,MS-SourceResolved-GA,1,35,35,0.3543422222137451,12,True
Random_n35_50,Random,35,SourceResolved-GA,1,35,35,0.3078920841217041,45,True
Random_n35_50,Random,35,SourceResolved-GA,0,30,30,1.3244223594665527,200,True
Random_n35_50,Random,35,SourceResolved-GA,1,35,35,0.0073621273040771484,0,True
Random_n35_50,Random,35,SourceResolved-GA,1,35,35,0.27925634384155273,41,True
Random_n35_50,Random,35,SourceResolved-GA,1,35,35,0.08704829216003418,12,True
Random_n35_50,Random,35,SourceResolved-GA,1,35,35,0.007506370544433594,0,True
Random_n35_50,Random,35,SourceResolved-GA,0,34,34,1.315950632095337,200,True
Random_n35_50,Random,35,SourceResolved-GA,1,35,35,0.007290840148925781,0,True
Random_n35_50,Random,35,SourceResolved-GA,1,35,35,0.07999157905578613,11,True
Random_n35_50,Random,35,SourceResolved-GA,1,35,35,0.007320404052734375,0,True
Random_n35_50,Random,35,MS-SourceResolved-GA,1,35,35,0.2729151248931885,0,True
Random_n35_50,Random,35,MS-SourceResolved-GA,0,35,35,1.202091932296753,150,True
Random_n35_50,Random,35,MS-SourceResolved-GA,1,35,35,0.6833944320678711,69,True
Random_n35_50,Random,35,MS-SourceResolved-GA,1,35,35,0.20167160034179688,78,True
Random_n35_50,Random,35,MS-SourceResolved-GA,1,35,35,0.46479296684265137,31,True
Random_n35_50,Random,35,MS-SourceResolved-GA,0,34,34,1.218923807144165,150,True
Random_n35_50,Random,35,MS-SourceResolved-GA,1,35,35,0.2671163082122803,0,True
Random_n35_50,Random,35,MS-SourceResolved-GA,1,35,35,0.26556873321533203,0,True
Random_n35_50,Random,35,MS-SourceResolved-GA,1,35,35,0.2644944190979004,0,True
Random_n35_50,Random,35,MS-SourceResolved-GA,1,35,35,0.6534638404846191,60,True
Random_n35_51,Random,35,SourceResolved-GA,1,35,35,0.23213720321655273,34,True
Random_n35_51,Random,35,SourceResolved-GA,1,35,35,0.11800169944763184,17,True
Random_n35_51,Random,35,SourceResolved-GA,1,35,35,0.007538795471191406,0,True
Random_n35_51,Random,35,SourceResolved-GA,1,35,35,0.007115840911865234,0,True
Random_n35_51,Random,35,SourceResolved-GA,1,35,35,0.21313047409057617,31,True
Random_n35_51,Random,35,SourceResolved-GA,1,35,35,0.678844690322876,104,True
Random_n35_51,Random,35,SourceResolved-GA,1,35,35,0.5716769695281982,90,True
Random_n35_51,Random,35,SourceResolved-GA,1,35,35,0.141096830368042,21,True
Random_n35_51,Random,35,SourceResolved-GA,1,35,35,0.007372856140136719,0,True
Random_n35_51,Random,35,SourceResolved-GA,1,35,35,0.194594144821167,30,True
Random_n35_51,Random,35,MS-SourceResolved-GA,1,35,35,0.269397497177124,1,True
Random_n35_51,Random,35,MS-SourceResolved-GA,0,33,33,1.1766035556793213,150,True
Random_n35_51,Random,35,MS-SourceResolved-GA,1,35,35,0.25398945808410645,0,True
Random_n35_51,Random,35,MS-SourceResolved-GA,1,35,35,0.5234317779541016,40,True
Random_n35_51,Random,35,MS-SourceResolved-GA,0,19,19,1.2085206508636475,150,True
Random_n35_51,Random,35,MS-SourceResolved-GA,0,34,34,0.8251242637634277,150,True
Random_n35_51,Random,35,MS-SourceResolved-GA,0,25,25,0.5720367431640625,150,True
Random_n35_51,Random,35,MS-SourceResolved-GA,1,35,35,0.19266724586486816,32,True
Random_n35_51,Random,35,MS-SourceResolved-GA,1,35,35,0.24612212181091309,42,True
Random_n35_51,Random,35,MS-SourceResolved-GA,1,35,35,0.21088790893554688,24,True
Random_n35_52,Random,35,SourceResolved-GA,1,35,35,0.004137516021728516,0,True
Random_n35_52,Random,35,SourceResolved-GA,1,35,35,0.2671165466308594,79,True
Random_n35_52,Random,35,SourceResolved-GA,1,35,35,0.1129462718963623,33,True
Random_n35_52,Random,35,SourceResolved-GA,1,35,35,0.1536552906036377,45,True
Random_n35_52,Random,35,SourceResolved-GA,1,35,35,0.004143714904785156,0,True
Random_n35_52,Random,35,SourceResolved-GA,1,35,35,0.056919097900390625,16,True
Random_n35_52,Random,35,SourceResolved-GA,1,35,35,0.16522765159606934,48,True
Random_n35_52,Random,35,SourceResolved-GA,1,35,35,0.04405379295349121,12,True
Random_n35_52,Random,35,SourceResolved-GA,1,35,35,0.06437802314758301,18,True
Random_n35_52,Random,35,SourceResolved-GA,1,35,35,0.1590890884399414,47,True
Random_n35_52,Random,35,MS-SourceResolved-GA,1,35,35,0.26394176483154297,40,True
Random_n35_52,Random,35,MS-SourceResolved-GA,1,35,35,0.1981523036956787,20,True
Random_n35_52,Random,35,MS-SourceResolved-GA,1,35,35,0.06563448905944824,52,True
Random_n35_52,Random,35,MS-SourceResolved-GA,1,35,35,0.27263689041137695,24,True
Random_n35_52,Random,35,MS-SourceResolved-GA,1,35,35,0.1325070858001709,0,True
Random_n35_52,Random,35,MS-SourceResolved-GA,1,35,35,0.2938718795776367,49,True
Random_n35_52,Random,35,MS-SourceResolved-GA,1,35,35,0.280139684677124,45,True
Random_n35_52,Random,35,MS-SourceResolved-GA,1,35,35,0.19224095344543457,18,True
Random_n35_52,Random,35,MS-SourceResolved-GA,1,35,35,0.13501191139221191,0,True
Random_n35_52,Random,35,MS-SourceResolved-GA,1,35,35,0.17590808868408203,13,True
Random_n40_21,Random,40,SourceResolved-GA,1,40,40,0.008249044418334961,0,True
Random_n40_21,Random,40,SourceResolved-GA,1,40,40,0.42180752754211426,138,True
Random_n40_21,Random,40,SourceResolved-GA,1,40,40,0.13318991661071777,43,True
Random_n40_21,Random,40,SourceResolved-GA,1,40,40,0.17775416374206543,58,True
Random_n40_21,Random,40,SourceResolved-GA,1,40,40,0.42847728729248047,142,True
Random_n40_21,Random,40,SourceResolved-GA,1,40,40,0.003862142562866211,0,True
Random_n40_21,Random,40,SourceResolved-GA,1,40,40,0.003966331481933594,0,True
Random_n40_21,Random,40,SourceResolved-GA,1,40,40,0.003824949264526367,0,True
Random_n40_21,Random,40,SourceResolved-GA,0,40,40,0.6013214588165283,200,True
Random_n40_21,Random,40,SourceResolved-GA,1,40,40,0.1071157455444336,34,True
Random_n40_21,Random,40,MS-SourceResolved-GA,1,40,40,0.12118387222290039,0,True
Random_n40_21,Random,40,MS-SourceResolved-GA,1,40,40,0.21964168548583984,32,True
Random_n40_21,Random,40,MS-SourceResolved-GA,1,40,40,0.12189364433288574,0,True
Random_n40_21,Random,40,MS-SourceResolved-GA,1,40,40,0.12314367294311523,0,True
Random_n40_21,Random,40,MS-SourceResolved-GA,0,40,40,0.6316614151000977,150,True
Random_n40_21,Random,40,MS-SourceResolved-GA,1,40,40,0.1849510669708252,0,True
Random_n40_21,Random,40,MS-SourceResolved-GA,1,40,40,0.12304973602294922,0,True
Random_n40_21,Random,40,MS-SourceResolved-GA,1,40,40,0.12637615203857422,1,True
Random_n40_21,Random,40,MS-SourceResolved-GA,1,40,40,0.17018628120422363,16,True
Random_n40_21,Random,40,MS-SourceResolved-GA,1,40,40,0.6003808975219727,139,True
Random_n40_22,Random,40,SourceResolved-GA,1,40,40,0.007400035858154297,0,True
Random_n40_22,Random,40,SourceResolved-GA,0,38,38,0.6365437507629395,200,True
Random_n40_22,Random,40,SourceResolved-GA,1,40,40,0.09145498275756836,29,True
Random_n40_22,Random,40,SourceResolved-GA,1,40,40,0.0038492679595947266,0,True
Random_n40_22,Random,40,SourceResolved-GA,1,40,40,0.1096181869506836,35,True
Random_n40_22,Random,40,SourceResolved-GA,1,40,40,0.10950517654418945,35,True
Random_n40_22,Random,40,SourceResolved-GA,1,40,40,0.0038030147552490234,0,True
Random_n40_22,Random,40,SourceResolved-GA,1,40,40,0.08503985404968262,27,True
Random_n40_22,Random,40,SourceResolved-GA,1,40,40,0.003838777542114258,0,True
Random_n40_22,Random,40,SourceResolved-GA,1,40,40,0.0037987232208251953,0,True
Random_n40_22,Random,40,MS-SourceResolved-GA,0,40,40,0.634613037109375,150,True
Random_n40_22,Random,40,MS-SourceResolved-GA,1,40,40,0.1226351261138916,0,True
Random_n40_22,Random,40,MS-SourceResolved-GA,1,40,40,0.1961042881011963,24,True
Random_n40_22,Random,40,MS-SourceResolved-GA,1,40,40,0.1857309341430664,21,True
Random_n40_22,Random,40,MS-SourceResolved-GA,1,40,40,0.15907001495361328,12,True
Random_n40_22,Random,40,MS-SourceResolved-GA,1,40,40,0.2686467170715332,27,True
Random_n40_22,Random,40,MS-SourceResolved-GA,1,40,40,0.17630410194396973,18,True
Random_n40_22,Random,40,MS-SourceResolved-GA,1,40,40,0.4047544002532959,94,True
Random_n40_22,Random,40,MS-SourceResolved-GA,1,40,40,0.15978431701660156,12,True
Random_n40_22,Random,40,MS-SourceResolved-GA,1,40,40,0.09513163566589355,81,True
Random_n40_23,Random,40,SourceResolved-GA,1,40,40,0.06872797012329102,21,True
Random_n40_23,Random,40,SourceResolved-GA,1,40,40,0.007307529449462891,0,True
Random_n40_23,Random,40,SourceResolved-GA,1,40,40,0.12272882461547852,20,True
Random_n40_23,Random,40,SourceResolved-GA,0,39,39,0.5996167659759521,200,True
Random_n40_23,Random,40,SourceResolved-GA,0,39,39,0.600496768951416,200,True
Random_n40_23,Random,40,SourceResolved-GA,0,39,39,0.6012635231018066,200,True
Random_n40_23,Random,40,SourceResolved-GA,0,30,30,0.6044366359710693,200,True
Random_n40_23,Random,40,SourceResolved-GA,1,40,40,0.04327535629272461,13,True
Random_n40_23,Random,40,SourceResolved-GA,0,39,39,0.5985069274902344,200,True
Random_n40_23,Random,40,SourceResolved-GA,1,40,40,0.1694800853729248,55,True
Random_n40_23,Random,40,MS-SourceResolved-GA,1,40,40,0.12227916717529297,0,True
Random_n40_23,Random,40,MS-SourceResolved-GA,1,40,40,0.19135499000549316,23,True
Random_n40_23,Random,40,MS-SourceResolved-GA,1,40,40,0.2008054256439209,26,True
Random_n40_23,Random,40,MS-SourceResolved-GA,1,40,40,0.21332764625549316,31,True
Random_n40_23,Random,40,MS-SourceResolved-GA,1,40,40,0.3345799446105957,70,True
Random_n40_23,Random,40,MS-SourceResolved-GA,1,40,40,0.18898653984069824,22,True
Random_n40_23,Random,40,MS-SourceResolved-GA,1,40,40,0.08042573928833008,69,True
Random_n40_23,Random,40,MS-SourceResolved-GA,0,39,39,0.5725343227386475,150,True
Random_n40_23,Random,40,MS-SourceResolved-GA,1,40,40,0.12516212463378906,1,True
Random_n40_23,Random,40,MS-SourceResolved-GA,0,40,40,0.5673844814300537,150,True
Random_n40_24,Random,40,SourceResolved-GA,1,40,40,0.14201784133911133,46,True
Random_n40_24,Random,40,SourceResolved-GA,1,40,40,0.18221378326416016,60,True
Random_n40_24,Random,40,SourceResolved-GA,1,40,40,0.244246244430542,80,True
Random_n40_24,Random,40,SourceResolved-GA,1,40,40,0.0038552284240722656,0,True
Random_n40_24,Random,40,SourceResolved-GA,0,40,40,0.5973122119903564,200,True
Random_n40_24,Random,40,SourceResolved-GA,1,40,40,0.0038251876831054688,0,True
Random_n40_24,Random,40,SourceResolved-GA,1,40,40,0.06472492218017578,20,True
Random_n40_24,Random,40,SourceResolved-GA,1,40,40,0.0038399696350097656,0,True
Random_n40_24,Random,40,SourceResolved-GA,1,40,40,0.0038318634033203125,0,True
Random_n40_24,Random,40,SourceResolved-GA,0,38,38,0.5996451377868652,200,True
Random_n40_24,Random,40,MS-SourceResolved-GA,1,40,40,0.24425649642944336,41,True
Random_n40_24,Random,40,MS-SourceResolved-GA,0,40,40,0.568265438079834,150,True
Random_n40_24,Random,40,MS-SourceResolved-GA,1,40,40,0.18481230735778809,21,True
Random_n40_24,Random,40,MS-SourceResolved-GA,1,40,40,0.24374628067016602,41,True
Random_n40_24,Random,40,MS-SourceResolved-GA,1,40,40,0.1743173599243164,18,True
Random_n40_24,Random,40,MS-SourceResolved-GA,1,40,40,0.34439778327941895,74,True
Random_n40_24,Random,40,MS-SourceResolved-GA,1,40,40,0.12241840362548828,0,True
Random_n40_24,Random,40,MS-SourceResolved-GA,1,40,40,0.22380828857421875,34,True
Random_n40_24,Random,40,MS-SourceResolved-GA,1,40,40,0.12219810485839844,0,True
Random_n40_24,Random,40,MS-SourceResolved-GA,1,40,40,0.12342047691345215,0,True
Random_n40_13,Random,40,SourceResolved-GA,1,40,40,0.13764715194702148,41,True
Random_n40_13,Random,40,SourceResolved-GA,1,40,40,0.0072612762451171875,0,True
Random_n40_13,Random,40,SourceResolved-GA,1,40,40,0.13877391815185547,27,True
Random_n40_13,Random,40,SourceResolved-GA,1,40,40,0.003836393356323242,0,True
Random_n40_13,Random,40,SourceResolved-GA,1,40,40,0.11025714874267578,34,True
Random_n40_13,Random,40,SourceResolved-GA,1,40,40,0.0038623809814453125,0,True
Random_n40_13,Random,40,SourceResolved-GA,1,40,40,0.47222447395324707,157,True
Random_n40_13,Random,40,SourceResolved-GA,1,40,40,0.09176516532897949,29,True
Random_n40_13,Random,40,SourceResolved-GA,1,40,40,0.003803730010986328,0,True
Random_n40_13,Random,40,SourceResolved-GA,1,40,40,0.003735780715942383,0,True
Random_n40_13,Random,40,MS-SourceResolved-GA,0,39,39,0.576653003692627,150,True
Random_n40_13,Random,40,MS-SourceResolved-GA,1,40,40,0.1222848892211914,0,True
Random_n40_13,Random,40,MS-SourceResolved-GA,0,33,33,0.5773401260375977,150,True
Random_n40_13,Random,40,MS-SourceResolved-GA,1,40,40,0.12205100059509277,0,True
Random_n40_13,Random,40,MS-SourceResolved-GA,1,40,40,0.1709117889404297,16,True
Random_n40_13,Random,40,MS-SourceResolved-GA,0,39,39,0.6345493793487549,150,True
Random_n40_13,Random,40,MS-SourceResolved-GA,1,40,40,0.1042935848236084,88,True
Random_n40_13,Random,40,MS-SourceResolved-GA,0,37,37,0.5865745544433594,150,True
Random_n40_13,Random,40,MS-SourceResolved-GA,0,35,35,0.5943753719329834,150,True
Random_n40_13,Random,40,MS-SourceResolved-GA,1,40,40,0.20841193199157715,28,True
Random_n40_14,Random,40,SourceResolved-GA,0,40,40,0.6837148666381836,200,True
Random_n40_14,Random,40,SourceResolved-GA,0,39,39,0.6454417705535889,200,True
Random_n40_14,Random,40,SourceResolved-GA,1,40,40,0.0073435306549072266,0,True
Random_n40_14,Random,40,SourceResolved-GA,0,27,27,0.6187615394592285,200,True
Random_n40_14,Random,40,SourceResolved-GA,1,40,40,0.19522571563720703,63,True
Random_n40_14,Random,40,SourceResolved-GA,0,35,35,0.6167898178100586,200,True
Random_n40_14,Random,40,SourceResolved-GA,1,40,40,0.003827810287475586,0,True
Random_n40_14,Random,40,SourceResolved-GA,1,40,40,0.00391697883605957,0,True
Random_n40_14,Random,40,SourceResolved-GA,1,40,40,0.04160714149475098,12,True
Random_n40_14,Random,40,SourceResolved-GA,0,39,39,0.6232714653015137,200,True
Random_n40_14,Random,40,MS-SourceResolved-GA,1,40,40,0.29137492179870605,53,True
Random_n40_14,Random,40,MS-SourceResolved-GA,1,40,40,0.12545061111450195,0,True
Random_n40_14,Random,40,MS-SourceResolved-GA,1,40,40,0.17333745956420898,16,True
Random_n40_14,Random,40,MS-SourceResolved-GA,1,40,40,0.22943568229675293,32,True
Random_n40_14,Random,40,MS-SourceResolved-GA,1,40,40,0.07435178756713867,62,True
Random_n40_14,Random,40,MS-SourceResolved-GA,1,40,40,0.12388896942138672,0,True
Random_n40_14,Random,40,MS-SourceResolved-GA,0,40,40,0.5874440670013428,150,True
Random_n40_14,Random,40,MS-SourceResolved-GA,1,40,40,0.12167716026306152,0,True
Random_n40_14,Random,40,MS-SourceResolved-GA,0,40,40,0.5742177963256836,150,True
Random_n40_14,Random,40,MS-SourceResolved-GA,1,40,40,0.1595439910888672,12,True
Random_n40_15,Random,40,SourceResolved-GA,1,40,40,0.32205820083618164,105,True
Random_n40_15,Random,40,SourceResolved-GA,1,40,40,0.16272425651550293,50,True
Random_n40_15,Random,40,SourceResolved-GA,1,40,40,0.0038328170776367188,0,True
Random_n40_15,Random,40,SourceResolved-GA,0,33,33,0.599592924118042,200,True
Random_n40_15,Random,40,SourceResolved-GA,1,40,40,0.0037870407104492188,0,True
Random_n40_15,Random,40,SourceResolved-GA,1,40,40,0.003757953643798828,0,True
Random_n40_15,Random,40,SourceResolved-GA,1,40,40,0.11030125617980957,35,True
Random_n40_15,Random,40,SourceResolved-GA,0,38,38,0.6125972270965576,200,True
Random_n40_15,Random,40,SourceResolved-GA,1,40,40,0.11892223358154297,38,True
Random_n40_15,Random,40,SourceResolved-GA,1,40,40,0.003839254379272461,0,True
Random_n40_15,Random,40,MS-SourceResolved-GA,1,40,40,0.21343636512756348,30,True
Random_n40_15,Random,40,MS-SourceResolved-GA,1,40,40,0.10072660446166992,86,True
Random_n40_15,Random,40,MS-SourceResolved-GA,1,40,40,0.12387990951538086,0,True
Random_n40_15,Random,40,MS-SourceResolved-GA,1,40,40,0.16181421279907227,11,True
Random_n40_15,Random,40,MS-SourceResolved-GA,1,40,40,0.2701725959777832,49,True
Random_n40_15,Random,40,MS-SourceResolved-GA,1,40,40,0.19188642501831055,23,True
Random_n40_15,Random,40,MS-SourceResolved-GA,1,40,40,0.3020615577697754,60,True
Random_n40_15,Random,40,MS-SourceResolved-GA,1,40,40,0.3071117401123047,60,True
Random_n40_15,Random,40,MS-SourceResolved-GA,0,36,36,0.5735316276550293,150,True
Random_n40_15,Random,40,MS-SourceResolved-GA,1,40,40,0.20753741264343262,28,True
Random_n40_16,Random,40,SourceResolved-GA,1,40,40,0.031116724014282227,9,True
Random_n40_16,Random,40,SourceResolved-GA,0,40,40,0.5979242324829102,200,True
Random_n40_16,Random,40,SourceResolved-GA,1,40,40,0.00383758544921875,0,True
Random_n40_16,Random,40,SourceResolved-GA,1,40,40,0.15327739715576172,50,True
Random_n40_16,Random,40,SourceResolved-GA,1,40,40,0.1927943229675293,63,True
Random_n40_16,Random,40,SourceResolved-GA,1,40,40,0.022214651107788086,6,True
Random_n40_16,Random,40,SourceResolved-GA,1,40,40,0.22447562217712402,74,True
Random_n40_16,Random,40,SourceResolved-GA,1,40,40,0.15633416175842285,51,True
Random_n40_16,Random,40,SourceResolved-GA,1,40,40,0.004014492034912109,0,True
Random_n40_16,Random,40,SourceResolved-GA,1,40,40,0.0038611888885498047,0,True
Random_n40_16,Random,40,MS-SourceResolved-GA,0,37,37,0.5693230628967285,150,True
Random_n40_16,Random,40,MS-SourceResolved-GA,1,40,40,0.1230325698852539,0,True
Random_n40_16,Random,40,MS-SourceResolved-GA,0,40,40,0.5678484439849854,150,True
Random_n40_16,Random,40,MS-SourceResolved-GA,1,40,40,0.12124919891357422,0,True
Random_n40_16,Random,40,MS-SourceResolved-GA,1,40,40,0.20875930786132812,28,True
Random_n40_16,Random,40,MS-SourceResolved-GA,1,40,40,0.2288804054260254,35,True
Random_n40_16,Random,40,MS-SourceResolved-GA,1,40,40,0.12145638465881348,0,True
Random_n40_16,Random,40,MS-SourceResolved-GA,1,40,40,0.2873539924621582,55,True
Random_n40_16,Random,40,MS-SourceResolved-GA,1,40,40,0.19622063636779785,25,True
Random_n40_16,Random,40,MS-SourceResolved-GA,1,40,40,0.12159252166748047,0,True
Random_n40_33,Random,40,SourceResolved-GA,0,32,32,0.6265428066253662,200,True
Random_n40_33,Random,40,SourceResolved-GA,1,40,40,0.3609170913696289,90,True
Random_n40_33,Random,40,SourceResolved-GA,1,40,40,0.08999085426330566,27,True
Random_n40_33,Random,40,SourceResolved-GA,1,40,40,0.0038106441497802734,0,True
Random_n40_33,Random,40,SourceResolved-GA,1,40,40,0.0038330554962158203,0,True
Random_n40_33,Random,40,SourceResolved-GA,1,40,40,0.003808259963989258,0,True
Random_n40_33,Random,40,SourceResolved-GA,1,40,40,0.0037636756896972656,0,True
Random_n40_33,Random,40,SourceResolved-GA,1,40,40,0.06638002395629883,20,True
Random_n40_33,Random,40,SourceResolved-GA,1,40,40,0.0050275325775146484,0,True
Random_n40_33,Random,40,SourceResolved-GA,1,40,40,0.19165253639221191,42,True
Random_n40_33,Random,40,MS-SourceResolved-GA,1,40,40,0.2019956111907959,25,True
Random_n40_33,Random,40,MS-SourceResolved-GA,1,40,40,0.12368178367614746,0,True
Random_n40_33,Random,40,MS-SourceResolved-GA,1,40,40,0.12442636489868164,0,True
Random_n40_33,Random,40,MS-SourceResolved-GA,1,40,40,0.24841570854187012,37,True
Random_n40_33,Random,40,MS-SourceResolved-GA,1,40,40,0.12214350700378418,0,True
Random_n40_33,Random,40,MS-SourceResolved-GA,1,40,40,0.12312698364257812,0,True
Random_n40_33,Random,40,MS-SourceResolved-GA,1,40,40,0.13151144981384277,0,True
Random_n40_33,Random,40,MS-SourceResolved-GA,1,40,40,0.19614958763122559,14,True
Random_n40_33,Random,40,MS-SourceResolved-GA,1,40,40,0.3171830177307129,64,True
Random_n40_33,Random,40,MS-SourceResolved-GA,1,40,40,0.241560697555542,39,True
Random_n40_34,Random,40,SourceResolved-GA,1,40,40,0.18866372108459473,61,True
Random_n40_34,Random,40,SourceResolved-GA,1,40,40,0.0038819313049316406,0,True
Random_n40_34,Random,40,SourceResolved-GA,1,40,40,0.1831660270690918,59,True
Random_n40_34,Random,40,SourceResolved-GA,0,39,39,0.6237223148345947,200,True
Random_n40_34,Random,40,SourceResolved-GA,1,40,40,0.14374566078186035,46,True
Random_n40_34,Random,40,SourceResolved-GA,1,40,40,0.12999892234802246,41,True
Random_n40_34,Random,40,SourceResolved-GA,1,40,40,0.004248380661010742,0,True
Random_n40_34,Random,40,SourceResolved-GA,1,40,40,0.13621759414672852,43,True
Random_n40_34,Random,40,SourceResolved-GA,1,40,40,0.0039033889770507812,0,True
Random_n40_34,Random,40,SourceResolved-GA,1,40,40,0.07973241806030273,24,True
Random_n40_34,Random,40,MS-SourceResolved-GA,0,40,40,0.5789241790771484,150,True
Random_n40_34,Random,40,MS-SourceResolved-GA,0,39,39,0.5769634246826172,150,True
Random_n40_34,Random,40,MS-SourceResolved-GA,1,40,40,0.22610211372375488,33,True
Random_n40_34,Random,40,MS-SourceResolved-GA,1,40,40,0.12215948104858398,0,True
Random_n40_34,Random,40,MS-SourceResolved-GA,1,40,40,0.12331867218017578,0,True
Random_n40_34,Random,40,MS-SourceResolved-GA,1,40,40,0.12307310104370117,0,True
Random_n40_34,Random,40,MS-SourceResolved-GA,1,40,40,0.12263345718383789,0,True
Random_n40_34,Random,40,MS-SourceResolved-GA,1,40,40,0.14419126510620117,6,True
Random_n40_34,Random,40,MS-SourceResolved-GA,1,40,40,0.3269634246826172,67,True
Random_n40_34,Random,40,MS-SourceResolved-GA,1,40,40,0.22031235694885254,32,True
Random_n40_35,Random,40,SourceResolved-GA,1,40,40,0.061712026596069336,19,True
Random_n40_35,Random,40,SourceResolved-GA,1,40,40,0.003904581069946289,0,True
Random_n40_35,Random,40,SourceResolved-GA,1,40,40,0.0038421154022216797,0,True
Random_n40_35,Random,40,SourceResolved-GA,0,39,39,0.6063389778137207,200,True
Random_n40_35,Random,40,SourceResolved-GA,1,40,40,0.005300045013427734,0,True
Random_n40_35,Random,40,SourceResolved-GA,1,40,40,0.003928661346435547,0,True
Random_n40_35,Random,40,SourceResolved-GA,1,40,40,0.003873109817504883,0,True
Random_n40_35,Random,40,SourceResolved-GA,0,39,39,0.6102252006530762,200,True
Random_n40_35,Random,40,SourceResolved-GA,1,40,40,0.05402636528015137,16,True
Random_n40_35,Random,40,SourceResolved-GA,1,40,40,0.10598087310791016,33,True
Random_n40_35,Random,40,MS-SourceResolved-GA,0,39,39,0.5729677677154541,150,True
Random_n40_35,Random,40,MS-SourceResolved-GA,1,40,40,0.12436795234680176,0,True
Random_n40_35,Random,40,MS-SourceResolved-GA,1,40,40,0.1751570701599121,17,True
Random_n40_35,Random,40,MS-SourceResolved-GA,1,40,40,0.12544035911560059,0,True
Random_n40_35,Random,40,MS-SourceResolved-GA,0,40,40,0.5720095634460449,150,True
Random_n40_35,Random,40,MS-SourceResolved-GA,1,40,40,0.12378859519958496,0,True
Random_n40_35,Random,40,MS-SourceResolved-GA,1,40,40,0.12287473678588867,0,True
Random_n40_35,Random,40,MS-SourceResolved-GA,1,40,40,0.13131928443908691,2,True
Random_n40_35,Random,40,MS-SourceResolved-GA,1,40,40,0.12160062789916992,0,True
Random_n40_35,Random,40,MS-SourceResolved-GA,0,40,40,0.5737435817718506,150,True
Random_n40_36,Random,40,SourceResolved-GA,0,37,37,0.619410514831543,200,True
Random_n40_36,Random,40,SourceResolved-GA,1,40,40,0.0038259029388427734,0,True
Random_n40_36,Random,40,SourceResolved-GA,1,40,40,0.0038461685180664062,0,True
Random_n40_36,Random,40,SourceResolved-GA,0,39,39,0.6604561805725098,200,True
Random_n40_36,Random,40,SourceResolved-GA,1,40,40,0.1037905216217041,33,True
Random_n40_36,Random,40,SourceResolved-GA,1,40,40,0.11233234405517578,36,True
Random_n40_36,Random,40,SourceResolved-GA,0,37,37,0.6030585765838623,200,True
Random_n40_36,Random,40,SourceResolved-GA,1,40,40,0.003870248794555664,0,True
Random_n40_36,Random,40,SourceResolved-GA,1,40,40,0.003973960876464844,0,True
Random_n40_36,Random,40,SourceResolved-GA,1,40,40,0.07207536697387695,22,True
Random_n40_36,Random,40,MS-SourceResolved-GA,1,40,40,0.2726433277130127,50,True
Random_n40_36,Random,40,MS-SourceResolved-GA,1,40,40,0.12416720390319824,0,True
Random_n40_36,Random,40,MS-SourceResolved-GA,1,40,40,0.12148594856262207,0,True
Random_n40_36,Random,40,MS-SourceResolved-GA,1,40,40,0.06633377075195312,57,True
Random_n40_36,Random,40,MS-SourceResolved-GA,1,40,40,0.23501014709472656,37,True
Random_n40_36,Random,40,MS-SourceResolved-GA,1,40,40,0.28386998176574707,53,True
Random_n40_36,Random,40,MS-SourceResolved-GA,0,39,39,0.5740833282470703,150,True
Random_n40_36,Random,40,MS-SourceResolved-GA,1,40,40,0.1223747730255127,0,True
Random_n40_36,Random,40,MS-SourceResolved-GA,1,40,40,0.22707653045654297,34,True
Random_n40_36,Random,40,MS-SourceResolved-GA,1,40,40,0.12121176719665527,0,True
Random_n40_37,Random,40,SourceResolved-GA,1,40,40,0.09555721282958984,28,True
Random_n40_37,Random,40,SourceResolved-GA,1,40,40,0.003927469253540039,0,True
Random_n40_37,Random,40,SourceResolved-GA,1,40,40,0.0038564205169677734,0,True
Random_n40_37,Random,40,SourceResolved-GA,1,40,40,0.0307772159576416,9,True
Random_n40_37,Random,40,SourceResolved-GA,1,40,40,0.003882169723510742,0,True
Random_n40_37,Random,40,SourceResolved-GA,1,40,40,0.0038089752197265625,0,True
Random_n40_37,Random,40,SourceResolved-GA,1,40,40,0.0038590431213378906,0,True
Random_n40_37,Random,40,SourceResolved-GA,1,40,40,0.0038352012634277344,0,True
Random_n40_37,Random,40,SourceResolved-GA,1,40,40,0.003952980041503906,0,True
Random_n40_37,Random,40,SourceResolved-GA,1,40,40,0.0038340091705322266,0,True
Random_n40_37,Random,40,MS-SourceResolved-GA,0,39,39,0.6383016109466553,150,True
Random_n40_37,Random,40,MS-SourceResolved-GA,1,40,40,0.12305355072021484,0,True
Random_n40_37,Random,40,MS-SourceResolved-GA,1,40,40,0.12172698974609375,0,True
Random_n40_37,Random,40,MS-SourceResolved-GA,1,40,40,0.2134397029876709,30,True
Random_n40_37,Random,40,MS-SourceResolved-GA,1,40,40,0.12180399894714355,0,True
Random_n40_37,Random,40,MS-SourceResolved-GA,1,40,40,0.12220430374145508,0,True
Random_n40_37,Random,40,MS-SourceResolved-GA,1,40,40,0.12207269668579102,0,True
Random_n40_37,Random,40,MS-SourceResolved-GA,1,40,40,0.12306642532348633,0,True
Random_n40_37,Random,40,MS-SourceResolved-GA,1,40,40,0.19744873046875,22,True
Random_n40_37,Random,40,MS-SourceResolved-GA,1,40,40,0.12424159049987793,0,True
Random_n40_38,Random,40,SourceResolved-GA,1,40,40,0.003911018371582031,0,True
Random_n40_38,Random,40,SourceResolved-GA,1,40,40,0.0038530826568603516,0,True
Random_n40_38,Random,40,SourceResolved-GA,1,40,40,0.07555890083312988,24,True
Random_n40_38,Random,40,SourceResolved-GA,1,40,40,0.10033178329467773,32,True
Random_n40_38,Random,40,SourceResolved-GA,0,39,39,0.6105241775512695,200,True
Random_n40_38,Random,40,SourceResolved-GA,1,40,40,0.15906000137329102,51,True
Random_n40_38,Random,40,SourceResolved-GA,1,40,40,0.003964424133300781,0,True
Random_n40_38,Random,40,SourceResolved-GA,1,40,40,0.00404047966003418,0,True
Random_n40_38,Random,40,SourceResolved-GA,1,40,40,0.16858959197998047,53,True
Random_n40_38,Random,40,SourceResolved-GA,1,40,40,0.003920793533325195,0,True
Random_n40_38,Random,40,MS-SourceResolved-GA,1,40,40,0.22064447402954102,31,True
Random_n40_38,Random,40,MS-SourceResolved-GA,1,40,40,0.25118160247802734,40,True
Random_n40_38,Random,40,MS-SourceResolved-GA,1,40,40,0.13009977340698242,0,True
Random_n40_38,Random,40,MS-SourceResolved-GA,1,40,40,0.25248265266418457,43,True
Random_n40_38,Random,40,MS-SourceResolved-GA,1,40,40,0.12989473342895508,0,True
Random_n40_38,Random,40,MS-SourceResolved-GA,1,40,40,0.12434935569763184,0,True
Random_n40_38,Random,40,MS-SourceResolved-GA,1,40,40,0.08530831336975098,72,True
Random_n40_38,Random,40,MS-SourceResolved-GA,1,40,40,0.12448930740356445,0,True
Random_n40_38,Random,40,MS-SourceResolved-GA,1,40,40,0.4858851432800293,115,True
Random_n40_38,Random,40,MS-SourceResolved-GA,1,40,40,0.11341738700866699,95,True
Random_n40_39,Random,40,SourceResolved-GA,0,39,39,0.633216142654419,200,True
Random_n40_39,Random,40,SourceResolved-GA,0,39,39,0.6402056217193604,200,True
Random_n40_39,Random,40,SourceResolved-GA,1,40,40,0.003876209259033203,0,True
Random_n40_39,Random,40,SourceResolved-GA,0,40,40,0.6040010452270508,200,True
Random_n40_39,Random,40,SourceResolved-GA,1,40,40,0.504357099533081,167,True
Random_n40_39,Random,40,SourceResolved-GA,1,40,40,0.2522151470184326,82,True
Random_n40_39,Random,40,SourceResolved-GA,1,40,40,0.23222851753234863,76,True
Random_n40_39,Random,40,SourceResolved-GA,0,37,37,0.6033415794372559,200,True
Random_n40_39,Random,40,SourceResolved-GA,1,40,40,0.4168994426727295,138,True
Random_n40_39,Random,40,SourceResolved-GA,1,40,40,0.058071136474609375,18,True
Random_n40_39,Random,40,MS-SourceResolved-GA,1,40,40,0.12293577194213867,0,True
Random_n40_39,Random,40,MS-SourceResolved-GA,0,40,40,0.5751214027404785,150,True
Random_n40_39,Random,40,MS-SourceResolved-GA,0,39,39,0.5748918056488037,150,True
Random_n40_39,Random,40,MS-SourceResolved-GA,1,40,40,0.2672750949859619,48,True
Random_n40_39,Random,40,MS-SourceResolved-GA,1,40,40,0.19196200370788574,23,True
Random_n40_39,Random,40,MS-SourceResolved-GA,1,40,40,0.2203807830810547,33,True
Random_n40_39,Random,40,MS-SourceResolved-GA,0,38,38,0.5674200057983398,150,True
Random_n40_39,Random,40,MS-SourceResolved-GA,0,37,37,0.5741744041442871,150,True
Random_n40_39,Random,40,MS-SourceResolved-GA,1,40,40,0.1228475570678711,0,True
Random_n40_39,Random,40,MS-SourceResolved-GA,1,40,40,0.24117136001586914,19,True
Random_n40_40,Random,40,SourceResolved-GA,1,40,40,0.003859996795654297,0,True
Random_n40_40,Random,40,SourceResolved-GA,1,40,40,0.2935633659362793,96,True
Random_n40_40,Random,40,SourceResolved-GA,1,40,40,0.15071797370910645,49,True
Random_n40_40,Random,40,SourceResolved-GA,1,40,40,0.17249417304992676,56,True
Random_n40_40,Random,40,SourceResolved-GA,1,40,40,0.10576224327087402,34,True
Random_n40_40,Random,40,SourceResolved-GA,1,40,40,0.0701136589050293,22,True
Random_n40_40,Random,40,SourceResolved-GA,1,40,40,0.003874063491821289,0,True
Random_n40_40,Random,40,SourceResolved-GA,1,40,40,0.07896113395690918,25,True
Random_n40_40,Random,40,SourceResolved-GA,1,40,40,0.0038123130798339844,0,True
Random_n40_40,Random,40,SourceResolved-GA,1,40,40,0.0038144588470458984,0,True
Random_n40_40,Random,40,MS-SourceResolved-GA,1,40,40,0.12223577499389648,0,True
Random_n40_40,Random,40,MS-SourceResolved-GA,1,40,40,0.27259135246276855,49,True
Random_n40_40,Random,40,MS-SourceResolved-GA,0,37,37,0.5729265213012695,150,True
Random_n40_40,Random,40,MS-SourceResolved-GA,1,40,40,0.14824676513671875,9,True
Random_n40_40,Random,40,MS-SourceResolved-GA,0,38,38,0.5694608688354492,150,True
Random_n40_40,Random,40,MS-SourceResolved-GA,1,40,40,0.20180535316467285,27,True
Random_n40_40,Random,40,MS-SourceResolved-GA,1,40,40,0.1218409538269043,0,True
Random_n40_40,Random,40,MS-SourceResolved-GA,1,40,40,0.3507235050201416,76,True
Random_n40_40,Random,40,MS-SourceResolved-GA,1,40,40,0.274399995803833,51,True
Random_n40_40,Random,40,MS-SourceResolved-GA,1,40,40,0.21471929550170898,31,True
Random_n40_41,Random,40,SourceResolved-GA,1,40,40,0.007524251937866211,0,True
Random_n40_41,Random,40,SourceResolved-GA,1,40,40,0.08001971244812012,22,True
Random_n40_41,Random,40,SourceResolved-GA,1,40,40,0.003962993621826172,0,True
Random_n40_41,Random,40,SourceResolved-GA,1,40,40,0.10265207290649414,32,True
Random_n40_41,Random,40,SourceResolved-GA,1,40,40,0.4442417621612549,141,True
Random_n40_41,Random,40,SourceResolved-GA,1,40,40,0.003947257995605469,0,True
Random_n40_41,Random,40,SourceResolved-GA,1,40,40,0.003942728042602539,0,True
Random_n40_41,Random,40,SourceResolved-GA,1,40,40,0.003915309906005859,0,True
Random_n40_41,Random,40,SourceResolved-GA,1,40,40,0.0038983821868896484,0,True
Random_n40_41,Random,40,SourceResolved-GA,1,40,40,0.0038857460021972656,0,True
Random_n40_41,Random,40,MS-SourceResolved-GA,1,40,40,0.12372732162475586,0,True
Random_n40_41,Random,40,MS-SourceResolved-GA,1,40,40,0.28149867057800293,51,True
Random_n40_41,Random,40,MS-SourceResolved-GA,0,35,35,0.5995728969573975,150,True
Random_n40_41,Random,40,MS-SourceResolved-GA,1,40,40,0.16094756126403809,12,True
Random_n40_41,Random,40,MS-SourceResolved-GA,1,40,40,0.12401866912841797,0,True
Random_n40_41,Random,40,MS-SourceResolved-GA,1,40,40,0.12363433837890625,0,True
Random_n40_41,Random,40,MS-SourceResolved-GA,0,37,37,0.5986931324005127,150,True
Random_n40_41,Random,40,MS-SourceResolved-GA,1,40,40,0.16031503677368164,12,True
Random_n40_41,Random,40,MS-SourceResolved-GA,1,40,40,0.3696022033691406,80,True
Random_n40_41,Random,40,MS-SourceResolved-GA,1,40,40,0.4907240867614746,112,True
Random_n40_42,Random,40,SourceResolved-GA,1,40,40,0.0038962364196777344,0,True
Random_n40_42,Random,40,SourceResolved-GA,0,40,40,0.609565019607544,200,True
Random_n40_42,Random,40,SourceResolved-GA,0,33,33,0.6239521503448486,200,True
Random_n40_42,Random,40,SourceResolved-GA,1,40,40,0.16325163841247559,52,True
Random_n40_42,Random,40,SourceResolved-GA,1,40,40,0.003947734832763672,0,True
Random_n40_42,Random,40,SourceResolved-GA,1,40,40,0.08649182319641113,27,True
Random_n40_42,Random,40,SourceResolved-GA,1,40,40,0.11472511291503906,36,True
Random_n40_42,Random,40,SourceResolved-GA,1,40,40,0.0039081573486328125,0,True
Random_n40_42,Random,40,SourceResolved-GA,1,40,40,0.0038919448852539062,0,True
Random_n40_42,Random,40,SourceResolved-GA,1,40,40,0.003922700881958008,0,True
Random_n40_42,Random,40,MS-SourceResolved-GA,1,40,40,0.12254500389099121,0,True
Random_n40_42,Random,40,MS-SourceResolved-GA,0,38,38,0.5932426452636719,150,True
Random_n40_42,Random,40,MS-SourceResolved-GA,0,40,40,0.5872752666473389,150,True
Random_n40_42,Random,40,MS-SourceResolved-GA,1,40,40,0.12297368049621582,0,True
Random_n40_42,Random,40,MS-SourceResolved-GA,1,40,40,0.21204233169555664,29,True
Random_n40_42,Random,40,MS-SourceResolved-GA,0,40,40,0.5875906944274902,150,True
Random_n40_42,Random,40,MS-SourceResolved-GA,1,40,40,0.2709927558898926,45,True
Random_n40_42,Random,40,MS-SourceResolved-GA,1,40,40,0.16281938552856445,13,True
Random_n40_42,Random,40,MS-SourceResolved-GA,1,40,40,0.21811914443969727,30,True
Random_n40_42,Random,40,MS-SourceResolved-GA,1,40,40,0.12380790710449219,0,True
Random_n40_43,Random,40,SourceResolved-GA,0,39,39,0.6278495788574219,200,True
Random_n40_43,Random,40,SourceResolved-GA,0,35,35,0.6190009117126465,200,True
Random_n40_43,Random,40,SourceResolved-GA,1,40,40,0.08646941184997559,27,True
Random_n40_43,Random,40,SourceResolved-GA,1,40,40,0.07723069190979004,24,True
Random_n40_43,Random,40,SourceResolved-GA,1,40,40,0.30565547943115234,98,True
Random_n40_43,Random,40,SourceResolved-GA,1,40,40,0.06171441078186035,19,True
Random_n40_43,Random,40,SourceResolved-GA,1,40,40,0.09697484970092773,30,True
Random_n40_43,Random,40,SourceResolved-GA,1,40,40,0.3224518299102783,102,True
Random_n40_43,Random,40,SourceResolved-GA,1,40,40,0.08890748023986816,28,True
Random_n40_43,Random,40,SourceResolved-GA,1,40,40,0.0038564205169677734,0,True
Random_n40_43,Random,40,MS-SourceResolved-GA,1,40,40,0.12170577049255371,0,True
Random_n40_43,Random,40,MS-SourceResolved-GA,1,40,40,0.12313199043273926,0,True
Random_n40_43,Random,40,MS-SourceResolved-GA,1,40,40,0.23475122451782227,37,True
Random_n40_43,Random,40,MS-SourceResolved-GA,1,40,40,0.12335062026977539,0,True
Random_n40_43,Random,40,MS-SourceResolved-GA,1,40,40,0.2472093105316162,39,True
Random_n40_43,Random,40,MS-SourceResolved-GA,1,40,40,0.17732715606689453,18,True
Random_n40_43,Random,40,MS-SourceResolved-GA,1,40,40,0.2214066982269287,32,True
Random_n40_43,Random,40,MS-SourceResolved-GA,1,40,40,0.18340110778808594,20,True
Random_n40_43,Random,40,MS-SourceResolved-GA,1,40,40,0.07997989654541016,62,True
Random_n40_43,Random,40,MS-SourceResolved-GA,1,40,40,0.12321329116821289,0,True
Random_n40_44,Random,40,SourceResolved-GA,1,40,40,0.1344470977783203,41,True
Random_n40_44,Random,40,SourceResolved-GA,1,40,40,0.09773516654968262,31,True
Random_n40_44,Random,40,SourceResolved-GA,1,40,40,0.003913164138793945,0,True
Random_n40_44,Random,40,SourceResolved-GA,0,39,39,0.6121828556060791,200,True
Random_n40_44,Random,40,SourceResolved-GA,1,40,40,0.0835728645324707,26,True
Random_n40_44,Random,40,SourceResolved-GA,0,39,39,0.6176378726959229,200,True
Random_n40_44,Random,40,SourceResolved-GA,1,40,40,0.003930568695068359,0,True
Random_n40_44,Random,40,SourceResolved-GA,1,40,40,0.08680605888366699,27,True
Random_n40_44,Random,40,SourceResolved-GA,1,40,40,0.043398380279541016,13,True
Random_n40_44,Random,40,SourceResolved-GA,0,39,39,0.6101617813110352,200,True
Random_n40_44,Random,40,MS-SourceResolved-GA,1,40,40,0.24759149551391602,41,True
Random_n40_44,Random,40,MS-SourceResolved-GA,0,38,38,0.5812149047851562,150,True
Random_n40_44,Random,40,MS-SourceResolved-GA,0,38,38,0.5772902965545654,150,True
Random_n40_44,Random,40,MS-SourceResolved-GA,1,40,40,0.1730637550354004,16,True
Random_n40_44,Random,40,MS-SourceResolved-GA,1,40,40,0.12232160568237305,0,True
Random_n40_44,Random,40,MS-SourceResolved-GA,1,40,40,0.12438273429870605,0,True
Random_n40_44,Random,40,MS-SourceResolved-GA,1,40,40,0.12314987182617188,0,True
Random_n40_44,Random,40,MS-SourceResolved-GA,1,40,40,0.1565418243408203,11,True
Random_n40_44,Random,40,MS-SourceResolved-GA,1,40,40,0.15950465202331543,12,True
Random_n40_44,Random,40,MS-SourceResolved-GA,1,40,40,0.12247848510742188,0,True
Random_n40_49,Random,40,SourceResolved-GA,1,40,40,0.007577419281005859,0,True
Random_n40_49,Random,40,SourceResolved-GA,1,40,40,0.06948471069335938,20,True
Random_n40_49,Random,40,SourceResolved-GA,1,40,40,0.09218287467956543,29,True
Random_n40_49,Random,40,SourceResolved-GA,1,40,40,0.16034626960754395,52,True
Random_n40_49,Random,40,SourceResolved-GA,1,40,40,0.003916025161743164,0,True
Random_n40_49,Random,40,SourceResolved-GA,1,40,40,0.3279099464416504,107,True
Random_n40_49,Random,40,SourceResolved-GA,0,29,29,0.6743841171264648,200,True
Random_n40_49,Random,40,SourceResolved-GA,1,40,40,0.03416013717651367,10,True
Random_n40_49,Random,40,SourceResolved-GA,1,40,40,0.0039048194885253906,0,True
Random_n40_49,Random,40,SourceResolved-GA,0,34,34,0.6441142559051514,200,True
Random_n40_49,Random,40,MS-SourceResolved-GA,0,37,37,0.5791220664978027,150,True
Random_n40_49,Random,40,MS-SourceResolved-GA,1,40,40,0.2739071846008301,50,True
Random_n40_49,Random,40,MS-SourceResolved-GA,0,39,39,0.5718607902526855,150,True
Random_n40_49,Random,40,MS-SourceResolved-GA,1,40,40,0.12301158905029297,0,True
Random_n40_49,Random,40,MS-SourceResolved-GA,1,40,40,0.2995474338531494,58,True
Random_n40_49,Random,40,MS-SourceResolved-GA,0,35,35,0.5731894969940186,150,True
Random_n40_49,Random,40,MS-SourceResolved-GA,1,40,40,0.12179350852966309,0,True
Random_n40_49,Random,40,MS-SourceResolved-GA,1,40,40,0.35395383834838867,77,True
Random_n40_49,Random,40,MS-SourceResolved-GA,1,40,40,0.31844544410705566,65,True
Random_n40_49,Random,40,MS-SourceResolved-GA,1,40,40,0.4098515510559082,96,True
Random_n40_50,Random,40,SourceResolved-GA,0,39,39,0.6073908805847168,200,True
Random_n40_50,Random,40,SourceResolved-GA,1,40,40,0.003885030746459961,0,True
Random_n40_50,Random,40,SourceResolved-GA,1,40,40,0.03707575798034668,11,True
Random_n40_50,Random,40,SourceResolved-GA,1,40,40,0.09844160079956055,31,True
Random_n40_50,Random,40,SourceResolved-GA,0,38,38,0.6126787662506104,200,True
Random_n40_50,Random,40,SourceResolved-GA,1,40,40,0.1470775604248047,47,True
Random_n40_50,Random,40,SourceResolved-GA,1,40,40,0.003897428512573242,0,True
Random_n40_50,Random,40,SourceResolved-GA,0,39,39,0.6032764911651611,200,True
Random_n40_50,Random,40,SourceResolved-GA,1,40,40,0.003823995590209961,0,True
Random_n40_50,Random,40,SourceResolved-GA,1,40,40,0.003854990005493164,0,True
Random_n40_50,Random,40,MS-SourceResolved-GA,1,40,40,0.18615341186523438,21,True
Random_n40_50,Random,40,MS-SourceResolved-GA,1,40,40,0.1233971118927002,0,True
Random_n40_50,Random,40,MS-SourceResolved-GA,0,38,38,0.5900285243988037,150,True
Random_n40_50,Random,40,MS-SourceResolved-GA,1,40,40,0.12387800216674805,0,True
Random_n40_50,Random,40,MS-SourceResolved-GA,0,29,29,0.5727431774139404,150,True
Random_n40_50,Random,40,MS-SourceResolved-GA,1,40,40,0.1216132640838623,0,True
Random_n40_50,Random,40,MS-SourceResolved-GA,1,40,40,0.07074451446533203,61,True
Random_n40_50,Random,40,MS-SourceResolved-GA,1,40,40,0.07328033447265625,63,True
Random_n40_50,Random,40,MS-SourceResolved-GA,0,38,38,0.5696558952331543,150,True
Random_n40_50,Random,40,MS-SourceResolved-GA,1,40,40,0.1228797435760498,0,True
Random_n40_51,Random,40,SourceResolved-GA,1,40,40,0.3939352035522461,130,True
Random_n40_51,Random,40,SourceResolved-GA,1,40,40,0.07833433151245117,25,True
Random_n40_51,Random,40,SourceResolved-GA,1,40,40,0.28818750381469727,95,True
Random_n40_51,Random,40,SourceResolved-GA,1,40,40,0.07371783256530762,23,True
Random_n40_51,Random,40,SourceResolved-GA,1,40,40,0.003957986831665039,0,True
Random_n40_51,Random,40,SourceResolved-GA,1,40,40,0.0039560794830322266,0,True
Random_n40_51,Random,40,SourceResolved-GA,1,40,40,0.0038671493530273438,0,True
Random_n40_51,Random,40,SourceResolved-GA,1,40,40,0.003876209259033203,0,True
Random_n40_51,Random,40,SourceResolved-GA,0,40,40,0.597287654876709,200,True
Random_n40_51,Random,40,SourceResolved-GA,1,40,40,0.11237049102783203,34,True
Random_n40_51,Random,40,MS-SourceResolved-GA,1,40,40,0.1229088306427002,0,True
Random_n40_51,Random,40,MS-SourceResolved-GA,1,40,40,0.12209200859069824,0,True
Random_n40_51,Random,40,MS-SourceResolved-GA,1,40,40,0.1223609447479248,0,True
Random_n40_51,Random,40,MS-SourceResolved-GA,1,40,40,0.1217348575592041,0,True
Random_n40_51,Random,40,MS-SourceResolved-GA,1,40,40,0.1552720069885254,11,True
Random_n40_51,Random,40,MS-SourceResolved-GA,1,40,40,0.20233464241027832,27,True
Random_n40_51,Random,40,MS-SourceResolved-GA,1,40,40,0.1594843864440918,12,True
Random_n40_51,Random,40,MS-SourceResolved-GA,1,40,40,0.20727109909057617,28,True
Random_n40_51,Random,40,MS-SourceResolved-GA,1,40,40,0.18608760833740234,21,True
Random_n40_51,Random,40,MS-SourceResolved-GA,1,40,40,0.251725435256958,43,True
Random_n40_52,Random,40,SourceResolved-GA,0,36,36,0.6014583110809326,200,True
Random_n40_52,Random,40,SourceResolved-GA,1,40,40,0.003922700881958008,0,True
Random_n40_52,Random,40,SourceResolved-GA,1,40,40,0.07625913619995117,24,True
Random_n40_52,Random,40,SourceResolved-GA,0,38,38,0.600853443145752,200,True
Random_n40_52,Random,40,SourceResolved-GA,1,40,40,0.10362482070922852,33,True
Random_n40_52,Random,40,SourceResolved-GA,1,40,40,0.1855158805847168,61,True
Random_n40_52,Random,40,SourceResolved-GA,1,40,40,0.09448456764221191,30,True
Random_n40_52,Random,40,SourceResolved-GA,1,40,40,0.0400693416595459,12,True
Random_n40_52,Random,40,SourceResolved-GA,1,40,40,0.061102867126464844,19,True
Random_n40_52,Random,40,SourceResolved-GA,1,40,40,0.0038695335388183594,0,True
Random_n40_52,Random,40,MS-SourceResolved-GA,1,40,40,0.10423994064331055,89,True
Random_n40_52,Random,40,MS-SourceResolved-GA,1,40,40,0.09074139595031738,78,True
Random_n40_52,Random,40,MS-SourceResolved-GA,1,40,40,0.21017050743103027,29,True
Random_n40_52,Random,40,MS-SourceResolved-GA,1,40,40,0.23299932479858398,37,True
Random_n40_52,Random,40,MS-SourceResolved-GA,1,40,40,0.12171673774719238,0,True
Random_n40_52,Random,40,MS-SourceResolved-GA,1,40,40,0.2538619041442871,44,True
Random_n40_52,Random,40,MS-SourceResolved-GA,1,40,40,0.2353532314300537,38,True
Random_n40_52,Random,40,MS-SourceResolved-GA,1,40,40,0.3246331214904785,68,True
Random_n40_52,Random,40,MS-SourceResolved-GA,1,40,40,0.17006635665893555,16,True
Random_n40_52,Random,40,MS-SourceResolved-GA,1,40,40,0.12222480773925781,0,True
Random_n40_17,Random,40,SourceResolved-GA,1,40,40,0.08186841011047363,10,True
Random_n40_17,Random,40,SourceResolved-GA,1,40,40,0.3220479488372803,43,True
Random_n40_17,Random,40,SourceResolved-GA,1,40,40,0.20407676696777344,27,True
Random_n40_17,Random,40,SourceResolved-GA,1,40,40,0.008754491806030273,0,True
Random_n40_17,Random,40,SourceResolved-GA,1,40,40,0.2464597225189209,33,True
Random_n40_17,Random,40,SourceResolved-GA,1,40,40,0.00860452651977539,0,True
Random_n40_17,Random,40,SourceResolved-GA,1,40,40,0.008425235748291016,0,True
Random_n40_17,Random,40,SourceResolved-GA,1,40,40,0.204359769821167,27,True
Random_n40_17,Random,40,SourceResolved-GA,1,40,40,0.4270305633544922,57,True
Random_n40_17,Random,40,SourceResolved-GA,0,39,39,1.4370594024658203,200,True
Random_n40_17,Random,40,MS-SourceResolved-GA,1,40,40,0.6342639923095703,46,True
Random_n40_17,Random,40,MS-SourceResolved-GA,1,40,40,0.4571495056152344,23,True
Random_n40_17,Random,40,MS-SourceResolved-GA,1,40,40,0.2927060127258301,0,True
Random_n40_17,Random,40,MS-SourceResolved-GA,0,37,37,1.3959057331085205,150,True
Random_n40_17,Random,40,MS-SourceResolved-GA,0,38,38,1.3914542198181152,150,True
Random_n40_17,Random,40,MS-SourceResolved-GA,1,40,40,0.29938244819641113,0,True
Random_n40_17,Random,40,MS-SourceResolved-GA,1,40,40,0.29066014289855957,0,True
Random_n40_17,Random,40,MS-SourceResolved-GA,1,40,40,0.2973754405975342,0,True
Random_n40_17,Random,40,MS-SourceResolved-GA,1,40,40,0.30103373527526855,0,True
Random_n40_17,Random,40,MS-SourceResolved-GA,1,40,40,0.6206655502319336,44,True
Random_n40_18,Random,40,SourceResolved-GA,1,40,40,0.008843183517456055,0,True
Random_n40_18,Random,40,SourceResolved-GA,1,40,40,0.008217334747314453,0,True
Random_n40_18,Random,40,SourceResolved-GA,1,40,40,0.2772948741912842,37,True
Random_n40_18,Random,40,SourceResolved-GA,1,40,40,0.3122556209564209,42,True
Random_n40_18,Random,40,SourceResolved-GA,1,40,40,0.008747339248657227,0,True
Random_n40_18,Random,40,SourceResolved-GA,1,40,40,1.0411908626556396,143,True
Random_n40_18,Random,40,SourceResolved-GA,1,40,40,0.12699627876281738,16,True
Random_n40_18,Random,40,SourceResolved-GA,1,40,40,0.853996753692627,116,True
Random_n40_18,Random,40,SourceResolved-GA,1,40,40,0.23119735717773438,31,True
Random_n40_18,Random,40,SourceResolved-GA,1,40,40,0.008605241775512695,0,True
Random_n40_18,Random,40,MS-SourceResolved-GA,1,40,40,0.5639417171478271,37,True
Random_n40_18,Random,40,MS-SourceResolved-GA,0,40,40,0.8593454360961914,150,True
Random_n40_18,Random,40,MS-SourceResolved-GA,1,40,40,0.2092888355255127,25,True
Random_n40_18,Random,40,MS-SourceResolved-GA,1,40,40,0.19650673866271973,25,True
Random_n40_18,Random,40,MS-SourceResolved-GA,1,40,40,0.12156939506530762,0,True
Random_n40_18,Random,40,MS-SourceResolved-GA,0,40,40,0.7098617553710938,150,True
Random_n40_18,Random,40,MS-SourceResolved-GA,1,40,40,0.096435546875,67,True
Random_n40_18,Random,40,MS-SourceResolved-GA,1,40,40,0.1528611183166504,0,True
Random_n40_18,Random,40,MS-SourceResolved-GA,1,40,40,0.15072011947631836,0,True
Random_n40_18,Random,40,MS-SourceResolved-GA,1,40,40,0.3255198001861572,47,True
Random_n40_19,Random,40,SourceResolved-GA,0,28,28,0.7281210422515869,200,True
Random_n40_19,Random,40,SourceResolved-GA,1,40,40,0.00477147102355957,0,True
Random_n40_19,Random,40,SourceResolved-GA,1,40,40,0.130173921585083,34,True
Random_n40_19,Random,40,SourceResolved-GA,1,40,40,0.19745445251464844,51,True
Random_n40_19,Random,40,SourceResolved-GA,1,40,40,0.12256050109863281,30,True
Random_n40_19,Random,40,SourceResolved-GA,1,40,40,0.004862785339355469,0,True
Random_n40_19,Random,40,SourceResolved-GA,1,40,40,0.10672998428344727,27,True
Random_n40_19,Random,40,SourceResolved-GA,1,40,40,0.0050144195556640625,0,True
Random_n40_19,Random,40,SourceResolved-GA,1,40,40,0.004682779312133789,0,True
Random_n40_19,Random,40,SourceResolved-GA,1,40,40,0.10969686508178711,28,True
Random_n40_19,Random,40,MS-SourceResolved-GA,1,40,40,0.12152624130249023,84,True
Random_n40_19,Random,40,MS-SourceResolved-GA,1,40,40,0.15351629257202148,0,True
Random_n40_19,Random,40,MS-SourceResolved-GA,1,40,40,0.15337276458740234,0,True
Random_n40_19,Random,40,MS-SourceResolved-GA,1,40,40,0.1513197422027588,0,True
Random_n40_19,Random,40,MS-SourceResolved-GA,1,40,40,0.15106630325317383,0,True
Random_n40_19,Random,40,MS-SourceResolved-GA,1,40,40,0.14922833442687988,0,True
Random_n40_19,Random,40,MS-SourceResolved-GA,1,40,40,0.3638272285461426,57,True
Random_n40_19,Random,40,MS-SourceResolved-GA,1,40,40,0.15214967727661133,0,True
Random_n40_19,Random,40,MS-SourceResolved-GA,1,40,40,0.22824788093566895,19,True
Random_n40_19,Random,40,MS-SourceResolved-GA,1,40,40,0.18221497535705566,8,True
Random_n40_20,Random,40,SourceResolved-GA,1,40,40,0.005161285400390625,0,True
Random_n40_20,Random,40,SourceResolved-GA,1,40,40,0.004790306091308594,0,True
Random_n40_20,Random,40,SourceResolved-GA,1,40,40,0.0048007965087890625,0,True
Random_n40_20,Random,40,SourceResolved-GA,1,40,40,0.1453535556793213,36,True
Random_n40_20,Random,40,SourceResolved-GA,1,40,40,0.12202072143554688,30,True
Random_n40_20,Random,40,SourceResolved-GA,0,37,37,0.7720482349395752,200,True
Random_n40_20,Random,40,SourceResolved-GA,0,40,40,0.7587738037109375,200,True
Random_n40_20,Random,40,SourceResolved-GA,1,40,40,0.11139678955078125,28,True
Random_n40_20,Random,40,SourceResolved-GA,1,40,40,0.004548549652099609,0,True
Random_n40_20,Random,40,SourceResolved-GA,1,40,40,0.004503011703491211,0,True
Random_n40_20,Random,40,MS-SourceResolved-GA,1,40,40,0.6645772457122803,131,True
Random_n40_20,Random,40,MS-SourceResolved-GA,1,40,40,0.30533719062805176,38,True
Random_n40_20,Random,40,MS-SourceResolved-GA,1,40,40,0.15507769584655762,0,True
Random_n40_20,Random,40,MS-SourceResolved-GA,1,40,40,0.15398859977722168,0,True
Random_n40_20,Random,40,MS-SourceResolved-GA,1,40,40,0.1493701934814453,0,True
Random_n40_20,Random,40,MS-SourceResolved-GA,1,40,40,0.2452073097229004,25,True
Random_n40_20,Random,40,MS-SourceResolved-GA,0,40,40,0.7160322666168213,150,True
Random_n40_20,Random,40,MS-SourceResolved-GA,1,40,40,0.2325601577758789,21,True
Random_n40_20,Random,40,MS-SourceResolved-GA,1,40,40,0.2657501697540283,29,True
Random_n40_20,Random,40,MS-SourceResolved-GA,1,40,40,0.277346134185791,33,True
Random_n40_53,Random,40,SourceResolved-GA,1,40,40,0.008302450180053711,0,True
Random_n40_53,Random,40,SourceResolved-GA,0,39,39,0.6076657772064209,200,True
Random_n40_53,Random,40,SourceResolved-GA,1,40,40,0.003778696060180664,0,True
Random_n40_53,Random,40,SourceResolved-GA,1,40,40,0.03697681427001953,11,True
Random_n40_53,Random,40,SourceResolved-GA,1,40,40,0.07656455039978027,24,True
Random_n40_53,Random,40,SourceResolved-GA,1,40,40,0.003802776336669922,0,True
Random_n40_53,Random,40,SourceResolved-GA,1,40,40,0.09542202949523926,30,True
Random_n40_53,Random,40,SourceResolved-GA,1,40,40,0.10583758354187012,34,True
Random_n40_53,Random,40,SourceResolved-GA,1,40,40,0.09076619148254395,23,True
Random_n40_53,Random,40,SourceResolved-GA,0,33,33,0.6495950222015381,200,True
Random_n40_53,Random,40,MS-SourceResolved-GA,1,40,40,0.2338109016418457,37,True
Random_n40_53,Random,40,MS-SourceResolved-GA,1,40,40,0.3114001750946045,63,True
Random_n40_53,Random,40,MS-SourceResolved-GA,1,40,40,0.2521390914916992,43,True
Random_n40_53,Random,40,MS-SourceResolved-GA,1,40,40,0.24636268615722656,41,True
Random_n40_53,Random,40,MS-SourceResolved-GA,0,36,36,0.5736563205718994,150,True
Random_n40_53,Random,40,MS-SourceResolved-GA,0,38,38,0.5752758979797363,150,True
Random_n40_53,Random,40,MS-SourceResolved-GA,1,40,40,0.1210472583770752,0,True
Random_n40_53,Random,40,MS-SourceResolved-GA,1,40,40,0.18753457069396973,22,True
Random_n40_53,Random,40,MS-SourceResolved-GA,0,39,39,0.5740540027618408,150,True
Random_n40_53,Random,40,MS-SourceResolved-GA,0,25,25,0.5732409954071045,150,True
Random_n40_54,Random,40,SourceResolved-GA,1,40,40,0.00395965576171875,0,True
Random_n40_54,Random,40,SourceResolved-GA,1,40,40,0.003923654556274414,0,True
Random_n40_54,Random,40,SourceResolved-GA,1,40,40,0.0072209835052490234,1,True
Random_n40_54,Random,40,SourceResolved-GA,1,40,40,0.00394439697265625,0,True
Random_n40_54,Random,40,SourceResolved-GA,1,40,40,0.003867626190185547,0,True
Random_n40_54,Random,40,SourceResolved-GA,1,40,40,0.13445758819580078,43,True
Random_n40_54,Random,40,SourceResolved-GA,1,40,40,0.04283332824707031,13,True
Random_n40_54,Random,40,SourceResolved-GA,1,40,40,0.003922700881958008,0,True
Random_n40_54,Random,40,SourceResolved-GA,1,40,40,0.0039825439453125,0,True
Random_n40_54,Random,40,SourceResolved-GA,1,40,40,0.0038759708404541016,0,True
Random_n40_54,Random,40,MS-SourceResolved-GA,1,40,40,0.12183690071105957,0,True
Random_n40_54,Random,40,MS-SourceResolved-GA,1,40,40,0.12288665771484375,0,True
Random_n40_54,Random,40,MS-SourceResolved-GA,1,40,40,0.21332597732543945,30,True
Random_n40_54,Random,40,MS-SourceResolved-GA,1,40,40,0.22301030158996582,33,True
Random_n40_54,Random,40,MS-SourceResolved-GA,1,40,40,0.33704233169555664,72,True
Random_n40_54,Random,40,MS-SourceResolved-GA,1,40,40,0.12168216705322266,0,True
Random_n40_54,Random,40,MS-SourceResolved-GA,1,40,40,0.12207937240600586,0,True
Random_n40_54,Random,40,MS-SourceResolved-GA,1,40,40,0.19116806983947754,23,True
Random_n40_54,Random,40,MS-SourceResolved-GA,1,40,40,0.20764732360839844,29,True
Random_n40_54,Random,40,MS-SourceResolved-GA,0,39,39,0.57275390625,150,True
Random_n40_55,Random,40,SourceResolved-GA,1,40,40,0.09164905548095703,29,True
Random_n40_55,Random,40,SourceResolved-GA,0,38,38,0.6042282581329346,200,True
Random_n40_55,Random,40,SourceResolved-GA,1,40,40,0.11856889724731445,38,True
Random_n40_55,Random,40,SourceResolved-GA,1,40,40,0.18139290809631348,59,True
Random_n40_55,Random,40,SourceResolved-GA,1,40,40,0.10001063346862793,32,True
Random_n40_55,Random,40,SourceResolved-GA,1,40,40,0.003880023956298828,0,True
Random_n40_55,Random,40,SourceResolved-GA,1,40,40,0.04307198524475098,13,True
Random_n40_55,Random,40,SourceResolved-GA,1,40,40,0.0038537979125976562,0,True
Random_n40_55,Random,40,SourceResolved-GA,1,40,40,0.040659189224243164,12,True
Random_n40_55,Random,40,SourceResolved-GA,1,40,40,0.003884553909301758,0,True
Random_n40_55,Random,40,MS-SourceResolved-GA,1,40,40,0.12204265594482422,0,True
Random_n40_55,Random,40,MS-SourceResolved-GA,0,35,35,0.5697512626647949,150,True
Random_n40_55,Random,40,MS-SourceResolved-GA,1,40,40,0.22385764122009277,34,True
Random_n40_55,Random,40,MS-SourceResolved-GA,1,40,40,0.18098664283752441,20,True
Random_n40_55,Random,40,MS-SourceResolved-GA,0,34,34,0.5697925090789795,150,True
Random_n40_55,Random,40,MS-SourceResolved-GA,1,40,40,0.164017915725708,14,True
Random_n40_55,Random,40,MS-SourceResolved-GA,1,40,40,0.12147188186645508,0,True
Random_n40_55,Random,40,MS-SourceResolved-GA,1,40,40,0.16614985466003418,15,True
Random_n40_55,Random,40,MS-SourceResolved-GA,1,40,40,0.12130618095397949,0,True
Random_n40_55,Random,40,MS-SourceResolved-GA,1,40,40,0.12282586097717285,0,True
Random_n40_56,Random,40,SourceResolved-GA,1,40,40,0.0038416385650634766,0,True
Random_n40_56,Random,40,SourceResolved-GA,0,38,38,0.603736400604248,200,True
Random_n40_56,Random,40,SourceResolved-GA,1,40,40,0.04897284507751465,15,True
Random_n40_56,Random,40,SourceResolved-GA,1,40,40,0.0038208961486816406,0,True
Random_n40_56,Random,40,SourceResolved-GA,1,40,40,0.0038089752197265625,0,True
Random_n40_56,Random,40,SourceResolved-GA,0,40,40,0.6001617908477783,200,True
Random_n40_56,Random,40,SourceResolved-GA,0,40,40,0.5988621711730957,200,True
Random_n40_56,Random,40,SourceResolved-GA,0,24,24,0.5978085994720459,200,True
Random_n40_56,Random,40,SourceResolved-GA,1,40,40,0.5188305377960205,174,True
Random_n40_56,Random,40,SourceResolved-GA,0,40,40,0.5991630554199219,200,True
Random_n40_56,Random,40,MS-SourceResolved-GA,1,40,40,0.12146449089050293,0,True
Random_n40_56,Random,40,MS-SourceResolved-GA,1,40,40,0.1239776611328125,0,True
Random_n40_56,Random,40,MS-SourceResolved-GA,1,40,40,0.12161684036254883,0,True
Random_n40_56,Random,40,MS-SourceResolved-GA,0,38,38,0.5718753337860107,150,True
Random_n40_56,Random,40,MS-SourceResolved-GA,1,40,40,0.12189531326293945,0,True
Random_n40_56,Random,40,MS-SourceResolved-GA,1,40,40,0.1921391487121582,23,True
Random_n40_56,Random,40,MS-SourceResolved-GA,0,39,39,0.5748357772827148,150,True
Random_n40_56,Random,40,MS-SourceResolved-GA,1,40,40,0.29500675201416016,58,True
Random_n40_56,Random,40,MS-SourceResolved-GA,1,40,40,0.20877957344055176,29,True
Random_n40_56,Random,40,MS-SourceResolved-GA,0,33,33,0.5699074268341064,150,True
Random_n40_45,Random,40,SourceResolved-GA,1,40,40,0.008792638778686523,0,True
Random_n40_45,Random,40,SourceResolved-GA,1,40,40,0.34883546829223633,47,True
Random_n40_45,Random,40,SourceResolved-GA,1,40,40,0.008715152740478516,0,True
Random_n40_45,Random,40,SourceResolved-GA,1,40,40,0.13207554817199707,17,True
Random_n40_45,Random,40,SourceResolved-GA,1,40,40,0.6278138160705566,86,True
Random_n40_45,Random,40,SourceResolved-GA,1,40,40,0.008752822875976562,0,True
Random_n40_45,Random,40,SourceResolved-GA,1,40,40,0.008863687515258789,0,True
Random_n40_45,Random,40,SourceResolved-GA,1,40,40,0.00870370864868164,0,True
Random_n40_45,Random,40,SourceResolved-GA,1,40,40,0.2846980094909668,38,True
Random_n40_45,Random,40,SourceResolved-GA,1,40,40,0.00868368148803711,0,True
Random_n40_45,Random,40,MS-SourceResolved-GA,1,40,40,0.2945427894592285,0,True
Random_n40_45,Random,40,MS-SourceResolved-GA,1,40,40,0.5443437099456787,34,True
Random_n40_45,Random,40,MS-SourceResolved-GA,1,40,40,0.5393290519714355,34,True
Random_n40_45,Random,40,MS-SourceResolved-GA,1,40,40,0.6516578197479248,52,True
Random_n40_45,Random,40,MS-SourceResolved-GA,1,40,40,0.2976083755493164,0,True
Random_n40_45,Random,40,MS-SourceResolved-GA,1,40,40,0.28964900970458984,0,True
Random_n40_45,Random,40,MS-SourceResolved-GA,1,40,40,0.4252912998199463,18,True
Random_n40_45,Random,40,MS-SourceResolved-GA,1,40,40,0.2961616516113281,0,True
Random_n40_45,Random,40,MS-SourceResolved-GA,1,40,40,0.2225499153137207,80,True
Random_n40_45,Random,40,MS-SourceResolved-GA,1,40,40,0.5196304321289062,31,True
Random_n40_46,Random,40,SourceResolved-GA,1,40,40,0.19094586372375488,25,True
Random_n40_46,Random,40,SourceResolved-GA,1,40,40,0.008686542510986328,0,True
Random_n40_46,Random,40,SourceResolved-GA,0,36,36,0.7257676124572754,200,True
Random_n40_46,Random,40,SourceResolved-GA,0,40,40,0.6076774597167969,200,True
Random_n40_46,Random,40,SourceResolved-GA,1,40,40,0.0038881301879882812,0,True
Random_n40_46,Random,40,SourceResolved-GA,0,31,31,0.6021578311920166,200,True
Random_n40_46,Random,40,SourceResolved-GA,1,40,40,0.27974629402160645,91,True
Random_n40_46,Random,40,SourceResolved-GA,1,40,40,0.03184962272644043,9,True
Random_n40_46,Random,40,SourceResolved-GA,1,40,40,0.003991365432739258,0,True
Random_n40_46,Random,40,SourceResolved-GA,1,40,40,0.2185988426208496,69,True
Random_n40_46,Random,40,MS-SourceResolved-GA,1,40,40,0.3110518455505371,62,True
Random_n40_46,Random,40,MS-SourceResolved-GA,1,40,40,0.3577287197113037,78,True
Random_n40_46,Random,40,MS-SourceResolved-GA,1,40,40,0.28205418586730957,20,True
Random_n40_46,Random,40,MS-SourceResolved-GA,1,40,40,0.4287283420562744,85,True
Random_n40_46,Random,40,MS-SourceResolved-GA,1,40,40,0.12253046035766602,0,True
Random_n40_46,Random,40,MS-SourceResolved-GA,1,40,40,0.1059269905090332,90,True
Random_n40_46,Random,40,MS-SourceResolved-GA,1,40,40,0.4872758388519287,50,True
Random_n40_46,Random,40,MS-SourceResolved-GA,1,40,40,0.5439221858978271,37,True
Random_n40_46,Random,40,MS-SourceResolved-GA,1,40,40,0.44171762466430664,23,True
Random_n40_46,Random,40,MS-SourceResolved-GA,0,38,38,1.0697150230407715,150,True
Random_n40_47,Random,40,SourceResolved-GA,1,40,40,0.003864765167236328,0,True
Random_n40_47,Random,40,SourceResolved-GA,0,36,36,0.6011247634887695,200,True
Random_n40_47,Random,40,SourceResolved-GA,0,37,37,0.6634571552276611,200,True
Random_n40_47,Random,40,SourceResolved-GA,1,40,40,0.090728759765625,29,True
Random_n40_47,Random,40,SourceResolved-GA,1,40,40,0.0039386749267578125,0,True
Random_n40_47,Random,40,SourceResolved-GA,1,40,40,0.1940610408782959,64,True
Random_n40_47,Random,40,SourceResolved-GA,1,40,40,0.0037915706634521484,0,True
Random_n40_47,Random,40,SourceResolved-GA,0,39,39,0.5949761867523193,200,True
Random_n40_47,Random,40,SourceResolved-GA,0,26,26,0.5968890190124512,200,True
Random_n40_47,Random,40,SourceResolved-GA,1,40,40,0.003795623779296875,0,True
Random_n40_47,Random,40,MS-SourceResolved-GA,1,40,40,0.12231206893920898,0,True
Random_n40_47,Random,40,MS-SourceResolved-GA,1,40,40,0.12257885932922363,0,True
Random_n40_47,Random,40,MS-SourceResolved-GA,0,39,39,0.5654222965240479,150,True
Random_n40_47,Random,40,MS-SourceResolved-GA,1,40,40,0.31537747383117676,63,True
Random_n40_47,Random,40,MS-SourceResolved-GA,1,40,40,0.28574323654174805,54,True
Random_n40_47,Random,40,MS-SourceResolved-GA,1,40,40,0.12107038497924805,0,True
Random_n40_47,Random,40,MS-SourceResolved-GA,1,40,40,0.12209081649780273,0,True
Random_n40_47,Random,40,MS-SourceResolved-GA,1,40,40,0.14916372299194336,9,True
Random_n40_47,Random,40,MS-SourceResolved-GA,1,40,40,0.24157214164733887,40,True
Random_n40_47,Random,40,MS-SourceResolved-GA,1,40,40,0.1208028793334961,0,True
Random_n40_48,Random,40,SourceResolved-GA,0,22,22,0.6008307933807373,200,True
Random_n40_48,Random,40,SourceResolved-GA,1,40,40,0.07131552696228027,22,True
Random_n40_48,Random,40,SourceResolved-GA,0,37,37,0.6030786037445068,200,True
Random_n40_48,Random,40,SourceResolved-GA,1,40,40,0.10605955123901367,34,True
Random_n40_48,Random,40,SourceResolved-GA,1,40,40,0.03403806686401367,10,True
Random_n40_48,Random,40,SourceResolved-GA,1,40,40,0.0756678581237793,24,True
Random_n40_48,Random,40,SourceResolved-GA,1,40,40,0.04555535316467285,14,True
Random_n40_48,Random,40,SourceResolved-GA,1,40,40,0.15192651748657227,49,True
Random_n40_48,Random,40,SourceResolved-GA,0,40,40,0.5985260009765625,200,True
Random_n40_48,Random,40,SourceResolved-GA,0,39,39,0.6152918338775635,200,True
Random_n40_48,Random,40,MS-SourceResolved-GA,1,40,40,0.18839788436889648,22,True
Random_n40_48,Random,40,MS-SourceResolved-GA,1,40,40,0.12140941619873047,0,True
Random_n40_48,Random,40,MS-SourceResolved-GA,1,40,40,0.49750852584838867,123,True
Random_n40_48,Random,40,MS-SourceResolved-GA,1,40,40,0.1213841438293457,0,True
Random_n40_48,Random,40,MS-SourceResolved-GA,1,40,40,0.19335532188415527,24,True
Random_n40_48,Random,40,MS-SourceResolved-GA,1,40,40,0.1877903938293457,22,True
Random_n40_48,Random,40,MS-SourceResolved-GA,1,40,40,0.1223759651184082,0,True
Random_n40_48,Random,40,MS-SourceResolved-GA,1,40,40,0.2649686336517334,47,True
Random_n40_48,Random,40,MS-SourceResolved-GA,1,40,40,0.12291598320007324,0,True
Random_n40_48,Random,40,MS-SourceResolved-GA,0,39,39,0.571803092956543,150,True
Random_n40_57,Random,40,SourceResolved-GA,0,40,40,0.6082329750061035,200,True
Random_n40_57,Random,40,SourceResolved-GA,0,39,39,0.6021924018859863,200,True
Random_n40_57,Random,40,SourceResolved-GA,1,40,40,0.0037560462951660156,0,True
Random_n40_57,Random,40,SourceResolved-GA,1,40,40,0.03763270378112793,11,True
Random_n40_57,Random,40,SourceResolved-GA,0,35,35,0.6068501472473145,200,True
Random_n40_57,Random,40,SourceResolved-GA,1,40,40,0.09371685981750488,30,True
Random_n40_57,Random,40,SourceResolved-GA,1,40,40,0.0038099288940429688,0,True
Random_n40_57,Random,40,SourceResolved-GA,0,39,39,0.6631908416748047,200,True
Random_n40_57,Random,40,SourceResolved-GA,1,40,40,0.14844107627868652,48,True
Random_n40_57,Random,40,SourceResolved-GA,0,37,37,0.60640549659729,200,True
Random_n40_57,Random,40,MS-SourceResolved-GA,1,40,40,0.3607521057128906,79,True
Random_n40_57,Random,40,MS-SourceResolved-GA,1,40,40,0.26000523567199707,46,True
Random_n40_57,Random,40,MS-SourceResolved-GA,1,40,40,0.12272405624389648,0,True
Random_n40_57,Random,40,MS-SourceResolved-GA,0,39,39,0.571251392364502,150,True
Random_n40_57,Random,40,MS-SourceResolved-GA,1,40,40,0.12299466133117676,0,True
Random_n40_57,Random,40,MS-SourceResolved-GA,1,40,40,0.16347789764404297,14,True
Random_n40_57,Random,40,MS-SourceResolved-GA,0,38,38,0.5796029567718506,150,True
Random_n40_57,Random,40,MS-SourceResolved-GA,0,40,40,0.569329023361206,150,True
Random_n40_57,Random,40,MS-SourceResolved-GA,1,40,40,0.12143230438232422,0,True
Random_n40_57,Random,40,MS-SourceResolved-GA,1,40,40,0.18588566780090332,21,True
Random_n40_58,Random,40,SourceResolved-GA,1,40,40,0.07345461845397949,23,True
Random_n40_58,Random,40,SourceResolved-GA,1,40,40,0.12737250328063965,41,True
Random_n40_58,Random,40,SourceResolved-GA,1,40,40,0.13228416442871094,43,True
Random_n40_58,Random,40,SourceResolved-GA,1,40,40,0.11206650733947754,36,True
Random_n40_58,Random,40,SourceResolved-GA,1,40,40,0.10647988319396973,34,True
Random_n40_58,Random,40,SourceResolved-GA,0,40,40,0.5978665351867676,200,True
Random_n40_58,Random,40,SourceResolved-GA,1,40,40,0.0038084983825683594,0,True
Random_n40_58,Random,40,SourceResolved-GA,1,40,40,0.08215498924255371,26,True
Random_n40_58,Random,40,SourceResolved-GA,1,40,40,0.14353609085083008,47,True
Random_n40_58,Random,40,SourceResolved-GA,0,40,40,0.5997433662414551,200,True
Random_n40_58,Random,40,MS-SourceResolved-GA,1,40,40,0.12144899368286133,0,True
Random_n40_58,Random,40,MS-SourceResolved-GA,0,39,39,0.6321876049041748,150,True
Random_n40_58,Random,40,MS-SourceResolved-GA,1,40,40,0.2645556926727295,48,True
Random_n40_58,Random,40,MS-SourceResolved-GA,1,40,40,0.12275433540344238,0,True
Random_n40_58,Random,40,MS-SourceResolved-GA,1,40,40,0.2728719711303711,51,True
Random_n40_58,Random,40,MS-SourceResolved-GA,1,40,40,0.1931748390197754,23,True
Random_n40_58,Random,40,MS-SourceResolved-GA,1,40,40,0.2611122131347656,46,True
Random_n40_58,Random,40,MS-SourceResolved-GA,0,39,39,0.5730652809143066,150,True
Random_n40_58,Random,40,MS-SourceResolved-GA,1,40,40,0.37840819358825684,86,True
Random_n40_58,Random,40,MS-SourceResolved-GA,1,40,40,0.12173724174499512,0,True
Random_n40_59,Random,40,SourceResolved-GA,0,38,38,0.6004378795623779,200,True
Random_n40_59,Random,40,SourceResolved-GA,1,40,40,0.0875544548034668,28,True
Random_n40_59,Random,40,SourceResolved-GA,1,40,40,0.003794431686401367,0,True
Random_n40_59,Random,40,SourceResolved-GA,1,40,40,0.003803730010986328,0,True
Random_n40_59,Random,40,SourceResolved-GA,1,40,40,0.0037736892700195312,0,True
Random_n40_59,Random,40,SourceResolved-GA,1,40,40,0.17058444023132324,56,True
Random_n40_59,Random,40,SourceResolved-GA,1,40,40,0.003828763961791992,0,True
Random_n40_59,Random,40,SourceResolved-GA,0,39,39,0.5951747894287109,200,True
Random_n40_59,Random,40,SourceResolved-GA,0,40,40,0.5963060855865479,200,True
Random_n40_59,Random,40,SourceResolved-GA,0,33,33,0.6629142761230469,200,True
Random_n40_59,Random,40,MS-SourceResolved-GA,0,40,40,0.5666890144348145,150,True
Random_n40_59,Random,40,MS-SourceResolved-GA,0,38,38,0.5631129741668701,150,True
Random_n40_59,Random,40,MS-SourceResolved-GA,1,40,40,0.12133502960205078,0,True
Random_n40_59,Random,40,MS-SourceResolved-GA,0,32,32,0.5786445140838623,150,True
Random_n40_59,Random,40,MS-SourceResolved-GA,1,40,40,0.18146014213562012,20,True
Random_n40_59,Random,40,MS-SourceResolved-GA,1,40,40,0.2351512908935547,38,True
Random_n40_59,Random,40,MS-SourceResolved-GA,0,35,35,0.5653533935546875,150,True
Random_n40_59,Random,40,MS-SourceResolved-GA,0,39,39,0.5667843818664551,150,True
Random_n40_59,Random,40,MS-SourceResolved-GA,1,40,40,0.12134027481079102,0,True
Random_n40_59,Random,40,MS-SourceResolved-GA,1,40,40,0.2566518783569336,45,True
Random_n40_60,Random,40,SourceResolved-GA,0,39,39,0.6016297340393066,200,True
Random_n40_60,Random,40,SourceResolved-GA,1,40,40,0.21220922470092773,69,True
Random_n40_60,Random,40,SourceResolved-GA,1,40,40,0.003910541534423828,0,True
Random_n40_60,Random,40,SourceResolved-GA,1,40,40,0.09643340110778809,31,True
Random_n40_60,Random,40,SourceResolved-GA,0,38,38,0.6587679386138916,200,True
Random_n40_60,Random,40,SourceResolved-GA,1,40,40,0.0038657188415527344,0,True
Random_n40_60,Random,40,SourceResolved-GA,1,40,40,0.003907203674316406,0,True
Random_n40_60,Random,40,SourceResolved-GA,1,40,40,0.1000211238861084,32,True
Random_n40_60,Random,40,SourceResolved-GA,1,40,40,0.003949880599975586,0,True
Random_n40_60,Random,40,SourceResolved-GA,1,40,40,0.003931522369384766,0,True
Random_n40_60,Random,40,MS-SourceResolved-GA,1,40,40,0.2202284336090088,33,True
Random_n40_60,Random,40,MS-SourceResolved-GA,1,40,40,0.12435150146484375,0,True
Random_n40_60,Random,40,MS-SourceResolved-GA,1,40,40,0.20903754234313965,28,True
Random_n40_60,Random,40,MS-SourceResolved-GA,1,40,40,0.12253093719482422,0,True
Random_n40_60,Random,40,MS-SourceResolved-GA,1,40,40,0.0849764347076416,73,True
Random_n40_60,Random,40,MS-SourceResolved-GA,1,40,40,0.15706944465637207,11,True
Random_n40_60,Random,40,MS-SourceResolved-GA,1,40,40,0.30869555473327637,62,True
Random_n40_60,Random,40,MS-SourceResolved-GA,1,40,40,0.27937817573547363,52,True
Random_n40_60,Random,40,MS-SourceResolved-GA,1,40,40,0.207017183303833,28,True
Random_n40_60,Random,40,MS-SourceResolved-GA,1,40,40,0.12277531623840332,0,True
Random_n40_25,Random,40,SourceResolved-GA,1,40,40,0.2481553554534912,66,True
Random_n40_25,Random,40,SourceResolved-GA,0,39,39,0.8010060787200928,200,True
Random_n40_25,Random,40,SourceResolved-GA,1,40,40,0.2107231616973877,41,True
Random_n40_25,Random,40,SourceResolved-GA,1,40,40,0.18682169914245605,49,True
Random_n40_25,Random,40,SourceResolved-GA,0,39,39,0.8050401210784912,200,True
Random_n40_25,Random,40,SourceResolved-GA,0,32,32,0.8056936264038086,200,True
Random_n40_25,Random,40,SourceResolved-GA,0,37,37,0.7431929111480713,200,True
Random_n40_25,Random,40,SourceResolved-GA,0,39,39,0.8031167984008789,200,True
Random_n40_25,Random,40,SourceResolved-GA,1,40,40,0.0046732425689697266,0,True
Random_n40_25,Random,40,SourceResolved-GA,1,40,40,0.00449824333190918,0,True
Random_n40_25,Random,40,MS-SourceResolved-GA,0,39,39,0.7509233951568604,150,True
Random_n40_25,Random,40,MS-SourceResolved-GA,1,40,40,0.45478105545043945,81,True
Random_n40_25,Random,40,MS-SourceResolved-GA,0,35,35,0.7130234241485596,150,True
Random_n40_25,Random,40,MS-SourceResolved-GA,1,40,40,0.14888596534729004,0,True
Random_n40_25,Random,40,MS-SourceResolved-GA,0,38,38,0.706575870513916,150,True
Random_n40_25,Random,40,MS-SourceResolved-GA,1,40,40,0.3654460906982422,57,True
Random_n40_25,Random,40,MS-SourceResolved-GA,1,40,40,0.27457404136657715,32,True
Random_n40_25,Random,40,MS-SourceResolved-GA,1,40,40,0.1513664722442627,0,True
Random_n40_25,Random,40,MS-SourceResolved-GA,1,40,40,0.4186091423034668,72,True
Random_n40_25,Random,40,MS-SourceResolved-GA,0,39,39,0.7026057243347168,150,True
Random_n40_26,Random,40,SourceResolved-GA,1,40,40,0.13507771492004395,34,True
Random_n40_26,Random,40,SourceResolved-GA,0,39,39,0.7410612106323242,200,True
Random_n40_26,Random,40,SourceResolved-GA,0,40,40,0.8170459270477295,200,True
Random_n40_26,Random,40,SourceResolved-GA,1,40,40,0.23024702072143555,61,True
Random_n40_26,Random,40,SourceResolved-GA,1,40,40,0.004662513732910156,0,True
Random_n40_26,Random,40,SourceResolved-GA,1,40,40,0.004715442657470703,0,True
Random_n40_26,Random,40,SourceResolved-GA,1,40,40,0.14720726013183594,39,True
Random_n40_26,Random,40,SourceResolved-GA,1,40,40,0.004822969436645508,0,True
Random_n40_26,Random,40,SourceResolved-GA,1,40,40,0.03465747833251953,8,True
Random_n40_26,Random,40,SourceResolved-GA,1,40,40,0.0047550201416015625,0,True
Random_n40_26,Random,40,MS-SourceResolved-GA,1,40,40,0.24747729301452637,27,True
Random_n40_26,Random,40,MS-SourceResolved-GA,1,40,40,0.3540358543395996,56,True
Random_n40_26,Random,40,MS-SourceResolved-GA,1,40,40,0.33442020416259766,51,True
Random_n40_26,Random,40,MS-SourceResolved-GA,1,40,40,0.1435396671295166,0,True
Random_n40_26,Random,40,MS-SourceResolved-GA,1,40,40,0.14454245567321777,0,True
Random_n40_26,Random,40,MS-SourceResolved-GA,1,40,40,0.14260077476501465,0,True
Random_n40_26,Random,40,MS-SourceResolved-GA,1,40,40,0.0897674560546875,66,True
Random_n40_26,Random,40,MS-SourceResolved-GA,0,35,35,0.6863362789154053,150,True
Random_n40_26,Random,40,MS-SourceResolved-GA,1,40,40,0.3147134780883789,45,True
Random_n40_26,Random,40,MS-SourceResolved-GA,0,38,38,0.7080748081207275,150,True
Random_n40_27,Random,40,SourceResolved-GA,0,34,34,0.7414848804473877,200,True
Random_n40_27,Random,40,SourceResolved-GA,1,40,40,0.0049173831939697266,0,True
Random_n40_27,Random,40,SourceResolved-GA,1,40,40,0.10608983039855957,27,True
Random_n40_27,Random,40,SourceResolved-GA,1,40,40,0.0049419403076171875,0,True
Random_n40_27,Random,40,SourceResolved-GA,1,40,40,0.07579946517944336,19,True
Random_n40_27,Random,40,SourceResolved-GA,1,40,40,0.12543296813964844,32,True
Random_n40_27,Random,40,SourceResolved-GA,1,40,40,0.09387969970703125,24,True
Random_n40_27,Random,40,SourceResolved-GA,1,40,40,0.0693206787109375,17,True
Random_n40_27,Random,40,SourceResolved-GA,1,40,40,0.6722695827484131,178,True
Random_n40_27,Random,40,SourceResolved-GA,0,40,40,0.7441680431365967,200,True
Random_n40_27,Random,40,MS-SourceResolved-GA,1,40,40,0.14745116233825684,0,True
Random_n40_27,Random,40,MS-SourceResolved-GA,1,40,40,0.34680986404418945,53,True
Random_n40_27,Random,40,MS-SourceResolved-GA,1,40,40,0.15085172653198242,0,True
Random_n40_27,Random,40,MS-SourceResolved-GA,0,38,38,0.7121462821960449,150,True
Random_n40_27,Random,40,MS-SourceResolved-GA,1,40,40,0.37780308723449707,62,True
Random_n40_27,Random,40,MS-SourceResolved-GA,1,40,40,0.14834189414978027,0,True
Random_n40_27,Random,40,MS-SourceResolved-GA,0,40,40,0.7150170803070068,150,True
Random_n40_27,Random,40,MS-SourceResolved-GA,1,40,40,0.23289084434509277,22,True
Random_n40_27,Random,40,MS-SourceResolved-GA,1,40,40,0.15066957473754883,0,True
Random_n40_27,Random,40,MS-SourceResolved-GA,0,39,39,0.7083892822265625,150,True
Random_n40_28,Random,40,SourceResolved-GA,0,38,38,0.7575118541717529,200,True
Random_n40_28,Random,40,SourceResolved-GA,1,40,40,0.004857063293457031,0,True
Random_n40_28,Random,40,SourceResolved-GA,1,40,40,0.004805803298950195,0,True
Random_n40_28,Random,40,SourceResolved-GA,1,40,40,0.1525406837463379,39,True
Random_n40_28,Random,40,SourceResolved-GA,0,39,39,0.7585468292236328,200,True
Random_n40_28,Random,40,SourceResolved-GA,1,40,40,0.08337283134460449,21,True
Random_n40_28,Random,40,SourceResolved-GA,1,40,40,0.004842519760131836,0,True
Random_n40_28,Random,40,SourceResolved-GA,1,40,40,0.14752721786499023,38,True
Random_n40_28,Random,40,SourceResolved-GA,1,40,40,0.1141808032989502,29,True
Random_n40_28,Random,40,SourceResolved-GA,1,40,40,0.005110025405883789,0,True
Random_n40_28,Random,40,MS-SourceResolved-GA,1,40,40,0.4268922805786133,74,True
Random_n40_28,Random,40,MS-SourceResolved-GA,1,40,40,0.34575915336608887,52,True
Random_n40_28,Random,40,MS-SourceResolved-GA,0,37,37,0.723132848739624,150,True
Random_n40_28,Random,40,MS-SourceResolved-GA,1,40,40,0.3516080379486084,51,True
Random_n40_28,Random,40,MS-SourceResolved-GA,1,40,40,0.18446779251098633,8,True
Random_n40_28,Random,40,MS-SourceResolved-GA,0,39,39,0.7124509811401367,150,True
Random_n40_28,Random,40,MS-SourceResolved-GA,1,40,40,0.26486754417419434,30,True
Random_n40_28,Random,40,MS-SourceResolved-GA,0,38,38,0.7133057117462158,150,True
Random_n40_28,Random,40,MS-SourceResolved-GA,1,40,40,0.35524821281433105,52,True
Random_n40_28,Random,40,MS-SourceResolved-GA,1,40,40,0.1536846160888672,0,True
Random_n40_29,Random,40,SourceResolved-GA,0,36,36,0.7970004081726074,200,True
Random_n40_29,Random,40,SourceResolved-GA,1,40,40,0.23322510719299316,60,True
Random_n40_29,Random,40,SourceResolved-GA,1,40,40,0.009106159210205078,0,True
Random_n40_29,Random,40,SourceResolved-GA,1,40,40,0.25231027603149414,54,True
Random_n40_29,Random,40,SourceResolved-GA,1,40,40,0.0044193267822265625,0,True
Random_n40_29,Random,40,SourceResolved-GA,1,40,40,0.038017988204956055,9,True
Random_n40_29,Random,40,SourceResolved-GA,0,34,34,0.8137149810791016,200,True
Random_n40_29,Random,40,SourceResolved-GA,1,40,40,0.0048770904541015625,0,True
Random_n40_29,Random,40,SourceResolved-GA,1,40,40,0.00461578369140625,0,True
Random_n40_29,Random,40,SourceResolved-GA,1,40,40,0.07574748992919922,19,True
Random_n40_29,Random,40,MS-SourceResolved-GA,1,40,40,0.1493217945098877,0,True
Random_n40_29,Random,40,MS-SourceResolved-GA,1,40,40,0.14773011207580566,0,True
Random_n40_29,Random,40,MS-SourceResolved-GA,1,40,40,0.21033310890197754,17,True
Random_n40_29,Random,40,MS-SourceResolved-GA,0,39,39,0.7657997608184814,150,True
Random_n40_29,Random,40,MS-SourceResolved-GA,1,40,40,0.2513582706451416,28,True
Random_n40_29,Random,40,MS-SourceResolved-GA,1,40,40,0.1485428810119629,0,True
Random_n40_29,Random,40,MS-SourceResolved-GA,1,40,40,0.43987274169921875,61,True
Random_n40_29,Random,40,MS-SourceResolved-GA,1,40,40,0.29805779457092285,41,True
Random_n40_29,Random,40,MS-SourceResolved-GA,1,40,40,0.1453101634979248,0,True
Random_n40_29,Random,40,MS-SourceResolved-GA,1,40,40,0.266399621963501,33,True
Random_n40_30,Random,40,SourceResolved-GA,1,40,40,0.16017389297485352,32,True
Random_n40_30,Random,40,SourceResolved-GA,1,40,40,0.009182929992675781,0,True
Random_n40_30,Random,40,SourceResolved-GA,1,40,40,0.1471555233001709,33,True
Random_n40_30,Random,40,SourceResolved-GA,0,40,40,0.7421174049377441,200,True
Random_n40_30,Random,40,SourceResolved-GA,1,40,40,0.004894733428955078,0,True
Random_n40_30,Random,40,SourceResolved-GA,0,39,39,0.7407596111297607,200,True
Random_n40_30,Random,40,SourceResolved-GA,1,40,40,0.12167024612426758,31,True
Random_n40_30,Random,40,SourceResolved-GA,1,40,40,0.27240514755249023,81,True
Random_n40_30,Random,40,SourceResolved-GA,1,40,40,0.003909587860107422,0,True
Random_n40_30,Random,40,SourceResolved-GA,1,40,40,0.24941205978393555,68,True
Random_n40_30,Random,40,MS-SourceResolved-GA,0,40,40,1.0319530963897705,150,True
Random_n40_30,Random,40,MS-SourceResolved-GA,1,40,40,0.8167781829833984,69,True
Random_n40_30,Random,40,MS-SourceResolved-GA,1,40,40,0.5730135440826416,36,True
Random_n40_30,Random,40,MS-SourceResolved-GA,1,40,40,0.31035780906677246,0,True
Random_n40_30,Random,40,MS-SourceResolved-GA,1,40,40,0.3896670341491699,11,True
Random_n40_30,Random,40,MS-SourceResolved-GA,1,40,40,0.5248875617980957,30,True
Random_n40_30,Random,40,MS-SourceResolved-GA,1,40,40,0.40956759452819824,15,True
Random_n40_30,Random,40,MS-SourceResolved-GA,1,40,40,0.294689416885376,0,True
Random_n40_30,Random,40,MS-SourceResolved-GA,0,40,40,1.370884895324707,150,True
Random_n40_30,Random,40,MS-SourceResolved-GA,1,40,40,0.3020007610321045,0,True
Random_n40_31,Random,40,SourceResolved-GA,1,40,40,0.2928009033203125,50,True
Random_n40_31,Random,40,SourceResolved-GA,1,40,40,0.18788504600524902,25,True
Random_n40_31,Random,40,SourceResolved-GA,1,40,40,0.9654431343078613,135,True
Random_n40_31,Random,40,SourceResolved-GA,1,40,40,0.2778170108795166,37,True
Random_n40_31,Random,40,SourceResolved-GA,1,40,40,0.20354127883911133,27,True
Random_n40_31,Random,40,SourceResolved-GA,1,40,40,0.3726937770843506,51,True
Random_n40_31,Random,40,SourceResolved-GA,0,38,38,1.4086329936981201,200,True
Random_n40_31,Random,40,SourceResolved-GA,0,31,31,1.4286770820617676,200,True
Random_n40_31,Random,40,SourceResolved-GA,1,40,40,0.3247380256652832,45,True
Random_n40_31,Random,40,SourceResolved-GA,1,40,40,0.008099079132080078,0,True
Random_n40_31,Random,40,MS-SourceResolved-GA,1,40,40,0.39543819427490234,14,True
Random_n40_31,Random,40,MS-SourceResolved-GA,1,40,40,0.24334335327148438,87,True
Random_n40_31,Random,40,MS-SourceResolved-GA,1,40,40,0.7739746570587158,67,True
Random_n40_31,Random,40,MS-SourceResolved-GA,1,40,40,0.29462599754333496,0,True
Random_n40_31,Random,40,MS-SourceResolved-GA,0,40,40,1.393110752105713,150,True
Random_n40_31,Random,40,MS-SourceResolved-GA,0,39,39,1.3814780712127686,150,True
Random_n40_31,Random,40,MS-SourceResolved-GA,1,40,40,0.48053741455078125,25,True
Random_n40_31,Random,40,MS-SourceResolved-GA,1,40,40,0.29370546340942383,0,True
Random_n40_31,Random,40,MS-SourceResolved-GA,1,40,40,0.8680834770202637,76,True
Random_n40_31,Random,40,MS-SourceResolved-GA,0,39,39,1.3999905586242676,150,True
Random_n40_32,Random,40,SourceResolved-GA,1,40,40,0.2971675395965576,38,True
Random_n40_32,Random,40,SourceResolved-GA,0,39,39,1.4201385974884033,200,True
Random_n40_32,Random,40,SourceResolved-GA,1,40,40,0.12145256996154785,16,True
Random_n40_32,Random,40,SourceResolved-GA,1,40,40,0.008127212524414062,0,True
Random_n40_32,Random,40,SourceResolved-GA,0,38,38,1.405045747756958,200,True
Random_n40_32,Random,40,SourceResolved-GA,1,40,40,0.30957651138305664,43,True
Random_n40_32,Random,40,SourceResolved-GA,1,40,40,0.21353840827941895,29,True
Random_n40_32,Random,40,SourceResolved-GA,0,39,39,1.4154655933380127,200,True
Random_n40_32,Random,40,SourceResolved-GA,0,39,39,1.4255518913269043,200,True
Random_n40_32,Random,40,SourceResolved-GA,0,37,37,1.416644811630249,200,True
Random_n40_32,Random,40,MS-SourceResolved-GA,1,40,40,0.4569556713104248,66,True
Random_n40_32,Random,40,MS-SourceResolved-GA,1,40,40,0.1426703929901123,0,True
Random_n40_32,Random,40,MS-SourceResolved-GA,1,40,40,0.319976806640625,48,True
Random_n40_32,Random,40,MS-SourceResolved-GA,1,40,40,0.14209389686584473,0,True
Random_n40_32,Random,40,MS-SourceResolved-GA,0,37,37,0.6827826499938965,150,True
Random_n40_32,Random,40,MS-SourceResolved-GA,1,40,40,0.11669707298278809,85,True
Random_n40_32,Random,40,MS-SourceResolved-GA,1,40,40,0.2277693748474121,24,True
Random_n40_32,Random,40,MS-SourceResolved-GA,1,40,40,0.4056885242462158,71,True
Random_n40_32,Random,40,MS-SourceResolved-GA,1,40,40,0.4510674476623535,79,True
Random_n40_32,Random,40,MS-SourceResolved-GA,1,40,40,0.14069175720214844,0,True
